donor,model,metric,within_donor_seed_sd
Donor01,scvi_matched,present_class_macro_f1,0.016320282875405687
Donor01,totalvi,present_class_macro_f1,0.009896144239761755
Donor02,scvi_matched,present_class_macro_f1,0.009771263941334487
Donor02,totalvi,present_class_macro_f1,0.011114862171002547
Donor03,scvi_matched,present_class_macro_f1,0.012650465587166768
Donor03,totalvi,present_class_macro_f1,0.006076987462359163
Donor04,scvi_matched,present_class_macro_f1,0.01750923706436905
Donor04,totalvi,present_class_macro_f1,0.004604674035466232
Donor05,scvi_matched,present_class_macro_f1,0.00939032141468614
Donor05,totalvi,present_class_macro_f1,0.012245589069661125
Donor06,scvi_matched,present_class_macro_f1,0.0117392067192733
Donor06,totalvi,present_class_macro_f1,0.011108550590706322
Donor07,scvi_matched,present_class_macro_f1,0.014484752572733664
Donor07,totalvi,present_class_macro_f1,0.008403484434688744
Donor08,scvi_matched,present_class_macro_f1,0.015301052307138437
Donor08,totalvi,present_class_macro_f1,0.008852122937373556
Donor09,scvi_matched,present_class_macro_f1,0.00907095050012668
Donor09,totalvi,present_class_macro_f1,0.006849465798175978
Donor10,scvi_matched,present_class_macro_f1,0.014243457700335683
Donor10,totalvi,present_class_macro_f1,0.00577427689762008
Donor01,scvi_matched,fixed_ontology_macro_f1,0.016320282875405687
Donor01,totalvi,fixed_ontology_macro_f1,0.009896144239761755
Donor02,scvi_matched,fixed_ontology_macro_f1,0.009771263941334487
Donor02,totalvi,fixed_ontology_macro_f1,0.011114862171002547
Donor03,scvi_matched,fixed_ontology_macro_f1,0.012650465587166768
Donor03,totalvi,fixed_ontology_macro_f1,0.006076987462359163
Donor04,scvi_matched,fixed_ontology_macro_f1,0.01750923706436905
Donor04,totalvi,fixed_ontology_macro_f1,0.004604674035466232
Donor05,scvi_matched,fixed_ontology_macro_f1,0.00939032141468614
Donor05,totalvi,fixed_ontology_macro_f1,0.012245589069661125
Donor06,scvi_matched,fixed_ontology_macro_f1,0.0117392067192733
Donor06,totalvi,fixed_ontology_macro_f1,0.011108550590706322
Donor07,scvi_matched,fixed_ontology_macro_f1,0.014484752572733664
Donor07,totalvi,fixed_ontology_macro_f1,0.008403484434688744
Donor08,scvi_matched,fixed_ontology_macro_f1,0.015301052307138437
Donor08,totalvi,fixed_ontology_macro_f1,0.008852122937373556
Donor09,scvi_matched,fixed_ontology_macro_f1,0.00907095050012668
Donor09,totalvi,fixed_ontology_macro_f1,0.006849465798175978
Donor10,scvi_matched,fixed_ontology_macro_f1,0.014243457700335683
Donor10,totalvi,fixed_ontology_macro_f1,0.00577427689762008
Donor01,scvi_matched,accuracy,0.01941522275734778
Donor01,totalvi,accuracy,0.011838147837056775
Donor02,scvi_matched,accuracy,0.008971366312632104
Donor02,totalvi,accuracy,0.011117029536351998
Donor03,scvi_matched,accuracy,0.014058011365781263
Donor03,totalvi,accuracy,0.007697626263822194
Donor04,scvi_matched,accuracy,0.016656754880677513
Donor04,totalvi,accuracy,0.007781645981452083
Donor05,scvi_matched,accuracy,0.009839585334463042
Donor05,totalvi,accuracy,0.014108204608078245
Donor06,scvi_matched,accuracy,0.0137466345210626
Donor06,totalvi,accuracy,0.008843533616981166
Donor07,scvi_matched,accuracy,0.011361431494484552
Donor07,totalvi,accuracy,0.00973671467623501
Donor08,scvi_matched,accuracy,0.013971498580141177
Donor08,totalvi,accuracy,0.009172560850705641
Donor09,scvi_matched,accuracy,0.0057919489262544975
Donor09,totalvi,accuracy,0.00530703654315885
Donor10,scvi_matched,accuracy,0.012714028384809171
Donor10,totalvi,accuracy,0.005749595745760694
Donor01,scvi_matched,balanced_accuracy,0.01508585583071713
Donor01,totalvi,balanced_accuracy,0.010033615354382536
Donor02,scvi_matched,balanced_accuracy,0.00954590107213464
Donor02,totalvi,balanced_accuracy,0.011533824853163357
Donor03,scvi_matched,balanced_accuracy,0.013881548160218596
Donor03,totalvi,balanced_accuracy,0.0069452249842783
Donor04,scvi_matched,balanced_accuracy,0.01651712670311613
Donor04,totalvi,balanced_accuracy,0.005031695383169277
Donor05,scvi_matched,balanced_accuracy,0.00865778626680871
Donor05,totalvi,balanced_accuracy,0.012354760207054486
Donor06,scvi_matched,balanced_accuracy,0.01121189655512784
Donor06,totalvi,balanced_accuracy,0.008303911931658371
Donor07,scvi_matched,balanced_accuracy,0.01094726280858829
Donor07,totalvi,balanced_accuracy,0.009874569326475086
Donor08,scvi_matched,balanced_accuracy,0.016650127315277558
Donor08,totalvi,balanced_accuracy,0.009366049515875541
Donor09,scvi_matched,balanced_accuracy,0.009176683724729962
Donor09,totalvi,balanced_accuracy,0.008357927327525265
Donor10,scvi_matched,balanced_accuracy,0.016533152645777167
Donor10,totalvi,balanced_accuracy,0.00710688793079006
Donor01,scvi_matched,predictive_error_auroc,0.024079409672917766
Donor01,totalvi,predictive_error_auroc,0.02142555105377402
Donor02,scvi_matched,predictive_error_auroc,0.01910213501651998
Donor02,totalvi,predictive_error_auroc,0.020722812156247987
Donor03,scvi_matched,predictive_error_auroc,0.013112336861185033
Donor03,totalvi,predictive_error_auroc,0.009857683734783327
Donor04,scvi_matched,predictive_error_auroc,0.013535832201867737
Donor04,totalvi,predictive_error_auroc,0.009654553606186342
Donor05,scvi_matched,predictive_error_auroc,0.01549508232894074
Donor05,totalvi,predictive_error_auroc,0.01639797738706994
Donor06,scvi_matched,predictive_error_auroc,0.027965059259784916
Donor06,totalvi,predictive_error_auroc,0.01090527790023062
Donor07,scvi_matched,predictive_error_auroc,0.019462111069998275
Donor07,totalvi,predictive_error_auroc,0.018185883443960542
Donor08,scvi_matched,predictive_error_auroc,0.014099453209654448
Donor08,totalvi,predictive_error_auroc,0.01659412538614948
Donor09,scvi_matched,predictive_error_auroc,0.012379991640940793
Donor09,totalvi,predictive_error_auroc,0.014996326062752224
Donor10,scvi_matched,predictive_error_auroc,0.009059803812891072
Donor10,totalvi,predictive_error_auroc,0.009687595161653371
Donor01,scvi_matched,predictive_error_auprc,0.06769054163017384
Donor01,totalvi,predictive_error_auprc,0.07083692343986751
Donor02,scvi_matched,predictive_error_auprc,0.050469575748248875
Donor02,totalvi,predictive_error_auprc,0.06356293932891598
Donor03,scvi_matched,predictive_error_auprc,0.06060677705074121
Donor03,totalvi,predictive_error_auprc,0.04642377215124569
Donor04,scvi_matched,predictive_error_auprc,0.04217180534777267
Donor04,totalvi,predictive_error_auprc,0.04809445371202586
Donor05,scvi_matched,predictive_error_auprc,0.025355956370747737
Donor05,totalvi,predictive_error_auprc,0.060143875764167284
Donor06,scvi_matched,predictive_error_auprc,0.0579546649262093
Donor06,totalvi,predictive_error_auprc,0.02883358649381297
Donor07,scvi_matched,predictive_error_auprc,0.03099606165204532
Donor07,totalvi,predictive_error_auprc,0.04378880711335616
Donor08,scvi_matched,predictive_error_auprc,0.029411666999094966
Donor08,totalvi,predictive_error_auprc,0.04212406836156064
Donor09,scvi_matched,predictive_error_auprc,0.044581193013861764
Donor09,totalvi,predictive_error_auprc,0.04453321744172743
Donor10,scvi_matched,predictive_error_auprc,0.032251924240150796
Donor10,totalvi,predictive_error_auprc,0.03647619514696007
Donor01,scvi_matched,latent_error_auroc,0.06612501461926946
Donor01,totalvi,latent_error_auroc,0.04064649120862342
Donor02,scvi_matched,latent_error_auroc,0.09018550410100039
Donor02,totalvi,latent_error_auroc,0.04640845656147612
Donor03,scvi_matched,latent_error_auroc,0.03904937231146151
Donor03,totalvi,latent_error_auroc,0.020091721185062687
Donor04,scvi_matched,latent_error_auroc,0.04062223390500711
Donor04,totalvi,latent_error_auroc,0.021164146077151228
Donor05,scvi_matched,latent_error_auroc,0.06253862056949076
Donor05,totalvi,latent_error_auroc,0.03380132044387616
Donor06,scvi_matched,latent_error_auroc,0.04295339423026494
Donor06,totalvi,latent_error_auroc,0.012926602335804512
Donor07,scvi_matched,latent_error_auroc,0.03207135773528415
Donor07,totalvi,latent_error_auroc,0.02490822434818271
Donor08,scvi_matched,latent_error_auroc,0.03908544758332485
Donor08,totalvi,latent_error_auroc,0.023262618192906113
Donor09,scvi_matched,latent_error_auroc,0.04902971829848782
Donor09,totalvi,latent_error_auroc,0.02409390708564981
Donor10,scvi_matched,latent_error_auroc,0.03608037268508396
Donor10,totalvi,latent_error_auroc,0.020834205767002834
Donor01,scvi_matched,latent_error_auprc,0.05528783607313225
Donor01,totalvi,latent_error_auprc,0.030318864662845276
Donor02,scvi_matched,latent_error_auprc,0.08408192631733817
Donor02,totalvi,latent_error_auprc,0.058467349133326414
Donor03,scvi_matched,latent_error_auprc,0.03154252449417334
Donor03,totalvi,latent_error_auprc,0.022148364848299452
Donor04,scvi_matched,latent_error_auprc,0.03362398764085942
Donor04,totalvi,latent_error_auprc,0.023162794367982457
Donor05,scvi_matched,latent_error_auprc,0.046942995381714536
Donor05,totalvi,latent_error_auprc,0.036333626126448366
Donor06,scvi_matched,latent_error_auprc,0.03790733649214875
Donor06,totalvi,latent_error_auprc,0.017992520002337614
Donor07,scvi_matched,latent_error_auprc,0.03064424599930194
Donor07,totalvi,latent_error_auprc,0.024011014310259562
Donor08,scvi_matched,latent_error_auprc,0.03358330988182758
Donor08,totalvi,latent_error_auprc,0.02672961641044107
Donor09,scvi_matched,latent_error_auprc,0.039097689189243515
Donor09,totalvi,latent_error_auprc,0.02825839717312092
Donor10,scvi_matched,latent_error_auprc,0.033023859525605465
Donor10,totalvi,latent_error_auprc,0.012972517001560623
Donor01,scvi_matched,nll,0.018957979730505597
Donor01,totalvi,nll,0.013689623315429075
Donor02,scvi_matched,nll,0.013836290314654503
Donor02,totalvi,nll,0.013101164698737797
Donor03,scvi_matched,nll,0.019708028184506805
Donor03,totalvi,nll,0.011516637401884033
Donor04,scvi_matched,nll,0.011561284759973327
Donor04,totalvi,nll,0.011393081401750452
Donor05,scvi_matched,nll,0.014425062123632542
Donor05,totalvi,nll,0.019543320250873207
Donor06,scvi_matched,nll,0.01357698236087228
Donor06,totalvi,nll,0.015223030348801096
Donor07,scvi_matched,nll,0.017097308491528008
Donor07,totalvi,nll,0.017018127908201394
Donor08,scvi_matched,nll,0.022182604108982516
Donor08,totalvi,nll,0.011230611297769822
Donor09,scvi_matched,nll,0.010569023929674135
Donor09,totalvi,nll,0.013948441727683579
Donor10,scvi_matched,nll,0.014549381551934366
Donor10,totalvi,nll,0.01317177854013725
Donor01,scvi_matched,brier,0.011253285081040218
Donor01,totalvi,brier,0.00832813436125248
Donor02,scvi_matched,brier,0.006193915384792735
Donor02,totalvi,brier,0.009120612287526943
Donor03,scvi_matched,brier,0.011390709085739187
Donor03,totalvi,brier,0.006266964131477628
Donor04,scvi_matched,brier,0.007787373294135848
Donor04,totalvi,brier,0.006610104995626435
Donor05,scvi_matched,brier,0.009154850526907732
Donor05,totalvi,brier,0.01216630210617491
Donor06,scvi_matched,brier,0.008543880605705156
Donor06,totalvi,brier,0.007432534496331408
Donor07,scvi_matched,brier,0.01043429264559643
Donor07,totalvi,brier,0.009782971108166692
Donor08,scvi_matched,brier,0.012504119543494655
Donor08,totalvi,brier,0.007907151392486067
Donor09,scvi_matched,brier,0.006091418684670034
Donor09,totalvi,brier,0.008451574780677585
Donor10,scvi_matched,brier,0.008800306514637176
Donor10,totalvi,brier,0.004608211836995453
Donor01,scvi_matched,ece_equal_frequency,0.011893846198096464
Donor01,totalvi,ece_equal_frequency,0.012396112219467499
Donor02,scvi_matched,ece_equal_frequency,0.014929430826520523
Donor02,totalvi,ece_equal_frequency,0.008443185267238989
Donor03,scvi_matched,ece_equal_frequency,0.010766329000736761
Donor03,totalvi,ece_equal_frequency,0.004200372616369059
Donor04,scvi_matched,ece_equal_frequency,0.010239333698203375
Donor04,totalvi,ece_equal_frequency,0.0042457614910258665
Donor05,scvi_matched,ece_equal_frequency,0.013589890025054589
Donor05,totalvi,ece_equal_frequency,0.0072955419962903965
Donor06,scvi_matched,ece_equal_frequency,0.008484536687655427
Donor06,totalvi,ece_equal_frequency,0.005263389280387927
Donor07,scvi_matched,ece_equal_frequency,0.006555622285938332
Donor07,totalvi,ece_equal_frequency,0.007142655697991266
Donor08,scvi_matched,ece_equal_frequency,0.007634846454543188
Donor08,totalvi,ece_equal_frequency,0.005311777870378413
Donor09,scvi_matched,ece_equal_frequency,0.00861649001361038
Donor09,totalvi,ece_equal_frequency,0.00832601776638854
Donor10,scvi_matched,ece_equal_frequency,0.014206365943031663
Donor10,totalvi,ece_equal_frequency,0.006668066527057009
Donor01,scvi_matched,ece_equal_width,0.010430077440279009
Donor01,totalvi,ece_equal_width,0.012841455593565806
Donor02,scvi_matched,ece_equal_width,0.011651746010558833
Donor02,totalvi,ece_equal_width,0.00855457510450045
Donor03,scvi_matched,ece_equal_width,0.009655731813493522
Donor03,totalvi,ece_equal_width,0.0064057187931476625
Donor04,scvi_matched,ece_equal_width,0.009975349818307708
Donor04,totalvi,ece_equal_width,0.007180483095010787
Donor05,scvi_matched,ece_equal_width,0.004349320767518056
Donor05,totalvi,ece_equal_width,0.01067195740771047
Donor06,scvi_matched,ece_equal_width,0.009410008487463711
Donor06,totalvi,ece_equal_width,0.006652641918148676
Donor07,scvi_matched,ece_equal_width,0.009986728892400393
Donor07,totalvi,ece_equal_width,0.008610301483148767
Donor08,scvi_matched,ece_equal_width,0.009330882557576744
Donor08,totalvi,ece_equal_width,0.006136545129183412
Donor09,scvi_matched,ece_equal_width,0.007438413261927196
Donor09,totalvi,ece_equal_width,0.005677701415811673
Donor10,scvi_matched,ece_equal_width,0.009209365208300218
Donor10,totalvi,ece_equal_width,0.005259897266661181
Donor01,scvi_matched,full_aurc,0.0067574172654944215
Donor01,totalvi,full_aurc,0.002069336373256416
Donor02,scvi_matched,full_aurc,0.003390306928899903
Donor02,totalvi,full_aurc,0.0023270596400806333
Donor03,scvi_matched,full_aurc,0.005157952086072491
Donor03,totalvi,full_aurc,0.0012000153036650914
Donor04,scvi_matched,full_aurc,0.005379384724283528
Donor04,totalvi,full_aurc,0.0026965857550325673
Donor05,scvi_matched,full_aurc,0.006088093606606594
Donor05,totalvi,full_aurc,0.004657197937237286
Donor06,scvi_matched,full_aurc,0.005992678802543805
Donor06,totalvi,full_aurc,0.002946179980132684
Donor07,scvi_matched,full_aurc,0.008843879881646336
Donor07,totalvi,full_aurc,0.004946528313079264
Donor08,scvi_matched,full_aurc,0.007971736762732183
Donor08,totalvi,full_aurc,0.0031138008404742123
Donor09,scvi_matched,full_aurc,0.003188448104872887
Donor09,totalvi,full_aurc,0.0029052694988191603
Donor10,scvi_matched,full_aurc,0.005165934706792817
Donor10,totalvi,full_aurc,0.0024338711607106095
Donor01,scvi_matched,paurc_0.5_1.0,0.011969948601456799
Donor01,totalvi,paurc_0.5_1.0,0.0032237356095445504
Donor02,scvi_matched,paurc_0.5_1.0,0.006461635606566762
Donor02,totalvi,paurc_0.5_1.0,0.00456297793464175
Donor03,scvi_matched,paurc_0.5_1.0,0.009190255576785385
Donor03,totalvi,paurc_0.5_1.0,0.0023282373865505935
Donor04,scvi_matched,paurc_0.5_1.0,0.010283259820616354
Donor04,totalvi,paurc_0.5_1.0,0.00464343649254122
Donor05,scvi_matched,paurc_0.5_1.0,0.009807100516066779
Donor05,totalvi,paurc_0.5_1.0,0.008401302456672846
Donor06,scvi_matched,paurc_0.5_1.0,0.007757776821172899
Donor06,totalvi,paurc_0.5_1.0,0.004888702132762414
Donor07,scvi_matched,paurc_0.5_1.0,0.013708382450758606
Donor07,totalvi,paurc_0.5_1.0,0.008708294071585803
Donor08,scvi_matched,paurc_0.5_1.0,0.013223675217778046
Donor08,totalvi,paurc_0.5_1.0,0.0059746703957971785
Donor09,scvi_matched,paurc_0.5_1.0,0.005822868227519936
Donor09,totalvi,paurc_0.5_1.0,0.005243168304253982
Donor10,scvi_matched,paurc_0.5_1.0,0.009596661279268132
Donor10,totalvi,paurc_0.5_1.0,0.0036382294681921484
Donor01,scvi_matched,e_aurc,0.004997040010922141
Donor01,totalvi,e_aurc,0.0020610907774956796
Donor02,scvi_matched,e_aurc,0.0037557652901420466
Donor02,totalvi,e_aurc,0.0020562416860260887
Donor03,scvi_matched,e_aurc,0.0027761029543883517
Donor03,totalvi,e_aurc,0.0009415972734027642
Donor04,scvi_matched,e_aurc,0.002466928466618009
Donor04,totalvi,e_aurc,0.001849450697254406
Donor05,scvi_matched,e_aurc,0.005159780852133093
Donor05,totalvi,e_aurc,0.0031413084134874797
Donor06,scvi_matched,e_aurc,0.006926959141981544
Donor06,totalvi,e_aurc,0.0020577798996534295
Donor07,scvi_matched,e_aurc,0.006923925598836132
Donor07,totalvi,e_aurc,0.004229060342190399
Donor08,scvi_matched,e_aurc,0.004980393062470938
Donor08,totalvi,e_aurc,0.0025870059588611336
Donor09,scvi_matched,e_aurc,0.0027908436083256814
Donor09,totalvi,e_aurc,0.0024701629543833724
Donor10,scvi_matched,e_aurc,0.002589668019327852
Donor10,totalvi,e_aurc,0.0019450693656551568
Donor01,scvi_matched,risk_100,0.019415222757347774
Donor01,totalvi,risk_100,0.011838147837056782
Donor02,scvi_matched,risk_100,0.008971366312632113
Donor02,totalvi,risk_100,0.011117029536352008
Donor03,scvi_matched,risk_100,0.014058011365781256
Donor03,totalvi,risk_100,0.007697626263822183
Donor04,scvi_matched,risk_100,0.016656754880677516
Donor04,totalvi,risk_100,0.007781645981452086
Donor05,scvi_matched,risk_100,0.009839585334463012
Donor05,totalvi,risk_100,0.014108204608078257
Donor06,scvi_matched,risk_100,0.013746634521062619
Donor06,totalvi,risk_100,0.00884353361698116
Donor07,scvi_matched,risk_100,0.0113614314944845
Donor07,totalvi,risk_100,0.00973671467623502
Donor08,scvi_matched,risk_100,0.013971498580141186
Donor08,totalvi,risk_100,0.009172560850705641
Donor09,scvi_matched,risk_100,0.005791948926254457
Donor09,totalvi,risk_100,0.005307036543158839
Donor10,scvi_matched,risk_100,0.012714028384809168
Donor10,totalvi,risk_100,0.005749595745760694
Donor01,scvi_matched,risk_50,0.00942671252532316
Donor01,totalvi,risk_50,0.008417490525028104
Donor02,scvi_matched,risk_50,0.009929449347003358
Donor02,totalvi,risk_50,0.008784104611578823
Donor03,scvi_matched,risk_50,0.011098506329842883
Donor03,totalvi,risk_50,0.00593029411943386
Donor04,scvi_matched,risk_50,0.011315482213709678
Donor04,totalvi,risk_50,0.003957071107236171
Donor05,scvi_matched,risk_50,0.007755493318403245
Donor05,totalvi,risk_50,0.0058560697410525745
Donor06,scvi_matched,risk_50,0.015947628650013323
Donor06,totalvi,risk_50,0.00586094196964689
Donor07,scvi_matched,risk_50,0.013835739353952407
Donor07,totalvi,risk_50,0.0101231803729953
Donor08,scvi_matched,risk_50,0.017301487517888705
Donor08,totalvi,risk_50,0.006567554849778566
Donor09,scvi_matched,risk_50,0.00813652771263078
Donor09,totalvi,risk_50,0.007026311079635688
Donor10,scvi_matched,risk_50,0.00745339647511441
Donor10,totalvi,risk_50,0.00512977926649987
Donor01,scvi_matched,error_prevalence,0.019415222757347778
Donor01,totalvi,error_prevalence,0.011838147837056792
Donor02,scvi_matched,error_prevalence,0.008971366312632078
Donor02,totalvi,error_prevalence,0.011117029536352008
Donor03,scvi_matched,error_prevalence,0.014058011365781267
Donor03,totalvi,error_prevalence,0.007697626263822179
Donor04,scvi_matched,error_prevalence,0.016656754880677513
Donor04,totalvi,error_prevalence,0.007781645981452078
Donor05,scvi_matched,error_prevalence,0.009839585334463
Donor05,totalvi,error_prevalence,0.014108204608078259
Donor06,scvi_matched,error_prevalence,0.01374663452106263
Donor06,totalvi,error_prevalence,0.008843533616981147
Donor07,scvi_matched,error_prevalence,0.011361431494484516
Donor07,totalvi,error_prevalence,0.009736714676235013
Donor08,scvi_matched,error_prevalence,0.013971498580141163
Donor08,totalvi,error_prevalence,0.009172560850705648
Donor09,scvi_matched,error_prevalence,0.005791948926254469
Donor09,totalvi,error_prevalence,0.005307036543158834
Donor10,scvi_matched,error_prevalence,0.012714028384809175
Donor10,totalvi,error_prevalence,0.005749595745760695
