condition,direction,subsample_seed,model_seed,model,source_n,target_n,label_level,evaluation_class_set,n_classes,target_coverage,classifier,accuracy,balanced_accuracy,macro_f1,weighted_f1,neighbor_agreement_k15,neighbor_agreement_k30,neighbor_agreement_k50,source_training_epochs,query_adaptation_epochs,source_runtime,query_runtime,gpu_peak_allocated_mb,gpu_peak_reserved_mb,process_peak_rss_mb,source_latent_drift,target_asw,target_knn_purity_15
original_A,pbmc10k_to_pbmc5k,,0,scvi_matched,6855,3994,l2,common,19,0.9702240566037735,logreg,0.8009723488301428,0.665042609902361,0.6785628388409383,0.7934005877604267,0.7006178466524865,0.6810594550795098,0.662260711030082,,,,,,,,,,
original_A,pbmc10k_to_pbmc5k,,0,scvi_matched,6855,3994,l2,common,19,0.9702240566037735,knn15,0.772105742935278,0.615321708708043,0.6150113398910524,0.7538983700765685,,,,,,,,,,,,,
original_A,pbmc10k_to_pbmc5k,,0,scvi_matched,6855,3994,l2,common,19,0.9702240566037735,knn30,0.7681555758128229,0.5963742542244903,0.6038004063371671,0.7458357333630945,,,,,,,,,,,,,
original_A,pbmc10k_to_pbmc5k,,0,totalvi,6855,3994,l2,common,19,0.9702240566037735,logreg,0.8280158006684898,0.679567446360886,0.6770880400607693,0.8080614133096472,0.720672541274182,0.6999797427327055,0.6794773625037982,,,,,,,,,,
original_A,pbmc10k_to_pbmc5k,,0,totalvi,6855,3994,l2,common,19,0.9702240566037735,knn15,0.7833485262838044,0.6317175403374234,0.6191812845062283,0.7573081000858832,,,,,,,,,,,,,
original_A,pbmc10k_to_pbmc5k,,0,totalvi,6855,3994,l2,common,19,0.9702240566037735,knn30,0.7754481920388939,0.6136487703340693,0.6043344371941325,0.7478326505418644,,,,,,,,,,,,,
original_A,pbmc10k_to_pbmc5k,,1,scvi_matched,6855,3994,l2,common,19,0.9702240566037735,logreg,0.7948951686417502,0.6952401310863751,0.6768679456146625,0.7884994768640143,0.7009622201964956,0.6848475640636079,0.6686174415071408,,,,,,,,,,
original_A,pbmc10k_to_pbmc5k,,1,scvi_matched,6855,3994,l2,common,19,0.9702240566037735,knn15,0.7760559100577332,0.6334395300721147,0.6141419177598814,0.7588367538507176,,,,,,,,,,,,,
original_A,pbmc10k_to_pbmc5k,,1,scvi_matched,6855,3994,l2,common,19,0.9702240566037735,knn30,0.7666362807657247,0.6112489064855119,0.5892002556224295,0.7459820095422823,,,,,,,,,,,,,
original_A,pbmc10k_to_pbmc5k,,1,totalvi,6855,3994,l2,common,19,0.9702240566037735,logreg,0.8274080826496506,0.6880467873053926,0.68844322031679,0.8083420355293506,0.7219892636483338,0.7061784665248659,0.6894986326344578,,,,,,,,,,
original_A,pbmc10k_to_pbmc5k,,1,totalvi,6855,3994,l2,common,19,0.9702240566037735,knn15,0.7733211789729566,0.6107097080129961,0.607871085183835,0.7459094102294798,,,,,,,,,,,,,
original_A,pbmc10k_to_pbmc5k,,1,totalvi,6855,3994,l2,common,19,0.9702240566037735,knn30,0.7645092676997873,0.5956225712031875,0.5874058320646961,0.7344483231553138,,,,,,,,,,,,,
original_A,pbmc10k_to_pbmc5k,,2,scvi_matched,6855,3994,l2,common,19,0.9702240566037735,logreg,0.823761774536615,0.7137899319457683,0.7112941926911817,0.8116884345191743,0.7128532360984503,0.6984604476856073,0.6821452446065027,,,,,,,,,,
original_A,pbmc10k_to_pbmc5k,,2,scvi_matched,6855,3994,l2,common,19,0.9702240566037735,knn15,0.7797022181707688,0.6329296461814402,0.6268554466793711,0.7591189146307323,,,,,,,,,,,,,
original_A,pbmc10k_to_pbmc5k,,2,scvi_matched,6855,3994,l2,common,19,0.9702240566037735,knn30,0.7714980249164388,0.6187211578796807,0.6109614805182999,0.7470125186032378,,,,,,,,,,,,,
original_A,pbmc10k_to_pbmc5k,,2,totalvi,6855,3994,l2,common,19,0.9702240566037735,logreg,0.8255849285931328,0.6890564020724074,0.6898733587529157,0.8107785756201317,0.7183834700698876,0.7009520915628482,0.6834639927073838,,,,,,,,,,
original_A,pbmc10k_to_pbmc5k,,2,totalvi,6855,3994,l2,common,19,0.9702240566037735,knn15,0.7727134609541173,0.6158325083690079,0.6036953502057177,0.750250767996981,,,,,,,,,,,,,
original_A,pbmc10k_to_pbmc5k,,2,totalvi,6855,3994,l2,common,19,0.9702240566037735,knn30,0.7620783956244302,0.6001761893303725,0.5854228603901841,0.7368857708648247,,,,,,,,,,,,,
original_A,pbmc10k_to_pbmc5k,,3,scvi_matched,6855,3994,l2,common,19,0.9702240566037735,logreg,0.8164691583105439,0.7247750054320187,0.7161637643685289,0.8109798561247411,0.7112731692494683,0.6963030487187278,0.6794469766028561,,,,,,,,,,
original_A,pbmc10k_to_pbmc5k,,3,scvi_matched,6855,3994,l2,common,19,0.9702240566037735,knn15,0.7891218474627772,0.6438012210234029,0.6302511913171244,0.7682691276557538,,,,,,,,,,,,,
original_A,pbmc10k_to_pbmc5k,,3,scvi_matched,6855,3994,l2,common,19,0.9702240566037735,knn30,0.790945001519295,0.6400015899494257,0.6259471665375935,0.766746291335791,,,,,,,,,,,,,
original_A,pbmc10k_to_pbmc5k,,3,totalvi,6855,3994,l2,common,19,0.9702240566037735,logreg,0.8258887876025525,0.6763106178135743,0.676006376128717,0.8048151669379683,0.7310240048617442,0.7149194773625038,0.6987541780613796,,,,,,,,,,
original_A,pbmc10k_to_pbmc5k,,3,totalvi,6855,3994,l2,common,19,0.9702240566037735,knn15,0.7903372835004557,0.6246606454000451,0.622729598453405,0.7661852254206487,,,,,,,,,,,,,
original_A,pbmc10k_to_pbmc5k,,3,totalvi,6855,3994,l2,common,19,0.9702240566037735,knn30,0.7809176542084473,0.6027426893185014,0.599579275103487,0.7525272384282283,,,,,,,,,,,,,
original_A,pbmc10k_to_pbmc5k,,4,scvi_matched,6855,3994,l2,common,19,0.9702240566037735,logreg,0.8061379519902765,0.7011687580501829,0.6965294803515348,0.8006847927515335,0.7083358654917451,0.6925351970019246,0.6773260407171072,,,,,,,,,,
original_A,pbmc10k_to_pbmc5k,,4,scvi_matched,6855,3994,l2,common,19,0.9702240566037735,knn15,0.7596475235490733,0.6173165252220358,0.5947628501579031,0.7395054285078582,,,,,,,,,,,,,
original_A,pbmc10k_to_pbmc5k,,4,scvi_matched,6855,3994,l2,common,19,0.9702240566037735,knn30,0.7520510483135825,0.5934053711060242,0.5635037855100471,0.7250375201881216,,,,,,,,,,,,,
original_A,pbmc10k_to_pbmc5k,,4,totalvi,6855,3994,l2,common,19,0.9702240566037735,logreg,0.8167730173199635,0.6902810024806211,0.7012510416590229,0.8069951237030988,0.725432999088423,0.7059556365846248,0.6877484047402006,,,,,,,,,,
original_A,pbmc10k_to_pbmc5k,,4,totalvi,6855,3994,l2,common,19,0.9702240566037735,knn15,0.7897295654816165,0.6304953589006692,0.6228782983192174,0.7687709832691384,,,,,,,,,,,,,
original_A,pbmc10k_to_pbmc5k,,4,totalvi,6855,3994,l2,common,19,0.9702240566037735,knn30,0.7769674870859921,0.6107128104812386,0.5992486143078523,0.7526996545126262,,,,,,,,,,,,,
original_A,pbmc10k_to_pbmc5k,,0,scvi_matched,6855,3994,l1,common,8,1.0,logreg,0.9080188679245284,0.8034579835704304,0.8187354356380466,0.8977314630585697,0.838187893081761,0.8254716981132075,0.8126650943396228,,,,,,,,,,
original_A,pbmc10k_to_pbmc5k,,0,scvi_matched,6855,3994,l1,common,8,1.0,knn15,0.8894457547169812,0.7621611442879752,0.7846907351730235,0.8750832549476922,,,,,,,,,,,,,
original_A,pbmc10k_to_pbmc5k,,0,scvi_matched,6855,3994,l1,common,8,1.0,knn30,0.8788325471698113,0.7331084374504377,0.7585897663118891,0.8612653389871266,,,,,,,,,,,,,
original_A,pbmc10k_to_pbmc5k,,0,totalvi,6855,3994,l1,common,8,1.0,logreg,0.9174528301886793,0.8167468482052083,0.8340232483945942,0.9103060337249789,0.8384630503144654,0.8256977201257862,0.8107959905660378,,,,,,,,,,
original_A,pbmc10k_to_pbmc5k,,0,totalvi,6855,3994,l1,common,8,1.0,knn15,0.8891509433962265,0.7720087516422827,0.7827774483707177,0.8771601506663228,,,,,,,,,,,,,
original_A,pbmc10k_to_pbmc5k,,0,totalvi,6855,3994,l1,common,8,1.0,knn30,0.8859080188679245,0.7606888430809445,0.7713555715072677,0.8717600474820343,,,,,,,,,,,,,
original_A,pbmc10k_to_pbmc5k,,1,scvi_matched,6855,3994,l1,common,8,1.0,logreg,0.9041863207547169,0.820786060150365,0.8220476111414841,0.8987916178425484,0.834748427672956,0.8231623427672957,0.8119044811320756,,,,,,,,,,
original_A,pbmc10k_to_pbmc5k,,1,scvi_matched,6855,3994,l1,common,8,1.0,knn15,0.8882665094339622,0.776533984747346,0.7823300598683918,0.8775433582676813,,,,,,,,,,,,,
original_A,pbmc10k_to_pbmc5k,,1,scvi_matched,6855,3994,l1,common,8,1.0,knn30,0.8835495283018868,0.7660844018035953,0.771247328975236,0.8722667237866946,,,,,,,,,,,,,
original_A,pbmc10k_to_pbmc5k,,1,totalvi,6855,3994,l1,common,8,1.0,logreg,0.9174528301886793,0.8201554770154933,0.8415262513683122,0.911209488505876,0.8516116352201258,0.8389052672955974,0.8272995283018867,,,,,,,,,,
original_A,pbmc10k_to_pbmc5k,,1,totalvi,6855,3994,l1,common,8,1.0,knn15,0.8935731132075472,0.759651452647716,0.7853508837016447,0.8768994100677283,,,,,,,,,,,,,
original_A,pbmc10k_to_pbmc5k,,1,totalvi,6855,3994,l1,common,8,1.0,knn30,0.8888561320754716,0.7549965442439617,0.7751898639922157,0.8712339198475282,,,,,,,,,,,,,
original_A,pbmc10k_to_pbmc5k,,2,scvi_matched,6855,3994,l1,common,8,1.0,logreg,0.9086084905660378,0.8103912531950934,0.8191589257953262,0.8995581861812423,0.8472877358490566,0.8368317610062894,0.8245518867924528,,,,,,,,,,
original_A,pbmc10k_to_pbmc5k,,2,scvi_matched,6855,3994,l1,common,8,1.0,knn15,0.8903301886792453,0.7625707437002991,0.7808818511615182,0.874514462302717,,,,,,,,,,,,,
original_A,pbmc10k_to_pbmc5k,,2,scvi_matched,6855,3994,l1,common,8,1.0,knn30,0.8829599056603774,0.7453339713745871,0.7630436451641587,0.8655151474812821,,,,,,,,,,,,,
original_A,pbmc10k_to_pbmc5k,,2,totalvi,6855,3994,l1,common,8,1.0,logreg,0.8985849056603774,0.7980373163005128,0.7983152603704073,0.8914102927859655,0.8477594339622643,0.8353970125786164,0.8224587264150944,,,,,,,,,,
original_A,pbmc10k_to_pbmc5k,,2,totalvi,6855,3994,l1,common,8,1.0,knn15,0.8806014150943396,0.7511420181702723,0.7522825408314642,0.8646188980638342,,,,,,,,,,,,,
original_A,pbmc10k_to_pbmc5k,,2,totalvi,6855,3994,l1,common,8,1.0,knn30,0.8767688679245284,0.7418677864312924,0.7434928688617034,0.8595323136424421,,,,,,,,,,,,,
original_A,pbmc10k_to_pbmc5k,,3,scvi_matched,6855,3994,l1,common,8,1.0,logreg,0.910377358490566,0.815909203077936,0.8220880758999183,0.9023472147156707,0.8407822327044026,0.8302181603773586,0.8194339622641509,,,,,,,,,,
original_A,pbmc10k_to_pbmc5k,,3,scvi_matched,6855,3994,l1,common,8,1.0,knn15,0.8956367924528302,0.7692185932398685,0.7860115419317966,0.879947558226757,,,,,,,,,,,,,
original_A,pbmc10k_to_pbmc5k,,3,scvi_matched,6855,3994,l1,common,8,1.0,knn30,0.8977004716981132,0.7666530410498325,0.7868775572697044,0.8818399617745802,,,,,,,,,,,,,
original_A,pbmc10k_to_pbmc5k,,3,totalvi,6855,3994,l1,common,8,1.0,logreg,0.9174528301886793,0.8153091476693641,0.8311399033645547,0.908874097523598,0.8540094339622643,0.8446933962264151,0.8333372641509434,,,,,,,,,,
original_A,pbmc10k_to_pbmc5k,,3,totalvi,6855,3994,l1,common,8,1.0,knn15,0.8979952830188679,0.7784368964098064,0.7907172347310552,0.8845478022476173,,,,,,,,,,,,,
original_A,pbmc10k_to_pbmc5k,,3,totalvi,6855,3994,l1,common,8,1.0,knn30,0.894752358490566,0.7679176959729257,0.7798806435984453,0.8793016233231568,,,,,,,,,,,,,
original_A,pbmc10k_to_pbmc5k,,4,scvi_matched,6855,3994,l1,common,8,1.0,logreg,0.9065448113207547,0.8167552542482208,0.8207096081313318,0.900138532588641,0.8365762578616351,0.8252260220125787,0.814616745283019,,,,,,,,,,
original_A,pbmc10k_to_pbmc5k,,4,scvi_matched,6855,3994,l1,common,8,1.0,knn15,0.8794221698113207,0.7587945549328915,0.7636352715896859,0.8658940359963543,,,,,,,,,,,,,
original_A,pbmc10k_to_pbmc5k,,4,scvi_matched,6855,3994,l1,common,8,1.0,knn30,0.8732311320754716,0.7417316159539431,0.7440600441482442,0.8562367322508619,,,,,,,,,,,,,
original_A,pbmc10k_to_pbmc5k,,4,totalvi,6855,3994,l1,common,8,1.0,logreg,0.9094929245283019,0.8057186454368142,0.819053780887072,0.901061296997194,0.8554834905660378,0.8423742138364779,0.830064858490566,,,,,,,,,,
original_A,pbmc10k_to_pbmc5k,,4,totalvi,6855,3994,l1,common,8,1.0,knn15,0.8959316037735849,0.7717607273187437,0.7851958807923514,0.8822011633870983,,,,,,,,,,,,,
original_A,pbmc10k_to_pbmc5k,,4,totalvi,6855,3994,l1,common,8,1.0,knn30,0.8867924528301887,0.7559160392857805,0.7660744041837079,0.8717343518619944,,,,,,,,,,,,,
original_B,pbmc5k_to_pbmc10k,,0,scvi_matched,3994,6855,l2,common,19,0.9695181907571289,logreg,0.7844827586206896,0.6628381033946543,0.662025678113387,0.7681884605357249,0.6447261663286004,0.6326121253098941,0.6218728870858689,,,,,,,,,,
original_B,pbmc5k_to_pbmc10k,,0,scvi_matched,3994,6855,l2,common,19,0.9695181907571289,knn15,0.7096010818120352,0.5290315385570604,0.5153608681473439,0.6572836011653489,,,,,,,,,,,,,
original_B,pbmc5k_to_pbmc10k,,0,scvi_matched,3994,6855,l2,common,19,0.9695181907571289,knn30,0.7060513860716701,0.5099742108834364,0.4940956632768256,0.6478760926055912,,,,,,,,,,,,,
original_B,pbmc5k_to_pbmc10k,,0,totalvi,3994,6855,l2,common,19,0.9695181907571289,logreg,0.7854969574036511,0.6367206063927359,0.6254826707757225,0.7638811080934678,0.6574036511156187,0.6489238224025243,0.6380155510480054,,,,,,,,,,
original_B,pbmc5k_to_pbmc10k,,0,totalvi,3994,6855,l2,common,19,0.9695181907571289,knn15,0.7479716024340771,0.5717555069261214,0.5582792699610178,0.7076604055832556,,,,,,,,,,,,,
original_B,pbmc5k_to_pbmc10k,,0,totalvi,3994,6855,l2,common,19,0.9695181907571289,knn30,0.7450980392156863,0.5463589227531086,0.5290511564160494,0.6934357632657885,,,,,,,,,,,,,
original_B,pbmc5k_to_pbmc10k,,1,scvi_matched,3994,6855,l2,common,19,0.9695181907571289,logreg,0.7527045300878973,0.5876555350287429,0.5838947892992402,0.7197635441254356,0.6410975884606717,0.6262902862294343,0.6122751859364435,,,,,,,,,,
original_B,pbmc5k_to_pbmc10k,,1,scvi_matched,3994,6855,l2,common,19,0.9695181907571289,knn15,0.7026707234617985,0.4903121868689945,0.4742520761124291,0.6439362097984427,,,,,,,,,,,,,
original_B,pbmc5k_to_pbmc10k,,1,scvi_matched,3994,6855,l2,common,19,0.9695181907571289,knn30,0.6984448951994591,0.47115786828083356,0.4516222387890539,0.6353777627324488,,,,,,,,,,,,,
original_B,pbmc5k_to_pbmc10k,,1,totalvi,3994,6855,l2,common,19,0.9695181907571289,logreg,0.7266734279918864,0.6347530185551132,0.6253281740195884,0.7326531144039468,0.6894748704079333,0.6706783862970476,0.6530290736984449,,,,,,,,,,
original_B,pbmc5k_to_pbmc10k,,1,totalvi,3994,6855,l2,common,19,0.9695181907571289,knn15,0.785158891142664,0.6012705209115135,0.6067588324297946,0.7595732553254344,,,,,,,,,,,,,
original_B,pbmc5k_to_pbmc10k,,1,totalvi,3994,6855,l2,common,19,0.9695181907571289,knn30,0.7625084516565247,0.5636901120460738,0.564401788951157,0.7235301365781652,,,,,,,,,,,,,
original_B,pbmc5k_to_pbmc10k,,2,scvi_matched,3994,6855,l2,common,19,0.9695181907571289,logreg,0.7799188640973631,0.6313591145707015,0.6201763952852541,0.7516458497511174,0.6476109984223574,0.6359195402298851,0.623025693035835,,,,,,,,,,
original_B,pbmc5k_to_pbmc10k,,2,scvi_matched,3994,6855,l2,common,19,0.9695181907571289,knn15,0.7243069641649763,0.5316911088808501,0.5118043158412181,0.6720745453442362,,,,,,,,,,,,,
original_B,pbmc5k_to_pbmc10k,,2,scvi_matched,3994,6855,l2,common,19,0.9695181907571289,knn30,0.7251521298174443,0.5174846741732427,0.4996770338936118,0.6673982788345085,,,,,,,,,,,,,
original_B,pbmc5k_to_pbmc10k,,2,totalvi,3994,6855,l2,common,19,0.9695181907571289,logreg,0.7993576741041244,0.7172733040363773,0.7008851321720325,0.7995132391858456,0.6689091728645482,0.6534144692359704,0.6381676808654496,,,,,,,,,,
original_B,pbmc5k_to_pbmc10k,,2,totalvi,3994,6855,l2,common,19,0.9695181907571289,knn15,0.756761325219743,0.5843561739239701,0.584948114723527,0.7282844844395789,,,,,,,,,,,,,
original_B,pbmc5k_to_pbmc10k,,2,totalvi,3994,6855,l2,common,19,0.9695181907571289,knn30,0.7523664638269101,0.5580789690451844,0.5506189048820864,0.7060091573523378,,,,,,,,,,,,,
original_B,pbmc5k_to_pbmc10k,,3,scvi_matched,3994,6855,l2,common,19,0.9695181907571289,logreg,0.7592968221771467,0.5923742079102773,0.5851874151882587,0.7270162774471027,0.6465742618886635,0.6315866576515664,0.6145402298850575,,,,,,,,,,
original_B,pbmc5k_to_pbmc10k,,3,scvi_matched,3994,6855,l2,common,19,0.9695181907571289,knn15,0.709263015551048,0.49611418001518043,0.4834828179994002,0.6554932961395941,,,,,,,,,,,,,
original_B,pbmc5k_to_pbmc10k,,3,scvi_matched,3994,6855,l2,common,19,0.9695181907571289,knn30,0.7030087897227857,0.4801179750646961,0.46539513028254104,0.6451212992099878,,,,,,,,,,,,,
original_B,pbmc5k_to_pbmc10k,,3,totalvi,3994,6855,l2,common,19,0.9695181907571289,logreg,0.8231913455037188,0.7013337612998274,0.6908863186422725,0.8148166404241348,0.704676583276989,0.6824599954924498,0.6637964841108858,,,,,,,,,,
original_B,pbmc5k_to_pbmc10k,,3,totalvi,3994,6855,l2,common,19,0.9695181907571289,knn15,0.7826233941852603,0.605995558797124,0.6168035054202703,0.7539493618968318,,,,,,,,,,,,,
original_B,pbmc5k_to_pbmc10k,,3,totalvi,3994,6855,l2,common,19,0.9695181907571289,knn30,0.7554090601757945,0.5526441103995468,0.5560671178789839,0.7138182768142406,,,,,,,,,,,,,
original_B,pbmc5k_to_pbmc10k,,4,scvi_matched,3994,6855,l2,common,19,0.9695181907571289,logreg,0.7518593644354293,0.6122723261383219,0.6043105700464109,0.7236064515517918,0.6418075276087447,0.6282172639170611,0.6155848546315078,,,,,,,,,,
original_B,pbmc5k_to_pbmc10k,,4,scvi_matched,3994,6855,l2,common,19,0.9695181907571289,knn15,0.7043610547667343,0.49916066657337954,0.4875393858901243,0.649799831405979,,,,,,,,,,,,,
original_B,pbmc5k_to_pbmc10k,,4,scvi_matched,3994,6855,l2,common,19,0.9695181907571289,knn30,0.6942190669371197,0.48485532653372,0.4718273721507492,0.633892911153121,,,,,,,,,,,,,
original_B,pbmc5k_to_pbmc10k,,4,totalvi,3994,6855,l2,common,19,0.9695181907571289,logreg,0.8132183908045977,0.6693078957376336,0.6759971701322018,0.7964921068796056,0.6849673202614379,0.6659229208924949,0.6489925625422583,,,,,,,,,,
original_B,pbmc5k_to_pbmc10k,,4,totalvi,3994,6855,l2,common,19,0.9695181907571289,knn15,0.7483096686950642,0.5401345997172536,0.5493920590119836,0.7132967720226177,,,,,,,,,,,,,
original_B,pbmc5k_to_pbmc10k,,4,totalvi,3994,6855,l2,common,19,0.9695181907571289,knn30,0.7308992562542258,0.5087218854291173,0.505684753809202,0.6815933445637627,,,,,,,,,,,,,
original_B,pbmc5k_to_pbmc10k,,0,scvi_matched,3994,6855,l1,common,8,1.0,logreg,0.8656178302196001,0.7643320569898133,0.8027547691537762,0.8505855957075484,0.7690483994318803,0.7613350813940785,0.7542903965912816,,,,,,,,,,
original_B,pbmc5k_to_pbmc10k,,0,scvi_matched,3994,6855,l1,common,8,1.0,knn15,0.8182563094067519,0.7015761819914121,0.7226225913641101,0.7900436970694549,,,,,,,,,,,,,
original_B,pbmc5k_to_pbmc10k,,0,scvi_matched,3994,6855,l1,common,8,1.0,knn30,0.8159619796787938,0.692765857172841,0.7127439649954894,0.784063141162875,,,,,,,,,,,,,
original_B,pbmc5k_to_pbmc10k,,0,totalvi,3994,6855,l1,common,8,1.0,logreg,0.9196984595214683,0.8439783605222605,0.8770161907588205,0.9159628813807615,0.8006992242980444,0.7886102917076369,0.7766535562110782,,,,,,,,,,
original_B,pbmc5k_to_pbmc10k,,0,totalvi,3994,6855,l1,common,8,1.0,knn15,0.8603736479842674,0.7710626481287562,0.8079757379373923,0.8477612431615537,,,,,,,,,,,,,
original_B,pbmc5k_to_pbmc10k,,0,totalvi,3994,6855,l1,common,8,1.0,knn30,0.8582431989511635,0.7520793909756421,0.7974247163380039,0.8421645622480893,,,,,,,,,,,,,
original_B,pbmc5k_to_pbmc10k,,1,scvi_matched,3994,6855,l1,common,8,1.0,logreg,0.8243198951163553,0.6866073842191904,0.70563566585784,0.790047525303899,0.7608215885502022,0.7540041516442698,0.748384136348738,,,,,,,,,,
original_B,pbmc5k_to_pbmc10k,,1,scvi_matched,3994,6855,l1,common,8,1.0,knn15,0.803834808259587,0.6643666504450858,0.6756046340253345,0.7614303234770482,,,,,,,,,,,,,
original_B,pbmc5k_to_pbmc10k,,1,scvi_matched,3994,6855,l1,common,8,1.0,knn30,0.8023598820058997,0.6576101745406779,0.667265965885017,0.7574245668474812,,,,,,,,,,,,,
original_B,pbmc5k_to_pbmc10k,,1,totalvi,3994,6855,l1,common,8,1.0,logreg,0.8592264831202884,0.7739026002362621,0.7850442382306153,0.8536830024703612,0.8147274117775594,0.8015732546705999,0.7881776466732218,,,,,,,,,,
original_B,pbmc5k_to_pbmc10k,,1,totalvi,3994,6855,l1,common,8,1.0,knn15,0.877745001638807,0.7719083777742622,0.8080546986629931,0.8649539123959794,,,,,,,,,,,,,
original_B,pbmc5k_to_pbmc10k,,1,totalvi,3994,6855,l1,common,8,1.0,knn30,0.8641429039659129,0.7436831010430514,0.7829224341623634,0.8471140110677009,,,,,,,,,,,,,
original_B,pbmc5k_to_pbmc10k,,2,scvi_matched,3994,6855,l1,common,8,1.0,logreg,0.8392330383480826,0.7297763468695053,0.755450518696078,0.8151486363779707,0.7617502458210424,0.7519774937179068,0.7425040970173714,,,,,,,,,,
original_B,pbmc5k_to_pbmc10k,,2,scvi_matched,3994,6855,l1,common,8,1.0,knn15,0.8044903310390036,0.6869569777798583,0.6877212438528026,0.7622517266171656,,,,,,,,,,,,,
original_B,pbmc5k_to_pbmc10k,,2,scvi_matched,3994,6855,l1,common,8,1.0,knn30,0.8085873484103573,0.6855799573796706,0.6924577993436203,0.7660221497183464,,,,,,,,,,,,,
original_B,pbmc5k_to_pbmc10k,,2,totalvi,3994,6855,l1,common,8,1.0,logreg,0.8992133726647001,0.8716237099817656,0.8613939328537898,0.9008174617458433,0.7996831639899487,0.7881459630722168,0.7772238610291707,,,,,,,,,,
original_B,pbmc5k_to_pbmc10k,,2,totalvi,3994,6855,l1,common,8,1.0,knn15,0.8498852835136022,0.7601493418172178,0.7903855510880757,0.834391967768043,,,,,,,,,,,,,
original_B,pbmc5k_to_pbmc10k,,2,totalvi,3994,6855,l1,common,8,1.0,knn30,0.8425106522451655,0.735413548601425,0.7724909491442188,0.8206532492210393,,,,,,,,,,,,,
original_B,pbmc5k_to_pbmc10k,,3,scvi_matched,3994,6855,l1,common,8,1.0,logreg,0.8313667649950836,0.7145581232481919,0.7420794941224658,0.8057823196426677,0.7724571178848466,0.7602589314978696,0.7485611274991807,,,,,,,,,,
original_B,pbmc5k_to_pbmc10k,,3,scvi_matched,3994,6855,l1,common,8,1.0,knn15,0.8051458538184202,0.6828286897865435,0.6939715277810805,0.7657144492116472,,,,,,,,,,,,,
original_B,pbmc5k_to_pbmc10k,,3,scvi_matched,3994,6855,l1,common,8,1.0,knn30,0.8041625696492953,0.6777844489445197,0.6895367171778889,0.762917354566325,,,,,,,,,,,,,
original_B,pbmc5k_to_pbmc10k,,3,totalvi,3994,6855,l1,common,8,1.0,logreg,0.9347754834480498,0.8740108084479863,0.8923497465826367,0.9320459848617854,0.8263957172511746,0.8117830219600131,0.7974926253687318,,,,,,,,,,
original_B,pbmc5k_to_pbmc10k,,3,totalvi,3994,6855,l1,common,8,1.0,knn15,0.8757784333005572,0.7799293355958654,0.8211508236963103,0.8631762970118261,,,,,,,,,,,,,
original_B,pbmc5k_to_pbmc10k,,3,totalvi,3994,6855,l1,common,8,1.0,knn30,0.8684038020321206,0.7677390709334567,0.810409580487997,0.8532050315076165,,,,,,,,,,,,,
original_B,pbmc5k_to_pbmc10k,,4,scvi_matched,3994,6855,l1,common,8,1.0,logreg,0.8639790232710587,0.7555050367789224,0.803340194759937,0.8498045492059777,0.7695181907571289,0.7624877089478861,0.75406751884628,,,,,,,,,,
original_B,pbmc5k_to_pbmc10k,,4,scvi_matched,3994,6855,l1,common,8,1.0,knn15,0.8179285480170436,0.6931364635437847,0.7212837545842056,0.7837220052800409,,,,,,,,,,,,,
original_B,pbmc5k_to_pbmc10k,,4,scvi_matched,3994,6855,l1,common,8,1.0,knn30,0.8153064568993773,0.6853259678314766,0.7105649987259285,0.7774754812897742,,,,,,,,,,,,,
original_B,pbmc5k_to_pbmc10k,,4,totalvi,3994,6855,l1,common,8,1.0,logreg,0.9300229432972795,0.8460038265437606,0.8802600041089708,0.9251857767588917,0.8123347536326888,0.8001420299355403,0.7885119632907244,,,,,,,,,,
original_B,pbmc5k_to_pbmc10k,,4,totalvi,3994,6855,l1,common,8,1.0,knn15,0.852015732546706,0.7401630151269655,0.7785861662888811,0.8347685109899836,,,,,,,,,,,,,
original_B,pbmc5k_to_pbmc10k,,4,totalvi,3994,6855,l1,common,8,1.0,knn30,0.845296624057686,0.7262441213995665,0.766070069739786,0.8239386039556658,,,,,,,,,,,,,
size_matched_A,pbmc10k_to_pbmc5k,0.0,0,scvi_matched,3994,3994,l2,common,19,0.9702240566037735,logreg,0.7879064114250988,0.6611941086731822,0.6512479718657496,0.7796887133254845,0.7012458219386205,0.6863668591107058,0.6652749924035248,200.0,200.0,65.14600938799776,53.72145661700051,406.35498046875,420.0,2832.16796875,0.0,0.1265399008989334,0.7195558176100628
size_matched_A,pbmc10k_to_pbmc5k,0.0,0,scvi_matched,3994,3994,l2,common,19,0.9702240566037735,knn15,0.7593436645396536,0.6025368988890389,0.5750568150836282,0.7449853591070724,,,,200.0,200.0,65.14600938799776,53.72145661700051,406.35498046875,420.0,2832.16796875,0.0,,
size_matched_A,pbmc10k_to_pbmc5k,0.0,0,scvi_matched,3994,3994,l2,common,19,0.9702240566037735,knn30,0.7560012154360377,0.5781112539831929,0.548409507631763,0.7350010613018181,,,,200.0,200.0,65.14600938799776,53.72145661700051,406.35498046875,420.0,2832.16796875,0.0,,
size_matched_A,pbmc10k_to_pbmc5k,0.0,0,totalvi,3994,3994,l2,common,19,0.9702240566037735,logreg,0.780309936189608,0.627057698283556,0.6291199038094462,0.7648177519507918,0.7190924744252002,0.7011850501367365,0.6808325736858097,200.0,200.0,98.26710922599887,99.0778437179979,428.06494140625,450.0,2832.16796875,0.016342682763934135,0.10057218372821808,0.7324095911949685
size_matched_A,pbmc10k_to_pbmc5k,0.0,0,totalvi,3994,3994,l2,common,19,0.9702240566037735,knn15,0.7790945001519295,0.6031535480225367,0.5890924281902541,0.75337330272298,,,,200.0,200.0,98.26710922599887,99.0778437179979,428.06494140625,450.0,2832.16796875,0.016342682763934135,,
size_matched_A,pbmc10k_to_pbmc5k,0.0,0,totalvi,3994,3994,l2,common,19,0.9702240566037735,knn30,0.7742327560012154,0.578094299593015,0.5682918139706792,0.7442593677467018,,,,200.0,200.0,98.26710922599887,99.0778437179979,428.06494140625,450.0,2832.16796875,0.016342682763934135,,
size_matched_A,pbmc10k_to_pbmc5k,0.0,0,scvi_matched,3994,3994,l2,per_run_eligible,20,0.9743514150943396,logreg,0.7821482602118003,0.6316778487833339,0.6213208026679086,0.7735143023330544,0.6934140191628846,0.6788401412002016,0.6582208774583964,200.0,200.0,65.14600938799776,53.72145661700051,406.35498046875,420.0,2832.16796875,0.0,,
size_matched_A,pbmc10k_to_pbmc5k,0.0,0,scvi_matched,3994,3994,l2,per_run_eligible,20,0.9743514150943396,knn15,0.7555219364599093,0.5721048282761652,0.5441412105435488,0.7397282693542123,,,,200.0,200.0,65.14600938799776,53.72145661700051,406.35498046875,420.0,2832.16796875,0.0,,
size_matched_A,pbmc10k_to_pbmc5k,0.0,0,scvi_matched,3994,3994,l2,per_run_eligible,20,0.9743514150943396,knn30,0.7524962178517398,0.5490631278876247,0.5191376890055854,0.7305534474135693,,,,200.0,200.0,65.14600938799776,53.72145661700051,406.35498046875,420.0,2832.16796875,0.0,,
size_matched_A,pbmc10k_to_pbmc5k,0.0,0,totalvi,3994,3994,l2,per_run_eligible,20,0.9743514150943396,logreg,0.7767019667170953,0.6036720552836272,0.6058725616835867,0.7602175161209623,0.7126575895108422,0.6950781643973778,0.6749349470499243,200.0,200.0,98.26710922599887,99.0778437179979,428.06494140625,450.0,2832.16796875,0.016342682763934135,,
size_matched_A,pbmc10k_to_pbmc5k,0.0,0,totalvi,3994,3994,l2,per_run_eligible,20,0.9743514150943396,knn15,0.7770045385779123,0.5758614482055895,0.5604527699443496,0.7498970384517191,,,,200.0,200.0,98.26710922599887,99.0778437179979,428.06494140625,450.0,2832.16796875,0.016342682763934135,,
size_matched_A,pbmc10k_to_pbmc5k,0.0,0,totalvi,3994,3994,l2,per_run_eligible,20,0.9743514150943396,knn30,0.7709531013615734,0.5476758231454742,0.5371044476806596,0.7397027092654398,,,,200.0,200.0,98.26710922599887,99.0778437179979,428.06494140625,450.0,2832.16796875,0.016342682763934135,,
size_matched_A,pbmc10k_to_pbmc5k,0.0,0,scvi_matched,3994,3994,l1,common,8,1.0,logreg,0.890625,0.8017653355735803,0.8029517859278875,0.884697095576177,0.8307783018867925,0.8175904088050315,0.8049941037735849,200.0,200.0,65.14600938799776,53.72145661700051,406.35498046875,420.0,2832.16796875,0.0,0.23994863033294678,0.8624213836477987
size_matched_A,pbmc10k_to_pbmc5k,0.0,0,scvi_matched,3994,3994,l1,common,8,1.0,knn15,0.8823702830188679,0.7717855292387172,0.7773572969858027,0.8730388502936968,,,,200.0,200.0,65.14600938799776,53.72145661700051,406.35498046875,420.0,2832.16796875,0.0,,
size_matched_A,pbmc10k_to_pbmc5k,0.0,0,scvi_matched,3994,3994,l1,common,8,1.0,knn30,0.8767688679245284,0.758777291675726,0.7638496957931897,0.8664930097736935,,,,200.0,200.0,65.14600938799776,53.72145661700051,406.35498046875,420.0,2832.16796875,0.0,,
size_matched_A,pbmc10k_to_pbmc5k,0.0,0,totalvi,3994,3994,l1,common,8,1.0,logreg,0.8891509433962265,0.7734513511847491,0.7832078317130797,0.881528747966626,0.8599056603773585,0.8486045597484279,0.8377181603773585,200.0,200.0,98.26710922599887,99.0778437179979,428.06494140625,450.0,2832.16796875,0.016342682763934135,0.23817433416843414,0.8771619496855345
size_matched_A,pbmc10k_to_pbmc5k,0.0,0,totalvi,3994,3994,l1,common,8,1.0,knn15,0.8994693396226415,0.7708326161830132,0.8016946870871315,0.8864076601364437,,,,200.0,200.0,98.26710922599887,99.0778437179979,428.06494140625,450.0,2832.16796875,0.016342682763934135,,
size_matched_A,pbmc10k_to_pbmc5k,0.0,0,totalvi,3994,3994,l1,common,8,1.0,knn30,0.8856132075471698,0.7361557114808321,0.765137877079204,0.867785163421132,,,,200.0,200.0,98.26710922599887,99.0778437179979,428.06494140625,450.0,2832.16796875,0.016342682763934135,,
size_matched_A,pbmc10k_to_pbmc5k,0.0,0,scvi_matched,3994,3994,l1,per_run_eligible,8,1.0,logreg,0.890625,0.8017653355735803,0.8029517859278875,0.884697095576177,0.8307783018867925,0.8175904088050315,0.8049941037735849,200.0,200.0,65.14600938799776,53.72145661700051,406.35498046875,420.0,2832.16796875,0.0,,
size_matched_A,pbmc10k_to_pbmc5k,0.0,0,scvi_matched,3994,3994,l1,per_run_eligible,8,1.0,knn15,0.8823702830188679,0.7717855292387172,0.7773572969858027,0.8730388502936968,,,,200.0,200.0,65.14600938799776,53.72145661700051,406.35498046875,420.0,2832.16796875,0.0,,
size_matched_A,pbmc10k_to_pbmc5k,0.0,0,scvi_matched,3994,3994,l1,per_run_eligible,8,1.0,knn30,0.8767688679245284,0.758777291675726,0.7638496957931897,0.8664930097736935,,,,200.0,200.0,65.14600938799776,53.72145661700051,406.35498046875,420.0,2832.16796875,0.0,,
size_matched_A,pbmc10k_to_pbmc5k,0.0,0,totalvi,3994,3994,l1,per_run_eligible,8,1.0,logreg,0.8891509433962265,0.7734513511847491,0.7832078317130797,0.881528747966626,0.8599056603773585,0.8486045597484279,0.8377181603773585,200.0,200.0,98.26710922599887,99.0778437179979,428.06494140625,450.0,2832.16796875,0.016342682763934135,,
size_matched_A,pbmc10k_to_pbmc5k,0.0,0,totalvi,3994,3994,l1,per_run_eligible,8,1.0,knn15,0.8994693396226415,0.7708326161830132,0.8016946870871315,0.8864076601364437,,,,200.0,200.0,98.26710922599887,99.0778437179979,428.06494140625,450.0,2832.16796875,0.016342682763934135,,
size_matched_A,pbmc10k_to_pbmc5k,0.0,0,totalvi,3994,3994,l1,per_run_eligible,8,1.0,knn30,0.8856132075471698,0.7361557114808321,0.765137877079204,0.867785163421132,,,,200.0,200.0,98.26710922599887,99.0778437179979,428.06494140625,450.0,2832.16796875,0.016342682763934135,,
size_matched_A,pbmc10k_to_pbmc5k,1.0,0,scvi_matched,3994,3994,l2,common,19,0.9702240566037735,logreg,0.7815253722272866,0.6550924801671061,0.6255486985840646,0.7722010419483991,0.7017319963536919,0.6844120328167731,0.664721969006381,200.0,200.0,63.828339552001125,52.155980888997874,406.35498046875,420.0,2835.48828125,0.0,0.12450183928012848,0.7250982704402515
size_matched_A,pbmc10k_to_pbmc5k,1.0,0,scvi_matched,3994,3994,l2,common,19,0.9702240566037735,knn15,0.7560012154360377,0.6021949139266634,0.567755298904838,0.7390074684639991,,,,200.0,200.0,63.828339552001125,52.155980888997874,406.35498046875,420.0,2835.48828125,0.0,,
size_matched_A,pbmc10k_to_pbmc5k,1.0,0,scvi_matched,3994,3994,l2,common,19,0.9702240566037735,knn30,0.7487085992099666,0.5833176899831483,0.5429083025855546,0.727970343304709,,,,200.0,200.0,63.828339552001125,52.155980888997874,406.35498046875,420.0,2835.48828125,0.0,,
size_matched_A,pbmc10k_to_pbmc5k,1.0,0,totalvi,3994,3994,l2,common,19,0.9702240566037735,logreg,0.8097842601033121,0.6684071460198265,0.6444078815914094,0.7886752256417521,0.7067963131773524,0.6836017421249874,0.6603767851716804,200.0,200.0,100.51128013499692,95.96370978800041,428.06494140625,450.0,2835.48828125,0.017328999936580658,0.11258271336555481,0.7312499999999998
size_matched_A,pbmc10k_to_pbmc5k,1.0,0,totalvi,3994,3994,l2,common,19,0.9702240566037735,knn15,0.764813126709207,0.6033081272185828,0.5757654296804675,0.7332612392867333,,,,200.0,200.0,100.51128013499692,95.96370978800041,428.06494140625,450.0,2835.48828125,0.017328999936580658,,
size_matched_A,pbmc10k_to_pbmc5k,1.0,0,totalvi,3994,3994,l2,common,19,0.9702240566037735,knn30,0.7481008811911273,0.5666620016904615,0.5351688720316724,0.7122845915291339,,,,200.0,200.0,100.51128013499692,95.96370978800041,428.06494140625,450.0,2835.48828125,0.017328999936580658,,
size_matched_A,pbmc10k_to_pbmc5k,1.0,0,scvi_matched,3994,3994,l2,per_run_eligible,20,0.9743514150943396,logreg,0.7773071104387292,0.6266268888696529,0.60203241615354,0.7673764570368775,0.6965809379727684,0.6789309127584469,0.6594311649016642,200.0,200.0,63.828339552001125,52.155980888997874,406.35498046875,420.0,2835.48828125,0.0,,
size_matched_A,pbmc10k_to_pbmc5k,1.0,0,scvi_matched,3994,3994,l2,per_run_eligible,20,0.9743514150943396,knn15,0.7543116490166415,0.5727878040247091,0.5388050964322658,0.7362177050138187,,,,200.0,200.0,63.828339552001125,52.155980888997874,406.35498046875,420.0,2835.48828125,0.0,,
size_matched_A,pbmc10k_to_pbmc5k,1.0,0,scvi_matched,3994,3994,l2,per_run_eligible,20,0.9743514150943396,knn30,0.7449319213313161,0.5538666251529389,0.5144441862367979,0.7231033358302458,,,,200.0,200.0,63.828339552001125,52.155980888997874,406.35498046875,420.0,2835.48828125,0.0,,
size_matched_A,pbmc10k_to_pbmc5k,1.0,0,totalvi,3994,3994,l2,per_run_eligible,20,0.9743514150943396,logreg,0.8084720121028744,0.639530988822359,0.615428856056778,0.7867113017605972,0.7017448310640444,0.6786888552697933,0.6554372163388805,200.0,200.0,100.51128013499692,95.96370978800041,428.06494140625,450.0,2835.48828125,0.017328999936580658,,
size_matched_A,pbmc10k_to_pbmc5k,1.0,0,totalvi,3994,3994,l2,per_run_eligible,20,0.9743514150943396,knn15,0.7609682299546142,0.5712535965638683,0.543899767597339,0.7280561065369573,,,,200.0,200.0,100.51128013499692,95.96370978800041,428.06494140625,450.0,2835.48828125,0.017328999936580658,,
size_matched_A,pbmc10k_to_pbmc5k,1.0,0,totalvi,3994,3994,l2,per_run_eligible,20,0.9743514150943396,knn30,0.7449319213313161,0.5381725890809284,0.5074084505182567,0.7080146424870931,,,,200.0,200.0,100.51128013499692,95.96370978800041,428.06494140625,450.0,2835.48828125,0.017328999936580658,,
size_matched_A,pbmc10k_to_pbmc5k,1.0,0,scvi_matched,3994,3994,l1,common,8,1.0,logreg,0.8953419811320755,0.7928724365595453,0.7992317133166493,0.887817621620286,0.8357311320754717,0.8200176886792453,0.8047228773584906,200.0,200.0,63.828339552001125,52.155980888997874,406.35498046875,420.0,2835.48828125,0.0,0.2397039383649826,0.8637775157232704
size_matched_A,pbmc10k_to_pbmc5k,1.0,0,scvi_matched,3994,3994,l1,common,8,1.0,knn15,0.8747051886792453,0.7625853609612021,0.7662264864610868,0.8667400116771793,,,,200.0,200.0,63.828339552001125,52.155980888997874,406.35498046875,420.0,2835.48828125,0.0,,
size_matched_A,pbmc10k_to_pbmc5k,1.0,0,scvi_matched,3994,3994,l1,common,8,1.0,knn30,0.8685141509433962,0.7534742794772791,0.7572745794971947,0.8609660000081716,,,,200.0,200.0,63.828339552001125,52.155980888997874,406.35498046875,420.0,2835.48828125,0.0,,
size_matched_A,pbmc10k_to_pbmc5k,1.0,0,totalvi,3994,3994,l1,common,8,1.0,logreg,0.9083136792452831,0.8076178558012234,0.8208265368284247,0.9017479917072452,0.8379716981132076,0.8187893081761006,0.8013974056603774,200.0,200.0,100.51128013499692,95.96370978800041,428.06494140625,450.0,2835.48828125,0.017328999936580658,0.2381773144006729,0.8717570754716981
size_matched_A,pbmc10k_to_pbmc5k,1.0,0,totalvi,3994,3994,l1,common,8,1.0,knn15,0.8835495283018868,0.7583324456415954,0.7730557539011872,0.8738354501650909,,,,200.0,200.0,100.51128013499692,95.96370978800041,428.06494140625,450.0,2835.48828125,0.017328999936580658,,
size_matched_A,pbmc10k_to_pbmc5k,1.0,0,totalvi,3994,3994,l1,common,8,1.0,knn30,0.8747051886792453,0.7474587053237607,0.7578410198260322,0.8640610785279198,,,,200.0,200.0,100.51128013499692,95.96370978800041,428.06494140625,450.0,2835.48828125,0.017328999936580658,,
size_matched_A,pbmc10k_to_pbmc5k,1.0,0,scvi_matched,3994,3994,l1,per_run_eligible,8,1.0,logreg,0.8953419811320755,0.7928724365595453,0.7992317133166493,0.887817621620286,0.8357311320754717,0.8200176886792453,0.8047228773584906,200.0,200.0,63.828339552001125,52.155980888997874,406.35498046875,420.0,2835.48828125,0.0,,
size_matched_A,pbmc10k_to_pbmc5k,1.0,0,scvi_matched,3994,3994,l1,per_run_eligible,8,1.0,knn15,0.8747051886792453,0.7625853609612021,0.7662264864610868,0.8667400116771793,,,,200.0,200.0,63.828339552001125,52.155980888997874,406.35498046875,420.0,2835.48828125,0.0,,
size_matched_A,pbmc10k_to_pbmc5k,1.0,0,scvi_matched,3994,3994,l1,per_run_eligible,8,1.0,knn30,0.8685141509433962,0.7534742794772791,0.7572745794971947,0.8609660000081716,,,,200.0,200.0,63.828339552001125,52.155980888997874,406.35498046875,420.0,2835.48828125,0.0,,
size_matched_A,pbmc10k_to_pbmc5k,1.0,0,totalvi,3994,3994,l1,per_run_eligible,8,1.0,logreg,0.9083136792452831,0.8076178558012234,0.8208265368284247,0.9017479917072452,0.8379716981132076,0.8187893081761006,0.8013974056603774,200.0,200.0,100.51128013499692,95.96370978800041,428.06494140625,450.0,2835.48828125,0.017328999936580658,,
size_matched_A,pbmc10k_to_pbmc5k,1.0,0,totalvi,3994,3994,l1,per_run_eligible,8,1.0,knn15,0.8835495283018868,0.7583324456415954,0.7730557539011872,0.8738354501650909,,,,200.0,200.0,100.51128013499692,95.96370978800041,428.06494140625,450.0,2835.48828125,0.017328999936580658,,
size_matched_A,pbmc10k_to_pbmc5k,1.0,0,totalvi,3994,3994,l1,per_run_eligible,8,1.0,knn30,0.8747051886792453,0.7474587053237607,0.7578410198260322,0.8640610785279198,,,,200.0,200.0,100.51128013499692,95.96370978800041,428.06494140625,450.0,2835.48828125,0.017328999936580658,,
size_matched_A,pbmc10k_to_pbmc5k,2.0,0,scvi_matched,3994,3994,l2,common,19,0.9702240566037735,logreg,0.7842601033120632,0.6448678074785307,0.6419409045462076,0.7739592960790973,0.7177554947837537,0.7005773321178974,0.6825828015800669,200.0,200.0,65.26615481099725,53.81743649700002,406.35498046875,420.0,2978.90625,0.0,0.14386533200740814,0.7193789308176101
size_matched_A,pbmc10k_to_pbmc5k,2.0,0,scvi_matched,3994,3994,l2,common,19,0.9702240566037735,knn15,0.7681555758128229,0.6065937886421505,0.592388153166512,0.7474003537696013,,,,200.0,200.0,65.26615481099725,53.81743649700002,406.35498046875,420.0,2978.90625,0.0,,
size_matched_A,pbmc10k_to_pbmc5k,2.0,0,scvi_matched,3994,3994,l2,common,19,0.9702240566037735,knn30,0.7563050744454574,0.577306599909544,0.5590678072830093,0.7291511412181129,,,,200.0,200.0,65.26615481099725,53.81743649700002,406.35498046875,420.0,2978.90625,0.0,,
size_matched_A,pbmc10k_to_pbmc5k,2.0,0,totalvi,3994,3994,l2,common,19,0.9702240566037735,logreg,0.8137344272257673,0.6702453090180267,0.6503793191563322,0.792050438402081,0.7006786184543705,0.6834498126202776,0.6644910361592221,200.0,200.0,100.1846469230004,96.7884381349977,428.06494140625,450.0,3258.94140625,0.019789932295680046,0.10501420497894287,0.7315841194968553
size_matched_A,pbmc10k_to_pbmc5k,2.0,0,totalvi,3994,3994,l2,common,19,0.9702240566037735,knn15,0.7681555758128229,0.5917063492612642,0.5638905611875202,0.7367695694804401,,,,200.0,200.0,100.1846469230004,96.7884381349977,428.06494140625,450.0,3258.94140625,0.019789932295680046,,
size_matched_A,pbmc10k_to_pbmc5k,2.0,0,totalvi,3994,3994,l2,common,19,0.9702240566037735,knn30,0.7575205104831358,0.5696581222035513,0.5352151722401771,0.721477435242629,,,,200.0,200.0,100.1846469230004,96.7884381349977,428.06494140625,450.0,3258.94140625,0.019789932295680046,,
size_matched_A,pbmc10k_to_pbmc5k,2.0,0,scvi_matched,3994,3994,l2,per_run_eligible,20,0.9743514150943396,logreg,0.7767019667170953,0.6112418407551563,0.6080094158169087,0.7665996858041659,0.7102571860816943,0.6930711043872921,0.6754493192133131,200.0,200.0,65.26615481099725,53.81743649700002,406.35498046875,420.0,2978.90625,0.0,,
size_matched_A,pbmc10k_to_pbmc5k,2.0,0,scvi_matched,3994,3994,l2,per_run_eligible,20,0.9743514150943396,knn15,0.7655068078668684,0.5765389912769615,0.56101966502968,0.7433625988490277,,,,200.0,200.0,65.26615481099725,53.81743649700002,406.35498046875,420.0,2978.90625,0.0,,
size_matched_A,pbmc10k_to_pbmc5k,2.0,0,scvi_matched,3994,3994,l2,per_run_eligible,20,0.9743514150943396,knn30,0.7534039334341907,0.5485941751128436,0.5302746468841509,0.7249064157669427,,,,200.0,200.0,65.26615481099725,53.81743649700002,406.35498046875,420.0,2978.90625,0.0,,
size_matched_A,pbmc10k_to_pbmc5k,2.0,0,totalvi,3994,3994,l2,per_run_eligible,20,0.9743514150943396,logreg,0.8090771558245083,0.6402813989078899,0.6206033474516222,0.787140982400739,0.693857791225416,0.6769641956631366,0.6579001512859303,200.0,200.0,100.1846469230004,96.7884381349977,428.06494140625,450.0,3258.94140625,0.019789932295680046,,
size_matched_A,pbmc10k_to_pbmc5k,2.0,0,totalvi,3994,3994,l2,per_run_eligible,20,0.9743514150943396,knn15,0.7649016641452345,0.5635307667213864,0.5349291035931915,0.7325984497755863,,,,200.0,200.0,100.1846469230004,96.7884381349977,428.06494140625,450.0,3258.94140625,0.019789932295680046,,
size_matched_A,pbmc10k_to_pbmc5k,2.0,0,totalvi,3994,3994,l2,per_run_eligible,20,0.9743514150943396,knn30,0.7534039334341907,0.5405705297744017,0.5053214844845518,0.7165626483306851,,,,200.0,200.0,100.1846469230004,96.7884381349977,428.06494140625,450.0,3258.94140625,0.019789932295680046,,
size_matched_A,pbmc10k_to_pbmc5k,2.0,0,scvi_matched,3994,3994,l1,common,8,1.0,logreg,0.9065448113207547,0.8075183715384845,0.8145693496366909,0.8971241508171031,0.8530267295597485,0.8408411949685535,0.8279599056603774,200.0,200.0,65.26615481099725,53.81743649700002,406.35498046875,420.0,2978.90625,0.0,0.24987976253032684,0.8634433962264152
size_matched_A,pbmc10k_to_pbmc5k,2.0,0,scvi_matched,3994,3994,l1,common,8,1.0,knn15,0.8862028301886793,0.7615560821854189,0.7736745016997588,0.8736523326150338,,,,200.0,200.0,65.26615481099725,53.81743649700002,406.35498046875,420.0,2978.90625,0.0,,
size_matched_A,pbmc10k_to_pbmc5k,2.0,0,scvi_matched,3994,3994,l1,common,8,1.0,knn30,0.879127358490566,0.7445008344446755,0.7571853194309366,0.8647261933667679,,,,200.0,200.0,65.26615481099725,53.81743649700002,406.35498046875,420.0,2978.90625,0.0,,
size_matched_A,pbmc10k_to_pbmc5k,2.0,0,totalvi,3994,3994,l1,common,8,1.0,logreg,0.9030070754716981,0.8009550467503099,0.78954320403398,0.8872956740486296,0.836497641509434,0.8225825471698113,0.8082606132075472,200.0,200.0,100.1846469230004,96.7884381349977,428.06494140625,450.0,3258.94140625,0.019789932295680046,0.23753497004508972,0.877378144654088
size_matched_A,pbmc10k_to_pbmc5k,2.0,0,totalvi,3994,3994,l1,common,8,1.0,knn15,0.8879716981132075,0.7640679596617901,0.7611863292017269,0.8703522094860741,,,,200.0,200.0,100.1846469230004,96.7884381349977,428.06494140625,450.0,3258.94140625,0.019789932295680046,,
size_matched_A,pbmc10k_to_pbmc5k,2.0,0,totalvi,3994,3994,l1,common,8,1.0,knn30,0.8811910377358491,0.7508381452507573,0.745403350166329,0.8617728275106807,,,,200.0,200.0,100.1846469230004,96.7884381349977,428.06494140625,450.0,3258.94140625,0.019789932295680046,,
size_matched_A,pbmc10k_to_pbmc5k,2.0,0,scvi_matched,3994,3994,l1,per_run_eligible,8,1.0,logreg,0.9065448113207547,0.8075183715384845,0.8145693496366909,0.8971241508171031,0.8530267295597485,0.8408411949685535,0.8279599056603774,200.0,200.0,65.26615481099725,53.81743649700002,406.35498046875,420.0,2978.90625,0.0,,
size_matched_A,pbmc10k_to_pbmc5k,2.0,0,scvi_matched,3994,3994,l1,per_run_eligible,8,1.0,knn15,0.8862028301886793,0.7615560821854189,0.7736745016997588,0.8736523326150338,,,,200.0,200.0,65.26615481099725,53.81743649700002,406.35498046875,420.0,2978.90625,0.0,,
size_matched_A,pbmc10k_to_pbmc5k,2.0,0,scvi_matched,3994,3994,l1,per_run_eligible,8,1.0,knn30,0.879127358490566,0.7445008344446755,0.7571853194309366,0.8647261933667679,,,,200.0,200.0,65.26615481099725,53.81743649700002,406.35498046875,420.0,2978.90625,0.0,,
size_matched_A,pbmc10k_to_pbmc5k,2.0,0,totalvi,3994,3994,l1,per_run_eligible,8,1.0,logreg,0.9030070754716981,0.8009550467503099,0.78954320403398,0.8872956740486296,0.836497641509434,0.8225825471698113,0.8082606132075472,200.0,200.0,100.1846469230004,96.7884381349977,428.06494140625,450.0,3258.94140625,0.019789932295680046,,
size_matched_A,pbmc10k_to_pbmc5k,2.0,0,totalvi,3994,3994,l1,per_run_eligible,8,1.0,knn15,0.8879716981132075,0.7640679596617901,0.7611863292017269,0.8703522094860741,,,,200.0,200.0,100.1846469230004,96.7884381349977,428.06494140625,450.0,3258.94140625,0.019789932295680046,,
size_matched_A,pbmc10k_to_pbmc5k,2.0,0,totalvi,3994,3994,l1,per_run_eligible,8,1.0,knn30,0.8811910377358491,0.7508381452507573,0.745403350166329,0.8617728275106807,,,,200.0,200.0,100.1846469230004,96.7884381349977,428.06494140625,450.0,3258.94140625,0.019789932295680046,,
size_matched_A,pbmc10k_to_pbmc5k,3.0,0,scvi_matched,3994,3994,l2,common,19,0.9702240566037735,logreg,0.7684594348222424,0.6294577084015319,0.6260252815400253,0.7614321337711049,0.6878152537222729,0.6717714980249165,0.6540018231540564,200.0,200.0,65.04328433299816,53.611313880002854,406.35498046875,420.0,3481.84375,0.0,0.1321038156747818,0.715055031446541
size_matched_A,pbmc10k_to_pbmc5k,3.0,0,scvi_matched,3994,3994,l2,common,19,0.9702240566037735,knn15,0.7529626253418414,0.5817127958846493,0.5714225780424067,0.7350376725594288,,,,200.0,200.0,65.04328433299816,53.611313880002854,406.35498046875,420.0,3481.84375,0.0,,
size_matched_A,pbmc10k_to_pbmc5k,3.0,0,scvi_matched,3994,3994,l2,common,19,0.9702240566037735,knn30,0.7547857793983591,0.5701726415066622,0.5605118984645995,0.7304571812389832,,,,200.0,200.0,65.04328433299816,53.611313880002854,406.35498046875,420.0,3481.84375,0.0,,
size_matched_A,pbmc10k_to_pbmc5k,3.0,0,totalvi,3994,3994,l2,common,19,0.9702240566037735,logreg,0.8164691583105439,0.70038590816547,0.6737767629453568,0.8022823068001259,0.7080117492150309,0.6893244201357237,0.666934062594956,200.0,200.0,98.59937662899756,96.88269174900051,428.06494140625,450.0,3730.25,0.017614785581827164,0.11655472964048386,0.73187893081761
size_matched_A,pbmc10k_to_pbmc5k,3.0,0,totalvi,3994,3994,l2,common,19,0.9702240566037735,knn15,0.772105742935278,0.633326740781695,0.6071968242916049,0.7505840721325765,,,,200.0,200.0,98.59937662899756,96.88269174900051,428.06494140625,450.0,3730.25,0.017614785581827164,,
size_matched_A,pbmc10k_to_pbmc5k,3.0,0,totalvi,3994,3994,l2,common,19,0.9702240566037735,knn30,0.7629899726526892,0.5979503059216013,0.5691067644522905,0.7356680405320567,,,,200.0,200.0,98.59937662899756,96.88269174900051,428.06494140625,450.0,3730.25,0.017614785581827164,,
size_matched_A,pbmc10k_to_pbmc5k,3.0,0,scvi_matched,3994,3994,l2,per_run_eligible,20,0.9743514150943396,logreg,0.7615733736762481,0.5990677232558677,0.5917143810615626,0.7541064032637615,0.6838325769036813,0.6673121533030761,0.6494160363086233,200.0,200.0,65.04328433299816,53.611313880002854,406.35498046875,420.0,3481.84375,0.0,,
size_matched_A,pbmc10k_to_pbmc5k,3.0,0,scvi_matched,3994,3994,l2,per_run_eligible,20,0.9743514150943396,knn15,0.7506807866868381,0.5544543464769294,0.5432277682697335,0.7317410241397211,,,,200.0,200.0,65.04328433299816,53.611313880002854,406.35498046875,420.0,3481.84375,0.0,,
size_matched_A,pbmc10k_to_pbmc5k,3.0,0,scvi_matched,3994,3994,l2,per_run_eligible,20,0.9743514150943396,knn30,0.751285930408472,0.5424926742305821,0.5312216095233817,0.7260426704783809,,,,200.0,200.0,65.04328433299816,53.611313880002854,406.35498046875,420.0,3481.84375,0.0,,
size_matched_A,pbmc10k_to_pbmc5k,3.0,0,totalvi,3994,3994,l2,per_run_eligible,20,0.9743514150943396,logreg,0.8139183055975794,0.6670184972082741,0.6400618436090728,0.7979614454710793,0.7027534039334342,0.6840141200201714,0.6615854765506808,200.0,200.0,98.59937662899756,96.88269174900051,428.06494140625,450.0,3730.25,0.017614785581827164,,
size_matched_A,pbmc10k_to_pbmc5k,3.0,0,totalvi,3994,3994,l2,per_run_eligible,20,0.9743514150943396,knn15,0.7682299546142208,0.6009801316337667,0.5747152854983587,0.7455859279668793,,,,200.0,200.0,98.59937662899756,96.88269174900051,428.06494140625,450.0,3730.25,0.017614785581827164,,
size_matched_A,pbmc10k_to_pbmc5k,3.0,0,totalvi,3994,3994,l2,per_run_eligible,20,0.9743514150943396,knn30,0.7597579425113464,0.5680734206920228,0.5395379877134571,0.7312978624145826,,,,200.0,200.0,98.59937662899756,96.88269174900051,428.06494140625,450.0,3730.25,0.017614785581827164,,
size_matched_A,pbmc10k_to_pbmc5k,3.0,0,scvi_matched,3994,3994,l1,common,8,1.0,logreg,0.9056603773584906,0.794909018631921,0.8139571489500766,0.8974582632054992,0.8448309748427673,0.8311517295597484,0.8179658018867925,200.0,200.0,65.04328433299816,53.611313880002854,406.35498046875,420.0,3481.84375,0.0,0.26054835319519043,0.8570558176100629
size_matched_A,pbmc10k_to_pbmc5k,3.0,0,scvi_matched,3994,3994,l1,common,8,1.0,knn15,0.894752358490566,0.7641199577999709,0.7854927752199494,0.8807899250609502,,,,200.0,200.0,65.04328433299816,53.611313880002854,406.35498046875,420.0,3481.84375,0.0,,
size_matched_A,pbmc10k_to_pbmc5k,3.0,0,scvi_matched,3994,3994,l1,common,8,1.0,knn30,0.8909198113207547,0.7537477341454794,0.7768793585336757,0.8757616385556516,,,,200.0,200.0,65.04328433299816,53.611313880002854,406.35498046875,420.0,3481.84375,0.0,,
size_matched_A,pbmc10k_to_pbmc5k,3.0,0,totalvi,3994,3994,l1,common,8,1.0,logreg,0.9186320754716981,0.8272459245471673,0.8419398794839288,0.9133379814240797,0.8516705974842768,0.8372838050314465,0.8210141509433962,200.0,200.0,98.59937662899756,96.88269174900051,428.06494140625,450.0,3730.25,0.017614785581827164,0.233530655503273,0.8783805031446541
size_matched_A,pbmc10k_to_pbmc5k,3.0,0,totalvi,3994,3994,l1,common,8,1.0,knn15,0.8941627358490566,0.7771509252977068,0.796593294224875,0.8873447646153716,,,,200.0,200.0,98.59937662899756,96.88269174900051,428.06494140625,450.0,3730.25,0.017614785581827164,,
size_matched_A,pbmc10k_to_pbmc5k,3.0,0,totalvi,3994,3994,l1,common,8,1.0,knn30,0.8882665094339622,0.7610119520499623,0.7796094456183321,0.8784998135435633,,,,200.0,200.0,98.59937662899756,96.88269174900051,428.06494140625,450.0,3730.25,0.017614785581827164,,
size_matched_A,pbmc10k_to_pbmc5k,3.0,0,scvi_matched,3994,3994,l1,per_run_eligible,8,1.0,logreg,0.9056603773584906,0.794909018631921,0.8139571489500766,0.8974582632054992,0.8448309748427673,0.8311517295597484,0.8179658018867925,200.0,200.0,65.04328433299816,53.611313880002854,406.35498046875,420.0,3481.84375,0.0,,
size_matched_A,pbmc10k_to_pbmc5k,3.0,0,scvi_matched,3994,3994,l1,per_run_eligible,8,1.0,knn15,0.894752358490566,0.7641199577999709,0.7854927752199494,0.8807899250609502,,,,200.0,200.0,65.04328433299816,53.611313880002854,406.35498046875,420.0,3481.84375,0.0,,
size_matched_A,pbmc10k_to_pbmc5k,3.0,0,scvi_matched,3994,3994,l1,per_run_eligible,8,1.0,knn30,0.8909198113207547,0.7537477341454794,0.7768793585336757,0.8757616385556516,,,,200.0,200.0,65.04328433299816,53.611313880002854,406.35498046875,420.0,3481.84375,0.0,,
size_matched_A,pbmc10k_to_pbmc5k,3.0,0,totalvi,3994,3994,l1,per_run_eligible,8,1.0,logreg,0.9186320754716981,0.8272459245471673,0.8419398794839288,0.9133379814240797,0.8516705974842768,0.8372838050314465,0.8210141509433962,200.0,200.0,98.59937662899756,96.88269174900051,428.06494140625,450.0,3730.25,0.017614785581827164,,
size_matched_A,pbmc10k_to_pbmc5k,3.0,0,totalvi,3994,3994,l1,per_run_eligible,8,1.0,knn15,0.8941627358490566,0.7771509252977068,0.796593294224875,0.8873447646153716,,,,200.0,200.0,98.59937662899756,96.88269174900051,428.06494140625,450.0,3730.25,0.017614785581827164,,
size_matched_A,pbmc10k_to_pbmc5k,3.0,0,totalvi,3994,3994,l1,per_run_eligible,8,1.0,knn30,0.8882665094339622,0.7610119520499623,0.7796094456183321,0.8784998135435633,,,,200.0,200.0,98.59937662899756,96.88269174900051,428.06494140625,450.0,3730.25,0.017614785581827164,,
size_matched_A,pbmc10k_to_pbmc5k,4.0,0,scvi_matched,3994,3994,l2,common,19,0.9702240566037735,logreg,0.7690671528410817,0.6463175004896214,0.615875549158021,0.7600270756159454,0.6948242682062189,0.6794591309632332,0.6614038286235188,200.0,200.0,65.0610755810012,54.09942996799873,406.35498046875,420.0,3937.17578125,0.0,0.11981368809938431,0.7281053459119498
size_matched_A,pbmc10k_to_pbmc5k,4.0,0,scvi_matched,3994,3994,l2,common,19,0.9702240566037735,knn15,0.7605591005773321,0.596944330232039,0.5714989889978271,0.7434495603674607,,,,200.0,200.0,65.0610755810012,54.09942996799873,406.35498046875,420.0,3937.17578125,0.0,,
size_matched_A,pbmc10k_to_pbmc5k,4.0,0,scvi_matched,3994,3994,l2,common,19,0.9702240566037735,knn30,0.7453661501063507,0.5614721772515309,0.5368149908525698,0.7236721628295729,,,,200.0,200.0,65.0610755810012,54.09942996799873,406.35498046875,420.0,3937.17578125,0.0,,
size_matched_A,pbmc10k_to_pbmc5k,4.0,0,totalvi,3994,3994,l2,common,19,0.9702240566037735,logreg,0.7951990276511699,0.6279534621446159,0.6147674825227958,0.7736351577662949,0.7089030689759951,0.689648536412438,0.6674810088119112,200.0,200.0,101.77488936300142,97.45240468699922,428.06494140625,450.0,4185.21484375,0.019524281844496727,0.11581359803676605,0.7247051886792453
size_matched_A,pbmc10k_to_pbmc5k,4.0,0,totalvi,3994,3994,l2,common,19,0.9702240566037735,knn15,0.7629899726526892,0.5702556052504838,0.5529004052174155,0.7331907992123007,,,,200.0,200.0,101.77488936300142,97.45240468699922,428.06494140625,450.0,4185.21484375,0.019524281844496727,,
size_matched_A,pbmc10k_to_pbmc5k,4.0,0,totalvi,3994,3994,l2,common,19,0.9702240566037735,knn30,0.7496201762382254,0.5386082989123462,0.5207096397029268,0.7148879154044246,,,,200.0,200.0,101.77488936300142,97.45240468699922,428.06494140625,450.0,4185.21484375,0.019524281844496727,,
size_matched_A,pbmc10k_to_pbmc5k,4.0,0,scvi_matched,3994,3994,l2,per_run_eligible,20,0.9743514150943396,logreg,0.7582450832072617,0.6046521260798807,0.5776880862805374,0.7490098371045728,0.6894402420574887,0.6740292486132125,0.6558850226928895,200.0,200.0,65.0610755810012,54.09942996799873,406.35498046875,420.0,3937.17578125,0.0,,
size_matched_A,pbmc10k_to_pbmc5k,4.0,0,scvi_matched,3994,3994,l2,per_run_eligible,20,0.9743514150943396,knn15,0.756732223903177,0.5659025418549936,0.5406921222914073,0.7386112374995606,,,,200.0,200.0,65.0610755810012,54.09942996799873,406.35498046875,420.0,3937.17578125,0.0,,
size_matched_A,pbmc10k_to_pbmc5k,4.0,0,scvi_matched,3994,3994,l2,per_run_eligible,20,0.9743514150943396,knn30,0.7428139183055976,0.5337250088530096,0.5089744941406502,0.720135910751329,,,,200.0,200.0,65.0610755810012,54.09942996799873,406.35498046875,420.0,3937.17578125,0.0,,
size_matched_A,pbmc10k_to_pbmc5k,4.0,0,totalvi,3994,3994,l2,per_run_eligible,20,0.9743514150943396,logreg,0.7915279878971255,0.6047701699211714,0.5954961687678951,0.76903766077445,0.7002521432173475,0.6815532022188603,0.660338880484115,200.0,200.0,101.77488936300142,97.45240468699922,428.06494140625,450.0,4185.21484375,0.019524281844496727,,
size_matched_A,pbmc10k_to_pbmc5k,4.0,0,totalvi,3994,3994,l2,per_run_eligible,20,0.9743514150943396,knn15,0.7609682299546142,0.5430592864755419,0.5249921123934683,0.7299100849911976,,,,200.0,200.0,101.77488936300142,97.45240468699922,428.06494140625,450.0,4185.21484375,0.019524281844496727,,
size_matched_A,pbmc10k_to_pbmc5k,4.0,0,totalvi,3994,3994,l2,per_run_eligible,20,0.9743514150943396,knn30,0.7473524962178517,0.5121159694965576,0.4942186507713823,0.7113816590348662,,,,200.0,200.0,101.77488936300142,97.45240468699922,428.06494140625,450.0,4185.21484375,0.019524281844496727,,
size_matched_A,pbmc10k_to_pbmc5k,4.0,0,scvi_matched,3994,3994,l1,common,8,1.0,logreg,0.8920990566037735,0.8057227958882218,0.8045735208102973,0.8875747248770222,0.8353183962264151,0.8224351415094339,0.8095754716981132,200.0,200.0,65.0610755810012,54.09942996799873,406.35498046875,420.0,3937.17578125,0.0,0.24043957889080048,0.8597091194968554
size_matched_A,pbmc10k_to_pbmc5k,4.0,0,scvi_matched,3994,3994,l1,common,8,1.0,knn15,0.8735259433962265,0.7545293366234693,0.7614410344584752,0.8629281527103712,,,,200.0,200.0,65.0610755810012,54.09942996799873,406.35498046875,420.0,3937.17578125,0.0,,
size_matched_A,pbmc10k_to_pbmc5k,4.0,0,scvi_matched,3994,3994,l1,common,8,1.0,knn30,0.8691037735849056,0.7401403004744296,0.7448382858488126,0.8557570692962168,,,,200.0,200.0,65.0610755810012,54.09942996799873,406.35498046875,420.0,3937.17578125,0.0,,
size_matched_A,pbmc10k_to_pbmc5k,4.0,0,totalvi,3994,3994,l1,common,8,1.0,logreg,0.875,0.7503297686060431,0.7341730905804355,0.8597888910962801,0.8418238993710693,0.8306702044025157,0.8193808962264152,200.0,200.0,101.77488936300142,97.45240468699922,428.06494140625,450.0,4185.21484375,0.019524281844496727,0.24552464485168457,0.8685338050314465
size_matched_A,pbmc10k_to_pbmc5k,4.0,0,totalvi,3994,3994,l1,common,8,1.0,knn15,0.8800117924528302,0.7439181196284341,0.7469730609825795,0.8610294548542532,,,,200.0,200.0,101.77488936300142,97.45240468699922,428.06494140625,450.0,4185.21484375,0.019524281844496727,,
size_matched_A,pbmc10k_to_pbmc5k,4.0,0,totalvi,3994,3994,l1,common,8,1.0,knn30,0.8732311320754716,0.729285192961859,0.7306697159580832,0.8516781299929319,,,,200.0,200.0,101.77488936300142,97.45240468699922,428.06494140625,450.0,4185.21484375,0.019524281844496727,,
size_matched_A,pbmc10k_to_pbmc5k,4.0,0,scvi_matched,3994,3994,l1,per_run_eligible,8,1.0,logreg,0.8920990566037735,0.8057227958882218,0.8045735208102973,0.8875747248770222,0.8353183962264151,0.8224351415094339,0.8095754716981132,200.0,200.0,65.0610755810012,54.09942996799873,406.35498046875,420.0,3937.17578125,0.0,,
size_matched_A,pbmc10k_to_pbmc5k,4.0,0,scvi_matched,3994,3994,l1,per_run_eligible,8,1.0,knn15,0.8735259433962265,0.7545293366234693,0.7614410344584752,0.8629281527103712,,,,200.0,200.0,65.0610755810012,54.09942996799873,406.35498046875,420.0,3937.17578125,0.0,,
size_matched_A,pbmc10k_to_pbmc5k,4.0,0,scvi_matched,3994,3994,l1,per_run_eligible,8,1.0,knn30,0.8691037735849056,0.7401403004744296,0.7448382858488126,0.8557570692962168,,,,200.0,200.0,65.0610755810012,54.09942996799873,406.35498046875,420.0,3937.17578125,0.0,,
size_matched_A,pbmc10k_to_pbmc5k,4.0,0,totalvi,3994,3994,l1,per_run_eligible,8,1.0,logreg,0.875,0.7503297686060431,0.7341730905804355,0.8597888910962801,0.8418238993710693,0.8306702044025157,0.8193808962264152,200.0,200.0,101.77488936300142,97.45240468699922,428.06494140625,450.0,4185.21484375,0.019524281844496727,,
size_matched_A,pbmc10k_to_pbmc5k,4.0,0,totalvi,3994,3994,l1,per_run_eligible,8,1.0,knn15,0.8800117924528302,0.7439181196284341,0.7469730609825795,0.8610294548542532,,,,200.0,200.0,101.77488936300142,97.45240468699922,428.06494140625,450.0,4185.21484375,0.019524281844496727,,
size_matched_A,pbmc10k_to_pbmc5k,4.0,0,totalvi,3994,3994,l1,per_run_eligible,8,1.0,knn30,0.8732311320754716,0.729285192961859,0.7306697159580832,0.8516781299929319,,,,200.0,200.0,101.77488936300142,97.45240468699922,428.06494140625,450.0,4185.21484375,0.019524281844496727,,
