cell_type,source_support,target_support,precision,recall,f1,condition,direction,model,model_seed,subsample_seed
B intermediate,68,66,0.4827586206896552,0.6363636363636364,0.5490196078431373,original_A,pbmc10k_to_pbmc5k,scvi_matched,0,
B memory,99,79,0.6947368421052632,0.8354430379746836,0.7586206896551724,original_A,pbmc10k_to_pbmc5k,scvi_matched,0,
B naive,315,128,0.9891304347826086,0.7109375,0.8272727272727273,original_A,pbmc10k_to_pbmc5k,scvi_matched,0,
CD14 Mono,1237,937,0.9246031746031746,0.9946638207043756,0.9583547557840617,original_A,pbmc10k_to_pbmc5k,scvi_matched,0,
CD16 Mono,103,131,0.9906542056074766,0.8091603053435115,0.8907563025210085,original_A,pbmc10k_to_pbmc5k,scvi_matched,0,
CD4 Naive,795,378,0.8284883720930233,0.753968253968254,0.7894736842105263,original_A,pbmc10k_to_pbmc5k,scvi_matched,0,
CD4 TCM,580,327,0.5631929046563193,0.7767584097859327,0.6529562982005142,original_A,pbmc10k_to_pbmc5k,scvi_matched,0,
CD4 TEM,281,272,0.7194719471947195,0.8014705882352942,0.7582608695652174,original_A,pbmc10k_to_pbmc5k,scvi_matched,0,
CD8 Naive,320,48,0.8297872340425532,0.8125,0.8210526315789474,original_A,pbmc10k_to_pbmc5k,scvi_matched,0,
CD8 TCM,77,34,0.375,0.35294117647058826,0.36363636363636365,original_A,pbmc10k_to_pbmc5k,scvi_matched,0,
CD8 TEM,246,147,0.9175257731958762,0.6054421768707483,0.7295081967213115,original_A,pbmc10k_to_pbmc5k,scvi_matched,0,
Eryth,144,86,0.65,0.45348837209302323,0.5342465753424658,original_A,pbmc10k_to_pbmc5k,scvi_matched,0,
ILC,65,98,0.631578947368421,0.24489795918367346,0.35294117647058826,original_A,pbmc10k_to_pbmc5k,scvi_matched,0,
MAIT,356,24,0.36363636363636365,0.6666666666666666,0.47058823529411764,original_A,pbmc10k_to_pbmc5k,scvi_matched,0,
NK,760,251,0.8802816901408451,0.9960159362549801,0.9345794392523364,original_A,pbmc10k_to_pbmc5k,scvi_matched,0,
NK_CD56bright,35,30,0.9565217391304348,0.7333333333333333,0.8301886792452831,original_A,pbmc10k_to_pbmc5k,scvi_matched,0,
Treg,241,59,0.7894736842105263,0.2542372881355932,0.38461538461538464,original_A,pbmc10k_to_pbmc5k,scvi_matched,0,
cDC2,135,125,0.9752066115702479,0.944,0.959349593495935,original_A,pbmc10k_to_pbmc5k,scvi_matched,0,
gdT,59,71,0.46153846153846156,0.2535211267605634,0.32727272727272727,original_A,pbmc10k_to_pbmc5k,scvi_matched,0,
B intermediate,68,66,0.7868852459016393,0.7272727272727273,0.7559055118110236,original_A,pbmc10k_to_pbmc5k,totalvi,0,
B memory,99,79,0.8148148148148148,0.8354430379746836,0.825,original_A,pbmc10k_to_pbmc5k,totalvi,0,
B naive,315,128,0.9694656488549618,0.9921875,0.9806949806949807,original_A,pbmc10k_to_pbmc5k,totalvi,0,
CD14 Mono,1237,937,0.9307923771313942,0.9903948772678762,0.9596690796277145,original_A,pbmc10k_to_pbmc5k,totalvi,0,
CD16 Mono,103,131,0.9745762711864406,0.8778625954198473,0.9236947791164659,original_A,pbmc10k_to_pbmc5k,totalvi,0,
CD4 Naive,795,378,0.7990654205607477,0.9047619047619048,0.8486352357320099,original_A,pbmc10k_to_pbmc5k,totalvi,0,
CD4 TCM,580,327,0.6386554621848739,0.6972477064220184,0.6666666666666666,original_A,pbmc10k_to_pbmc5k,totalvi,0,
CD4 TEM,281,272,0.7165605095541401,0.8272058823529411,0.7679180887372014,original_A,pbmc10k_to_pbmc5k,totalvi,0,
CD8 Naive,320,48,0.7894736842105263,0.9375,0.8571428571428571,original_A,pbmc10k_to_pbmc5k,totalvi,0,
CD8 TCM,77,34,0.7272727272727273,0.23529411764705882,0.35555555555555557,original_A,pbmc10k_to_pbmc5k,totalvi,0,
CD8 TEM,246,147,0.80625,0.8775510204081632,0.8403908794788274,original_A,pbmc10k_to_pbmc5k,totalvi,0,
Eryth,144,86,0.6144578313253012,0.5930232558139535,0.6035502958579881,original_A,pbmc10k_to_pbmc5k,totalvi,0,
ILC,65,98,0.75,0.061224489795918366,0.11320754716981132,original_A,pbmc10k_to_pbmc5k,totalvi,0,
MAIT,356,24,0.30158730158730157,0.7916666666666666,0.4367816091954023,original_A,pbmc10k_to_pbmc5k,totalvi,0,
NK,760,251,0.9127272727272727,1.0,0.9543726235741445,original_A,pbmc10k_to_pbmc5k,totalvi,0,
NK_CD56bright,35,30,1.0,0.43333333333333335,0.6046511627906976,original_A,pbmc10k_to_pbmc5k,totalvi,0,
Treg,241,59,0.9230769230769231,0.2033898305084746,0.3333333333333333,original_A,pbmc10k_to_pbmc5k,totalvi,0,
cDC2,135,125,0.9907407407407407,0.856,0.9184549356223176,original_A,pbmc10k_to_pbmc5k,totalvi,0,
gdT,59,71,0.38461538461538464,0.07042253521126761,0.11904761904761904,original_A,pbmc10k_to_pbmc5k,totalvi,0,
B intermediate,68,66,0.6323529411764706,0.6515151515151515,0.6417910447761194,original_A,pbmc10k_to_pbmc5k,scvi_matched,1,
B memory,99,79,0.7157894736842105,0.8607594936708861,0.7816091954022989,original_A,pbmc10k_to_pbmc5k,scvi_matched,1,
B naive,315,128,0.990990990990991,0.859375,0.9205020920502092,original_A,pbmc10k_to_pbmc5k,scvi_matched,1,
CD14 Mono,1237,937,0.9495884773662552,0.9850586979722519,0.9669984284965951,original_A,pbmc10k_to_pbmc5k,scvi_matched,1,
CD16 Mono,103,131,1.0,0.9007633587786259,0.9477911646586346,original_A,pbmc10k_to_pbmc5k,scvi_matched,1,
CD4 Naive,795,378,0.8825910931174089,0.5767195767195767,0.6976,original_A,pbmc10k_to_pbmc5k,scvi_matched,1,
CD4 TCM,580,327,0.4936247723132969,0.8287461773700305,0.6187214611872146,original_A,pbmc10k_to_pbmc5k,scvi_matched,1,
CD4 TEM,281,272,0.8486238532110092,0.6801470588235294,0.7551020408163265,original_A,pbmc10k_to_pbmc5k,scvi_matched,1,
CD8 Naive,320,48,0.6865671641791045,0.9583333333333334,0.8,original_A,pbmc10k_to_pbmc5k,scvi_matched,1,
CD8 TCM,77,34,0.5384615384615384,0.4117647058823529,0.4666666666666667,original_A,pbmc10k_to_pbmc5k,scvi_matched,1,
CD8 TEM,246,147,0.8161764705882353,0.7551020408163265,0.784452296819788,original_A,pbmc10k_to_pbmc5k,scvi_matched,1,
Eryth,144,86,0.6075949367088608,0.5581395348837209,0.5818181818181818,original_A,pbmc10k_to_pbmc5k,scvi_matched,1,
ILC,65,98,0.3522727272727273,0.3163265306122449,0.3333333333333333,original_A,pbmc10k_to_pbmc5k,scvi_matched,1,
MAIT,356,24,0.2702702702702703,0.8333333333333334,0.40816326530612246,original_A,pbmc10k_to_pbmc5k,scvi_matched,1,
NK,760,251,0.9259259259259259,0.9960159362549801,0.9596928982725528,original_A,pbmc10k_to_pbmc5k,scvi_matched,1,
NK_CD56bright,35,30,0.9285714285714286,0.8666666666666667,0.896551724137931,original_A,pbmc10k_to_pbmc5k,scvi_matched,1,
Treg,241,59,0.75,0.15254237288135594,0.2535211267605634,original_A,pbmc10k_to_pbmc5k,scvi_matched,1,
cDC2,135,125,0.9606299212598425,0.976,0.9682539682539683,original_A,pbmc10k_to_pbmc5k,scvi_matched,1,
gdT,59,71,0.5,0.04225352112676056,0.07792207792207792,original_A,pbmc10k_to_pbmc5k,scvi_matched,1,
B intermediate,68,66,0.8260869565217391,0.5757575757575758,0.6785714285714286,original_A,pbmc10k_to_pbmc5k,totalvi,1,
B memory,99,79,0.776595744680851,0.9240506329113924,0.8439306358381503,original_A,pbmc10k_to_pbmc5k,totalvi,1,
B naive,315,128,0.9398496240601504,0.9765625,0.9578544061302682,original_A,pbmc10k_to_pbmc5k,totalvi,1,
CD14 Mono,1237,937,0.9486125385405961,0.9850586979722519,0.9664921465968587,original_A,pbmc10k_to_pbmc5k,totalvi,1,
CD16 Mono,103,131,0.976,0.9312977099236641,0.953125,original_A,pbmc10k_to_pbmc5k,totalvi,1,
CD4 Naive,795,378,0.7380952380952381,0.9841269841269841,0.8435374149659864,original_A,pbmc10k_to_pbmc5k,totalvi,1,
CD4 TCM,580,327,0.5901162790697675,0.6207951070336392,0.6050670640834576,original_A,pbmc10k_to_pbmc5k,totalvi,1,
CD4 TEM,281,272,0.7946768060836502,0.7683823529411765,0.7813084112149533,original_A,pbmc10k_to_pbmc5k,totalvi,1,
CD8 Naive,320,48,0.8367346938775511,0.8541666666666666,0.845360824742268,original_A,pbmc10k_to_pbmc5k,totalvi,1,
CD8 TCM,77,34,0.75,0.17647058823529413,0.2857142857142857,original_A,pbmc10k_to_pbmc5k,totalvi,1,
CD8 TEM,246,147,0.8591549295774648,0.8299319727891157,0.8442906574394463,original_A,pbmc10k_to_pbmc5k,totalvi,1,
Eryth,144,86,0.5327102803738317,0.6627906976744186,0.5906735751295337,original_A,pbmc10k_to_pbmc5k,totalvi,1,
ILC,65,98,1.0,0.05102040816326531,0.0970873786407767,original_A,pbmc10k_to_pbmc5k,totalvi,1,
MAIT,356,24,0.3392857142857143,0.7916666666666666,0.475,original_A,pbmc10k_to_pbmc5k,totalvi,1,
NK,760,251,0.8992805755395683,0.9960159362549801,0.945179584120983,original_A,pbmc10k_to_pbmc5k,totalvi,1,
NK_CD56bright,35,30,0.9473684210526315,0.6,0.7346938775510204,original_A,pbmc10k_to_pbmc5k,totalvi,1,
Treg,241,59,0.8636363636363636,0.3220338983050847,0.4691358024691358,original_A,pbmc10k_to_pbmc5k,totalvi,1,
cDC2,135,125,0.9911504424778761,0.896,0.9411764705882353,original_A,pbmc10k_to_pbmc5k,totalvi,1,
gdT,59,71,0.9,0.1267605633802817,0.2222222222222222,original_A,pbmc10k_to_pbmc5k,totalvi,1,
B intermediate,68,66,0.6811594202898551,0.7121212121212122,0.6962962962962963,original_A,pbmc10k_to_pbmc5k,scvi_matched,2,
B memory,99,79,0.7701149425287356,0.8481012658227848,0.8072289156626506,original_A,pbmc10k_to_pbmc5k,scvi_matched,2,
B naive,315,128,0.9915254237288136,0.9140625,0.9512195121951219,original_A,pbmc10k_to_pbmc5k,scvi_matched,2,
CD14 Mono,1237,937,0.9403437815975733,0.9925293489861259,0.9657320872274143,original_A,pbmc10k_to_pbmc5k,scvi_matched,2,
CD16 Mono,103,131,0.9747899159663865,0.8854961832061069,0.928,original_A,pbmc10k_to_pbmc5k,scvi_matched,2,
CD4 Naive,795,378,0.8121693121693122,0.8121693121693122,0.8121693121693122,original_A,pbmc10k_to_pbmc5k,scvi_matched,2,
CD4 TCM,580,327,0.5377777777777778,0.7400611620795107,0.6229086229086229,original_A,pbmc10k_to_pbmc5k,scvi_matched,2,
CD4 TEM,281,272,0.825531914893617,0.7132352941176471,0.7652859960552268,original_A,pbmc10k_to_pbmc5k,scvi_matched,2,
CD8 Naive,320,48,0.7230769230769231,0.9791666666666666,0.831858407079646,original_A,pbmc10k_to_pbmc5k,scvi_matched,2,
CD8 TCM,77,34,0.4,0.4117647058823529,0.4057971014492754,original_A,pbmc10k_to_pbmc5k,scvi_matched,2,
CD8 TEM,246,147,0.7784431137724551,0.8843537414965986,0.8280254777070064,original_A,pbmc10k_to_pbmc5k,scvi_matched,2,
Eryth,144,86,0.7592592592592593,0.47674418604651164,0.5857142857142857,original_A,pbmc10k_to_pbmc5k,scvi_matched,2,
ILC,65,98,0.6666666666666666,0.14285714285714285,0.23529411764705882,original_A,pbmc10k_to_pbmc5k,scvi_matched,2,
MAIT,356,24,0.4418604651162791,0.7916666666666666,0.5671641791044776,original_A,pbmc10k_to_pbmc5k,scvi_matched,2,
NK,760,251,0.9194139194139194,1.0,0.9580152671755725,original_A,pbmc10k_to_pbmc5k,scvi_matched,2,
NK_CD56bright,35,30,1.0,0.8666666666666667,0.9285714285714286,original_A,pbmc10k_to_pbmc5k,scvi_matched,2,
Treg,241,59,0.8333333333333334,0.1694915254237288,0.28169014084507044,original_A,pbmc10k_to_pbmc5k,scvi_matched,2,
cDC2,135,125,0.9453125,0.968,0.9565217391304348,original_A,pbmc10k_to_pbmc5k,scvi_matched,2,
gdT,59,71,0.8181818181818182,0.2535211267605634,0.3870967741935484,original_A,pbmc10k_to_pbmc5k,scvi_matched,2,
B intermediate,68,66,0.6935483870967742,0.6515151515151515,0.671875,original_A,pbmc10k_to_pbmc5k,totalvi,2,
B memory,99,79,0.7471264367816092,0.8227848101265823,0.7831325301204819,original_A,pbmc10k_to_pbmc5k,totalvi,2,
B naive,315,128,0.9838709677419355,0.953125,0.9682539682539683,original_A,pbmc10k_to_pbmc5k,totalvi,2,
CD14 Mono,1237,937,0.9167482859941234,0.9989327641408752,0.9560776302349336,original_A,pbmc10k_to_pbmc5k,totalvi,2,
CD16 Mono,103,131,1.0,0.8549618320610687,0.9218106995884774,original_A,pbmc10k_to_pbmc5k,totalvi,2,
CD4 Naive,795,378,0.7908045977011494,0.91005291005291,0.8462484624846248,original_A,pbmc10k_to_pbmc5k,totalvi,2,
CD4 TCM,580,327,0.6363636363636364,0.6850152905198776,0.6597938144329897,original_A,pbmc10k_to_pbmc5k,totalvi,2,
CD4 TEM,281,272,0.759075907590759,0.8455882352941176,0.8,original_A,pbmc10k_to_pbmc5k,totalvi,2,
CD8 Naive,320,48,0.8653846153846154,0.9375,0.9,original_A,pbmc10k_to_pbmc5k,totalvi,2,
CD8 TCM,77,34,0.48148148148148145,0.38235294117647056,0.4262295081967213,original_A,pbmc10k_to_pbmc5k,totalvi,2,
CD8 TEM,246,147,0.8870967741935484,0.7482993197278912,0.8118081180811808,original_A,pbmc10k_to_pbmc5k,totalvi,2,
Eryth,144,86,0.5396825396825397,0.3953488372093023,0.4563758389261745,original_A,pbmc10k_to_pbmc5k,totalvi,2,
ILC,65,98,0.7142857142857143,0.15306122448979592,0.25210084033613445,original_A,pbmc10k_to_pbmc5k,totalvi,2,
MAIT,356,24,0.2876712328767123,0.875,0.4329896907216495,original_A,pbmc10k_to_pbmc5k,totalvi,2,
NK,760,251,0.922509225092251,0.9960159362549801,0.9578544061302682,original_A,pbmc10k_to_pbmc5k,totalvi,2,
NK_CD56bright,35,30,0.9047619047619048,0.6333333333333333,0.7450980392156863,original_A,pbmc10k_to_pbmc5k,totalvi,2,
Treg,241,59,0.8666666666666667,0.22033898305084745,0.35135135135135137,original_A,pbmc10k_to_pbmc5k,totalvi,2,
cDC2,135,125,0.9910714285714286,0.888,0.9367088607594937,original_A,pbmc10k_to_pbmc5k,totalvi,2,
gdT,59,71,0.625,0.14084507042253522,0.22988505747126436,original_A,pbmc10k_to_pbmc5k,totalvi,2,
B intermediate,68,66,0.7636363636363637,0.6363636363636364,0.6942148760330579,original_A,pbmc10k_to_pbmc5k,scvi_matched,3,
B memory,99,79,0.7701149425287356,0.8481012658227848,0.8072289156626506,original_A,pbmc10k_to_pbmc5k,scvi_matched,3,
B naive,315,128,0.9,0.984375,0.9402985074626866,original_A,pbmc10k_to_pbmc5k,scvi_matched,3,
CD14 Mono,1237,937,0.9507692307692308,0.9893276414087513,0.9696652719665272,original_A,pbmc10k_to_pbmc5k,scvi_matched,3,
CD16 Mono,103,131,0.9833333333333333,0.9007633587786259,0.9402390438247012,original_A,pbmc10k_to_pbmc5k,scvi_matched,3,
CD4 Naive,795,378,0.8516129032258064,0.6984126984126984,0.7674418604651163,original_A,pbmc10k_to_pbmc5k,scvi_matched,3,
CD4 TCM,580,327,0.5364806866952789,0.764525993883792,0.6305170239596469,original_A,pbmc10k_to_pbmc5k,scvi_matched,3,
CD4 TEM,281,272,0.8048780487804879,0.7279411764705882,0.7644787644787645,original_A,pbmc10k_to_pbmc5k,scvi_matched,3,
CD8 Naive,320,48,0.7164179104477612,1.0,0.8347826086956521,original_A,pbmc10k_to_pbmc5k,scvi_matched,3,
CD8 TCM,77,34,0.3333333333333333,0.29411764705882354,0.3125,original_A,pbmc10k_to_pbmc5k,scvi_matched,3,
CD8 TEM,246,147,0.85,0.6938775510204082,0.7640449438202247,original_A,pbmc10k_to_pbmc5k,scvi_matched,3,
Eryth,144,86,0.7083333333333334,0.5930232558139535,0.6455696202531646,original_A,pbmc10k_to_pbmc5k,scvi_matched,3,
ILC,65,98,0.5348837209302325,0.23469387755102042,0.3262411347517731,original_A,pbmc10k_to_pbmc5k,scvi_matched,3,
MAIT,356,24,0.4117647058823529,0.875,0.56,original_A,pbmc10k_to_pbmc5k,scvi_matched,3,
NK,760,251,0.9087591240875912,0.9920318725099602,0.9485714285714286,original_A,pbmc10k_to_pbmc5k,scvi_matched,3,
NK_CD56bright,35,30,0.8666666666666667,0.8666666666666667,0.8666666666666667,original_A,pbmc10k_to_pbmc5k,scvi_matched,3,
Treg,241,59,0.625,0.423728813559322,0.5050505050505051,original_A,pbmc10k_to_pbmc5k,scvi_matched,3,
cDC2,135,125,0.9296875,0.952,0.9407114624505929,original_A,pbmc10k_to_pbmc5k,scvi_matched,3,
gdT,59,71,0.5675675675675675,0.29577464788732394,0.3888888888888889,original_A,pbmc10k_to_pbmc5k,scvi_matched,3,
B intermediate,68,66,0.7285714285714285,0.7727272727272727,0.75,original_A,pbmc10k_to_pbmc5k,totalvi,3,
B memory,99,79,0.8472222222222222,0.7721518987341772,0.8079470198675497,original_A,pbmc10k_to_pbmc5k,totalvi,3,
B naive,315,128,0.9618320610687023,0.984375,0.972972972972973,original_A,pbmc10k_to_pbmc5k,totalvi,3,
CD14 Mono,1237,937,0.9431472081218274,0.991462113127001,0.9667013527575442,original_A,pbmc10k_to_pbmc5k,totalvi,3,
CD16 Mono,103,131,0.9609375,0.9389312977099237,0.9498069498069498,original_A,pbmc10k_to_pbmc5k,totalvi,3,
CD4 Naive,795,378,0.781038374717833,0.9153439153439153,0.8428745432399513,original_A,pbmc10k_to_pbmc5k,totalvi,3,
CD4 TCM,580,327,0.5762273901808785,0.6819571865443425,0.6246498599439776,original_A,pbmc10k_to_pbmc5k,totalvi,3,
CD4 TEM,281,272,0.7129337539432177,0.8308823529411765,0.767402376910017,original_A,pbmc10k_to_pbmc5k,totalvi,3,
CD8 Naive,320,48,0.8076923076923077,0.875,0.84,original_A,pbmc10k_to_pbmc5k,totalvi,3,
CD8 TCM,77,34,0.75,0.17647058823529413,0.2857142857142857,original_A,pbmc10k_to_pbmc5k,totalvi,3,
CD8 TEM,246,147,0.9262295081967213,0.7687074829931972,0.8401486988847584,original_A,pbmc10k_to_pbmc5k,totalvi,3,
Eryth,144,86,0.5866666666666667,0.5116279069767442,0.546583850931677,original_A,pbmc10k_to_pbmc5k,totalvi,3,
ILC,65,98,0.8,0.04081632653061224,0.07766990291262135,original_A,pbmc10k_to_pbmc5k,totalvi,3,
MAIT,356,24,0.36,0.75,0.4864864864864865,original_A,pbmc10k_to_pbmc5k,totalvi,3,
NK,760,251,0.8964285714285715,1.0,0.9453860640301318,original_A,pbmc10k_to_pbmc5k,totalvi,3,
NK_CD56bright,35,30,0.95,0.6333333333333333,0.76,original_A,pbmc10k_to_pbmc5k,totalvi,3,
Treg,241,59,1.0,0.05084745762711865,0.0967741935483871,original_A,pbmc10k_to_pbmc5k,totalvi,3,
cDC2,135,125,0.9915966386554622,0.944,0.9672131147540983,original_A,pbmc10k_to_pbmc5k,totalvi,3,
gdT,59,71,0.625,0.2112676056338028,0.3157894736842105,original_A,pbmc10k_to_pbmc5k,totalvi,3,
B intermediate,68,66,0.7058823529411765,0.5454545454545454,0.6153846153846154,original_A,pbmc10k_to_pbmc5k,scvi_matched,4,
B memory,99,79,0.7171717171717171,0.8987341772151899,0.797752808988764,original_A,pbmc10k_to_pbmc5k,scvi_matched,4,
B naive,315,128,0.9754098360655737,0.9296875,0.952,original_A,pbmc10k_to_pbmc5k,scvi_matched,4,
CD14 Mono,1237,937,0.9338677354709419,0.9946638207043756,0.9633074935400516,original_A,pbmc10k_to_pbmc5k,scvi_matched,4,
CD16 Mono,103,131,0.9827586206896551,0.8702290076335878,0.9230769230769231,original_A,pbmc10k_to_pbmc5k,scvi_matched,4,
CD4 Naive,795,378,0.798941798941799,0.798941798941799,0.798941798941799,original_A,pbmc10k_to_pbmc5k,scvi_matched,4,
CD4 TCM,580,327,0.5280898876404494,0.7186544342507645,0.6088082901554405,original_A,pbmc10k_to_pbmc5k,scvi_matched,4,
CD4 TEM,281,272,0.8723404255319149,0.6029411764705882,0.7130434782608696,original_A,pbmc10k_to_pbmc5k,scvi_matched,4,
CD8 Naive,320,48,0.7076923076923077,0.9583333333333334,0.8141592920353983,original_A,pbmc10k_to_pbmc5k,scvi_matched,4,
CD8 TCM,77,34,0.26153846153846155,0.5,0.3434343434343434,original_A,pbmc10k_to_pbmc5k,scvi_matched,4,
CD8 TEM,246,147,0.8290598290598291,0.6598639455782312,0.7348484848484849,original_A,pbmc10k_to_pbmc5k,scvi_matched,4,
Eryth,144,86,0.6617647058823529,0.5232558139534884,0.5844155844155844,original_A,pbmc10k_to_pbmc5k,scvi_matched,4,
ILC,65,98,0.6363636363636364,0.35714285714285715,0.45751633986928103,original_A,pbmc10k_to_pbmc5k,scvi_matched,4,
MAIT,356,24,0.40816326530612246,0.8333333333333334,0.547945205479452,original_A,pbmc10k_to_pbmc5k,scvi_matched,4,
NK,760,251,0.8896797153024911,0.9960159362549801,0.9398496240601504,original_A,pbmc10k_to_pbmc5k,scvi_matched,4,
NK_CD56bright,35,30,0.9565217391304348,0.7333333333333333,0.8301886792452831,original_A,pbmc10k_to_pbmc5k,scvi_matched,4,
Treg,241,59,0.6153846153846154,0.13559322033898305,0.2222222222222222,original_A,pbmc10k_to_pbmc5k,scvi_matched,4,
cDC2,135,125,0.9830508474576272,0.928,0.9547325102880658,original_A,pbmc10k_to_pbmc5k,scvi_matched,4,
gdT,59,71,0.6,0.3380281690140845,0.43243243243243246,original_A,pbmc10k_to_pbmc5k,scvi_matched,4,
B intermediate,68,66,0.53125,0.7727272727272727,0.6296296296296297,original_A,pbmc10k_to_pbmc5k,totalvi,4,
B memory,99,79,0.7846153846153846,0.6455696202531646,0.7083333333333334,original_A,pbmc10k_to_pbmc5k,totalvi,4,
B naive,315,128,0.990990990990991,0.859375,0.9205020920502092,original_A,pbmc10k_to_pbmc5k,totalvi,4,
CD14 Mono,1237,937,0.9192118226600985,0.9957310565635006,0.9559426229508197,original_A,pbmc10k_to_pbmc5k,totalvi,4,
CD16 Mono,103,131,0.991304347826087,0.8702290076335878,0.926829268292683,original_A,pbmc10k_to_pbmc5k,totalvi,4,
CD4 Naive,795,378,0.8071065989847716,0.8412698412698413,0.8238341968911918,original_A,pbmc10k_to_pbmc5k,totalvi,4,
CD4 TCM,580,327,0.5785714285714286,0.7431192660550459,0.6506024096385542,original_A,pbmc10k_to_pbmc5k,totalvi,4,
CD4 TEM,281,272,0.7651245551601423,0.7904411764705882,0.7775768535262206,original_A,pbmc10k_to_pbmc5k,totalvi,4,
CD8 Naive,320,48,0.8846153846153846,0.9583333333333334,0.92,original_A,pbmc10k_to_pbmc5k,totalvi,4,
CD8 TCM,77,34,0.75,0.35294117647058826,0.48,original_A,pbmc10k_to_pbmc5k,totalvi,4,
CD8 TEM,246,147,0.911504424778761,0.7006802721088435,0.7923076923076923,original_A,pbmc10k_to_pbmc5k,totalvi,4,
Eryth,144,86,0.6346153846153846,0.38372093023255816,0.4782608695652174,original_A,pbmc10k_to_pbmc5k,totalvi,4,
ILC,65,98,0.7142857142857143,0.20408163265306123,0.31746031746031744,original_A,pbmc10k_to_pbmc5k,totalvi,4,
MAIT,356,24,0.3225806451612903,0.8333333333333334,0.46511627906976744,original_A,pbmc10k_to_pbmc5k,totalvi,4,
NK,760,251,0.8833922261484098,0.9960159362549801,0.9363295880149812,original_A,pbmc10k_to_pbmc5k,totalvi,4,
NK_CD56bright,35,30,0.9565217391304348,0.7333333333333333,0.8301886792452831,original_A,pbmc10k_to_pbmc5k,totalvi,4,
Treg,241,59,0.8181818181818182,0.3050847457627119,0.4444444444444444,original_A,pbmc10k_to_pbmc5k,totalvi,4,
cDC2,135,125,1.0,0.904,0.9495798319327731,original_A,pbmc10k_to_pbmc5k,totalvi,4,
gdT,59,71,0.5333333333333333,0.22535211267605634,0.31683168316831684,original_A,pbmc10k_to_pbmc5k,totalvi,4,
B intermediate,66,68,0.5844155844155844,0.6617647058823529,0.6206896551724138,original_B,pbmc5k_to_pbmc10k,scvi_matched,0,
B memory,79,99,0.9041095890410958,0.6666666666666666,0.7674418604651163,original_B,pbmc5k_to_pbmc10k,scvi_matched,0,
B naive,128,315,0.9425981873111783,0.9904761904761905,0.9659442724458205,original_B,pbmc5k_to_pbmc10k,scvi_matched,0,
CD14 Mono,937,1237,0.9378357636224098,0.9878738884397736,0.9622047244094488,original_B,pbmc5k_to_pbmc10k,scvi_matched,0,
CD16 Mono,131,103,0.9797979797979798,0.941747572815534,0.9603960396039604,original_B,pbmc5k_to_pbmc10k,scvi_matched,0,
CD4 Naive,378,795,0.7058287795992714,0.9748427672955975,0.8188061278394083,original_B,pbmc5k_to_pbmc10k,scvi_matched,0,
CD4 TCM,327,580,0.7825242718446602,0.6948275862068966,0.7360730593607306,original_B,pbmc5k_to_pbmc10k,scvi_matched,0,
CD4 TEM,272,281,0.4898989898989899,0.6903914590747331,0.5731166912850812,original_B,pbmc5k_to_pbmc10k,scvi_matched,0,
CD8 Naive,48,320,0.8571428571428571,0.39375,0.5396145610278372,original_B,pbmc5k_to_pbmc10k,scvi_matched,0,
CD8 TCM,34,77,0.5384615384615384,0.09090909090909091,0.15555555555555556,original_B,pbmc5k_to_pbmc10k,scvi_matched,0,
CD8 TEM,147,246,0.8423236514522822,0.8252032520325203,0.8336755646817249,original_B,pbmc5k_to_pbmc10k,scvi_matched,0,
Eryth,86,144,0.8859649122807017,0.7013888888888888,0.7829457364341085,original_B,pbmc5k_to_pbmc10k,scvi_matched,0,
ILC,98,65,0.5833333333333334,0.2153846153846154,0.3146067415730337,original_B,pbmc5k_to_pbmc10k,scvi_matched,0,
MAIT,24,356,0.9565217391304348,0.06179775280898876,0.11609498680738786,original_B,pbmc5k_to_pbmc10k,scvi_matched,0,
NK,251,760,0.9818652849740933,0.9973684210526316,0.9895561357702349,original_B,pbmc5k_to_pbmc10k,scvi_matched,0,
NK_CD56bright,30,35,0.9375,0.8571428571428571,0.8955223880597015,original_B,pbmc5k_to_pbmc10k,scvi_matched,0,
Treg,59,241,0.4539249146757679,0.5518672199170125,0.49812734082397003,original_B,pbmc5k_to_pbmc10k,scvi_matched,0,
cDC2,125,135,0.9805825242718447,0.7481481481481481,0.8487394957983193,original_B,pbmc5k_to_pbmc10k,scvi_matched,0,
gdT,71,59,0.12213740458015267,0.5423728813559322,0.19937694704049844,original_B,pbmc5k_to_pbmc10k,scvi_matched,0,
B intermediate,66,68,0.375,0.04411764705882353,0.07894736842105263,original_B,pbmc5k_to_pbmc10k,totalvi,0,
B memory,79,99,0.6193548387096774,0.9696969696969697,0.7559055118110236,original_B,pbmc5k_to_pbmc10k,totalvi,0,
B naive,128,315,0.9529780564263323,0.9650793650793651,0.9589905362776026,original_B,pbmc5k_to_pbmc10k,totalvi,0,
CD14 Mono,937,1237,0.943366951124903,0.9830234438156831,0.9627870150435471,original_B,pbmc5k_to_pbmc10k,totalvi,0,
CD16 Mono,131,103,0.9523809523809523,0.970873786407767,0.9615384615384616,original_B,pbmc5k_to_pbmc10k,totalvi,0,
CD4 Naive,378,795,0.7596348884381339,0.9421383647798742,0.841100505334082,original_B,pbmc5k_to_pbmc10k,totalvi,0,
CD4 TCM,327,580,0.6694560669456067,0.8275862068965517,0.7401696222050886,original_B,pbmc5k_to_pbmc10k,totalvi,0,
CD4 TEM,272,281,0.4056761268781302,0.8647686832740213,0.5522727272727272,original_B,pbmc5k_to_pbmc10k,totalvi,0,
CD8 Naive,48,320,0.9681528662420382,0.475,0.6373165618448637,original_B,pbmc5k_to_pbmc10k,totalvi,0,
CD8 TCM,34,77,0.4375,0.09090909090909091,0.15053763440860216,original_B,pbmc5k_to_pbmc10k,totalvi,0,
CD8 TEM,147,246,0.8991596638655462,0.8699186991869918,0.8842975206611571,original_B,pbmc5k_to_pbmc10k,totalvi,0,
Eryth,86,144,0.8434782608695652,0.6736111111111112,0.749034749034749,original_B,pbmc5k_to_pbmc10k,totalvi,0,
ILC,98,65,0.6153846153846154,0.24615384615384617,0.3516483516483517,original_B,pbmc5k_to_pbmc10k,totalvi,0,
MAIT,24,356,1.0,0.08426966292134831,0.15544041450777202,original_B,pbmc5k_to_pbmc10k,totalvi,0,
NK,251,760,0.9972936400541272,0.9697368421052631,0.9833222148098733,original_B,pbmc5k_to_pbmc10k,totalvi,0,
NK_CD56bright,30,35,0.8518518518518519,0.6571428571428571,0.7419354838709677,original_B,pbmc5k_to_pbmc10k,totalvi,0,
Treg,59,241,0.7636363636363637,0.17427385892116182,0.28378378378378377,original_B,pbmc5k_to_pbmc10k,totalvi,0,
cDC2,125,135,1.0,0.8148148148148148,0.8979591836734694,original_B,pbmc5k_to_pbmc10k,totalvi,0,
gdT,71,59,0.12444444444444444,0.4745762711864407,0.19718309859154928,original_B,pbmc5k_to_pbmc10k,totalvi,0,
B intermediate,66,68,0.49056603773584906,0.7647058823529411,0.5977011494252874,original_B,pbmc5k_to_pbmc10k,scvi_matched,1,
B memory,79,99,0.8545454545454545,0.47474747474747475,0.6103896103896104,original_B,pbmc5k_to_pbmc10k,scvi_matched,1,
B naive,128,315,0.9659442724458205,0.9904761904761905,0.9780564263322884,original_B,pbmc5k_to_pbmc10k,scvi_matched,1,
CD14 Mono,937,1237,0.9228441754916793,0.9862570735650767,0.9534974599452911,original_B,pbmc5k_to_pbmc10k,scvi_matched,1,
CD16 Mono,131,103,0.918918918918919,0.9902912621359223,0.9532710280373832,original_B,pbmc5k_to_pbmc10k,scvi_matched,1,
CD4 Naive,378,795,0.6698275862068965,0.9773584905660377,0.7948849104859335,original_B,pbmc5k_to_pbmc10k,scvi_matched,1,
CD4 TCM,327,580,0.7588235294117647,0.6672413793103448,0.710091743119266,original_B,pbmc5k_to_pbmc10k,scvi_matched,1,
CD4 TEM,272,281,0.652542372881356,0.5480427046263345,0.5957446808510638,original_B,pbmc5k_to_pbmc10k,scvi_matched,1,
CD8 Naive,48,320,0.9206349206349206,0.18125,0.3028720626631854,original_B,pbmc5k_to_pbmc10k,scvi_matched,1,
CD8 TCM,34,77,0.25,0.05194805194805195,0.08602150537634409,original_B,pbmc5k_to_pbmc10k,scvi_matched,1,
CD8 TEM,147,246,0.3785594639865997,0.9186991869918699,0.5361803084223014,original_B,pbmc5k_to_pbmc10k,scvi_matched,1,
Eryth,86,144,0.8791208791208791,0.5555555555555556,0.6808510638297872,original_B,pbmc5k_to_pbmc10k,scvi_matched,1,
ILC,98,65,0.5238095238095238,0.16923076923076924,0.2558139534883721,original_B,pbmc5k_to_pbmc10k,scvi_matched,1,
MAIT,24,356,0.0,0.0,0.0,original_B,pbmc5k_to_pbmc10k,scvi_matched,1,
NK,251,760,0.9793014230271668,0.9960526315789474,0.9876060013046314,original_B,pbmc5k_to_pbmc10k,scvi_matched,1,
NK_CD56bright,30,35,0.9411764705882353,0.45714285714285713,0.6153846153846154,original_B,pbmc5k_to_pbmc10k,scvi_matched,1,
Treg,59,241,0.4169014084507042,0.6141078838174274,0.4966442953020134,original_B,pbmc5k_to_pbmc10k,scvi_matched,1,
cDC2,125,135,1.0,0.7037037037037037,0.8260869565217391,original_B,pbmc5k_to_pbmc10k,scvi_matched,1,
gdT,71,59,0.1076923076923077,0.11864406779661017,0.11290322580645161,original_B,pbmc5k_to_pbmc10k,scvi_matched,1,
B intermediate,66,68,0.6888888888888889,0.45588235294117646,0.5486725663716814,original_B,pbmc5k_to_pbmc10k,totalvi,1,
B memory,79,99,0.7857142857142857,0.8888888888888888,0.8341232227488151,original_B,pbmc5k_to_pbmc10k,totalvi,1,
B naive,128,315,0.9476923076923077,0.9777777777777777,0.9625,original_B,pbmc5k_to_pbmc10k,totalvi,1,
CD14 Mono,937,1237,0.9262917933130699,0.9854486661277284,0.954954954954955,original_B,pbmc5k_to_pbmc10k,totalvi,1,
CD16 Mono,131,103,0.9272727272727272,0.9902912621359223,0.9577464788732394,original_B,pbmc5k_to_pbmc10k,totalvi,1,
CD4 Naive,378,795,0.8710762331838565,0.9773584905660377,0.921161825726141,original_B,pbmc5k_to_pbmc10k,totalvi,1,
CD4 TCM,327,580,0.7974683544303798,0.7603448275862069,0.7784642541924095,original_B,pbmc5k_to_pbmc10k,totalvi,1,
CD4 TEM,272,281,0.5671981776765376,0.8861209964412812,0.6916666666666667,original_B,pbmc5k_to_pbmc10k,totalvi,1,
CD8 Naive,48,320,0.9424242424242424,0.971875,0.9569230769230769,original_B,pbmc5k_to_pbmc10k,totalvi,1,
CD8 TCM,34,77,0.675,0.35064935064935066,0.46153846153846156,original_B,pbmc5k_to_pbmc10k,totalvi,1,
CD8 TEM,147,246,0.8958333333333334,0.8739837398373984,0.8847736625514403,original_B,pbmc5k_to_pbmc10k,totalvi,1,
Eryth,86,144,0.8666666666666667,0.4513888888888889,0.593607305936073,original_B,pbmc5k_to_pbmc10k,totalvi,1,
ILC,98,65,1.0,0.015384615384615385,0.030303030303030304,original_B,pbmc5k_to_pbmc10k,totalvi,1,
MAIT,24,356,0.9841269841269841,0.17415730337078653,0.29594272076372313,original_B,pbmc5k_to_pbmc10k,totalvi,1,
NK,251,760,1.0,0.19342105263157894,0.3241455347298787,original_B,pbmc5k_to_pbmc10k,totalvi,1,
NK_CD56bright,30,35,0.5714285714285714,0.11428571428571428,0.19047619047619047,original_B,pbmc5k_to_pbmc10k,totalvi,1,
Treg,59,241,0.7045454545454546,0.38589211618257263,0.49865951742627346,original_B,pbmc5k_to_pbmc10k,totalvi,1,
cDC2,125,135,0.9827586206896551,0.8444444444444444,0.9083665338645418,original_B,pbmc5k_to_pbmc10k,totalvi,1,
gdT,71,59,0.046248715313463515,0.7627118644067796,0.0872093023255814,original_B,pbmc5k_to_pbmc10k,totalvi,1,
B intermediate,66,68,0.48484848484848486,0.7058823529411765,0.5748502994011976,original_B,pbmc5k_to_pbmc10k,scvi_matched,2,
B memory,79,99,0.8524590163934426,0.5252525252525253,0.65,original_B,pbmc5k_to_pbmc10k,scvi_matched,2,
B naive,128,315,0.953416149068323,0.9746031746031746,0.9638932496075353,original_B,pbmc5k_to_pbmc10k,scvi_matched,2,
CD14 Mono,937,1237,0.9492466296590008,0.967663702506063,0.9583666933546837,original_B,pbmc5k_to_pbmc10k,scvi_matched,2,
CD16 Mono,131,103,0.8728813559322034,1.0,0.9321266968325792,original_B,pbmc5k_to_pbmc10k,scvi_matched,2,
CD4 Naive,378,795,0.7071823204419889,0.9660377358490566,0.8165869218500797,original_B,pbmc5k_to_pbmc10k,scvi_matched,2,
CD4 TCM,327,580,0.7756183745583038,0.756896551724138,0.7661431064572426,original_B,pbmc5k_to_pbmc10k,scvi_matched,2,
CD4 TEM,272,281,0.5914285714285714,0.7366548042704626,0.6561014263074485,original_B,pbmc5k_to_pbmc10k,scvi_matched,2,
CD8 Naive,48,320,0.9280575539568345,0.403125,0.5620915032679739,original_B,pbmc5k_to_pbmc10k,scvi_matched,2,
CD8 TCM,34,77,0.35294117647058826,0.07792207792207792,0.1276595744680851,original_B,pbmc5k_to_pbmc10k,scvi_matched,2,
CD8 TEM,147,246,0.4124087591240876,0.9186991869918699,0.5692695214105793,original_B,pbmc5k_to_pbmc10k,scvi_matched,2,
Eryth,86,144,0.7898550724637681,0.7569444444444444,0.7730496453900709,original_B,pbmc5k_to_pbmc10k,scvi_matched,2,
ILC,98,65,0.75,0.09230769230769231,0.1643835616438356,original_B,pbmc5k_to_pbmc10k,scvi_matched,2,
MAIT,24,356,0.0,0.0,0.0,original_B,pbmc5k_to_pbmc10k,scvi_matched,2,
NK,251,760,0.9933949801849405,0.9894736842105263,0.991430454845089,original_B,pbmc5k_to_pbmc10k,scvi_matched,2,
NK_CD56bright,30,35,0.896551724137931,0.7428571428571429,0.8125,original_B,pbmc5k_to_pbmc10k,scvi_matched,2,
Treg,59,241,0.50187265917603,0.5560165975103735,0.5275590551181102,original_B,pbmc5k_to_pbmc10k,scvi_matched,2,
cDC2,125,135,0.9803921568627451,0.7407407407407407,0.8438818565400844,original_B,pbmc5k_to_pbmc10k,scvi_matched,2,
gdT,71,59,0.10416666666666667,0.0847457627118644,0.09345794392523364,original_B,pbmc5k_to_pbmc10k,scvi_matched,2,
B intermediate,66,68,0.6170212765957447,0.4264705882352941,0.5043478260869565,original_B,pbmc5k_to_pbmc10k,totalvi,2,
B memory,79,99,0.7293233082706767,0.9797979797979798,0.8362068965517241,original_B,pbmc5k_to_pbmc10k,totalvi,2,
B naive,128,315,0.9900332225913622,0.946031746031746,0.9675324675324676,original_B,pbmc5k_to_pbmc10k,totalvi,2,
CD14 Mono,937,1237,0.9776386404293381,0.883589329021827,0.9282377919320595,original_B,pbmc5k_to_pbmc10k,totalvi,2,
CD16 Mono,131,103,0.98989898989899,0.9514563106796117,0.9702970297029703,original_B,pbmc5k_to_pbmc10k,totalvi,2,
CD4 Naive,378,795,0.8660714285714286,0.8540880503144654,0.8600379987333756,original_B,pbmc5k_to_pbmc10k,totalvi,2,
CD4 TCM,327,580,0.6310432569974554,0.8551724137931035,0.726207906295754,original_B,pbmc5k_to_pbmc10k,totalvi,2,
CD4 TEM,272,281,0.4347048300536673,0.8647686832740213,0.5785714285714286,original_B,pbmc5k_to_pbmc10k,totalvi,2,
CD8 Naive,48,320,0.9914893617021276,0.728125,0.8396396396396396,original_B,pbmc5k_to_pbmc10k,totalvi,2,
CD8 TCM,34,77,0.29333333333333333,0.2857142857142857,0.2894736842105263,original_B,pbmc5k_to_pbmc10k,totalvi,2,
CD8 TEM,147,246,0.9782608695652174,0.7317073170731707,0.8372093023255814,original_B,pbmc5k_to_pbmc10k,totalvi,2,
Eryth,86,144,0.4892086330935252,0.9444444444444444,0.6445497630331753,original_B,pbmc5k_to_pbmc10k,totalvi,2,
ILC,98,65,0.4888888888888889,0.3384615384615385,0.4,original_B,pbmc5k_to_pbmc10k,totalvi,2,
MAIT,24,356,1.0,0.25280898876404495,0.40358744394618834,original_B,pbmc5k_to_pbmc10k,totalvi,2,
NK,251,760,0.9921156373193167,0.993421052631579,0.9927679158448389,original_B,pbmc5k_to_pbmc10k,totalvi,2,
NK_CD56bright,30,35,0.9354838709677419,0.8285714285714286,0.8787878787878788,original_B,pbmc5k_to_pbmc10k,totalvi,2,
Treg,59,241,0.7307692307692307,0.3153526970954357,0.4405797101449275,original_B,pbmc5k_to_pbmc10k,totalvi,2,
cDC2,125,135,0.9448818897637795,0.8888888888888888,0.916030534351145,original_B,pbmc5k_to_pbmc10k,totalvi,2,
gdT,71,59,0.20754716981132076,0.559322033898305,0.30275229357798167,original_B,pbmc5k_to_pbmc10k,totalvi,2,
B intermediate,66,68,0.5362318840579711,0.5441176470588235,0.5401459854014599,original_B,pbmc5k_to_pbmc10k,scvi_matched,3,
B memory,79,99,0.7926829268292683,0.6565656565656566,0.7182320441988951,original_B,pbmc5k_to_pbmc10k,scvi_matched,3,
B naive,128,315,0.9365558912386707,0.9841269841269841,0.9597523219814241,original_B,pbmc5k_to_pbmc10k,scvi_matched,3,
CD14 Mono,937,1237,0.9430132708821234,0.9765561843168957,0.9594916600476568,original_B,pbmc5k_to_pbmc10k,scvi_matched,3,
CD16 Mono,131,103,0.99,0.9611650485436893,0.9753694581280788,original_B,pbmc5k_to_pbmc10k,scvi_matched,3,
CD4 Naive,378,795,0.6666666666666666,0.9735849056603774,0.7914110429447853,original_B,pbmc5k_to_pbmc10k,scvi_matched,3,
CD4 TCM,327,580,0.7986577181208053,0.6155172413793103,0.6952288218111002,original_B,pbmc5k_to_pbmc10k,scvi_matched,3,
CD4 TEM,272,281,0.5,0.6903914590747331,0.5799701046337817,original_B,pbmc5k_to_pbmc10k,scvi_matched,3,
CD8 Naive,48,320,0.8974358974358975,0.21875,0.35175879396984927,original_B,pbmc5k_to_pbmc10k,scvi_matched,3,
CD8 TCM,34,77,0.3125,0.06493506493506493,0.10752688172043011,original_B,pbmc5k_to_pbmc10k,scvi_matched,3,
CD8 TEM,147,246,0.5056689342403629,0.9065040650406504,0.6491994177583698,original_B,pbmc5k_to_pbmc10k,scvi_matched,3,
Eryth,86,144,0.7925925925925926,0.7430555555555556,0.7670250896057348,original_B,pbmc5k_to_pbmc10k,scvi_matched,3,
ILC,98,65,1.0,0.046153846153846156,0.08823529411764706,original_B,pbmc5k_to_pbmc10k,scvi_matched,3,
MAIT,24,356,0.0,0.0,0.0,original_B,pbmc5k_to_pbmc10k,scvi_matched,3,
NK,251,760,0.9606598984771574,0.9960526315789474,0.9780361757105943,original_B,pbmc5k_to_pbmc10k,scvi_matched,3,
NK_CD56bright,30,35,0.9166666666666666,0.3142857142857143,0.46808510638297873,original_B,pbmc5k_to_pbmc10k,scvi_matched,3,
Treg,59,241,0.45251396648044695,0.6721991701244814,0.5409015025041736,original_B,pbmc5k_to_pbmc10k,scvi_matched,3,
cDC2,125,135,1.0,0.7555555555555555,0.8607594936708861,original_B,pbmc5k_to_pbmc10k,scvi_matched,3,
gdT,71,59,0.06451612903225806,0.13559322033898305,0.08743169398907104,original_B,pbmc5k_to_pbmc10k,scvi_matched,3,
B intermediate,66,68,0.5061728395061729,0.6029411764705882,0.5503355704697986,original_B,pbmc5k_to_pbmc10k,totalvi,3,
B memory,79,99,0.896551724137931,0.5252525252525253,0.6624203821656051,original_B,pbmc5k_to_pbmc10k,totalvi,3,
B naive,128,315,0.9127906976744186,0.9968253968253968,0.952959028831563,original_B,pbmc5k_to_pbmc10k,totalvi,3,
CD14 Mono,937,1237,0.9442292796281953,0.9854486661277284,0.9643987341772152,original_B,pbmc5k_to_pbmc10k,totalvi,3,
CD16 Mono,131,103,0.9801980198019802,0.9611650485436893,0.9705882352941176,original_B,pbmc5k_to_pbmc10k,totalvi,3,
CD4 Naive,378,795,0.8856132075471698,0.9446540880503145,0.9141813755325624,original_B,pbmc5k_to_pbmc10k,totalvi,3,
CD4 TCM,327,580,0.6760374832663989,0.8706896551724138,0.7611152976639035,original_B,pbmc5k_to_pbmc10k,totalvi,3,
CD4 TEM,272,281,0.659942363112392,0.8149466192170819,0.7292993630573248,original_B,pbmc5k_to_pbmc10k,totalvi,3,
CD8 Naive,48,320,0.9662162162162162,0.89375,0.9285714285714286,original_B,pbmc5k_to_pbmc10k,totalvi,3,
CD8 TCM,34,77,0.39090909090909093,0.5584415584415584,0.45989304812834225,original_B,pbmc5k_to_pbmc10k,totalvi,3,
CD8 TEM,147,246,0.9319371727748691,0.7235772357723578,0.8146453089244852,original_B,pbmc5k_to_pbmc10k,totalvi,3,
Eryth,86,144,0.9,0.625,0.7377049180327869,original_B,pbmc5k_to_pbmc10k,totalvi,3,
ILC,98,65,0.625,0.07692307692307693,0.136986301369863,original_B,pbmc5k_to_pbmc10k,totalvi,3,
MAIT,24,356,0.9883720930232558,0.23876404494382023,0.38461538461538464,original_B,pbmc5k_to_pbmc10k,totalvi,3,
NK,251,760,0.9908496732026144,0.9973684210526316,0.9940983606557378,original_B,pbmc5k_to_pbmc10k,totalvi,3,
NK_CD56bright,30,35,0.90625,0.8285714285714286,0.8656716417910447,original_B,pbmc5k_to_pbmc10k,totalvi,3,
Treg,59,241,0.675,0.11203319502074689,0.19217081850533807,original_B,pbmc5k_to_pbmc10k,totalvi,3,
cDC2,125,135,0.9365079365079365,0.8740740740740741,0.9042145593869731,original_B,pbmc5k_to_pbmc10k,totalvi,3,
gdT,71,59,0.11884057971014493,0.6949152542372882,0.20297029702970298,original_B,pbmc5k_to_pbmc10k,totalvi,3,
B intermediate,66,68,0.3875,0.45588235294117646,0.4189189189189189,original_B,pbmc5k_to_pbmc10k,scvi_matched,4,
B memory,79,99,0.7857142857142857,0.4444444444444444,0.567741935483871,original_B,pbmc5k_to_pbmc10k,scvi_matched,4,
B naive,128,315,0.9067055393586005,0.9873015873015873,0.9452887537993921,original_B,pbmc5k_to_pbmc10k,scvi_matched,4,
CD14 Mono,937,1237,0.927536231884058,0.9830234438156831,0.9544740973312402,original_B,pbmc5k_to_pbmc10k,scvi_matched,4,
CD16 Mono,131,103,0.9900990099009901,0.970873786407767,0.9803921568627451,original_B,pbmc5k_to_pbmc10k,scvi_matched,4,
CD4 Naive,378,795,0.640533778148457,0.9660377358490566,0.7703109327983951,original_B,pbmc5k_to_pbmc10k,scvi_matched,4,
CD4 TCM,327,580,0.7870967741935484,0.6310344827586207,0.7004784688995215,original_B,pbmc5k_to_pbmc10k,scvi_matched,4,
CD4 TEM,272,281,0.4840182648401826,0.7544483985765125,0.5897079276773296,original_B,pbmc5k_to_pbmc10k,scvi_matched,4,
CD8 Naive,48,320,0.9736842105263158,0.115625,0.20670391061452514,original_B,pbmc5k_to_pbmc10k,scvi_matched,4,
CD8 TCM,34,77,0.375,0.03896103896103896,0.07058823529411765,original_B,pbmc5k_to_pbmc10k,scvi_matched,4,
CD8 TEM,147,246,0.8181818181818182,0.9512195121951219,0.8796992481203008,original_B,pbmc5k_to_pbmc10k,scvi_matched,4,
Eryth,86,144,0.8306451612903226,0.7152777777777778,0.7686567164179104,original_B,pbmc5k_to_pbmc10k,scvi_matched,4,
ILC,98,65,0.8095238095238095,0.26153846153846155,0.3953488372093023,original_B,pbmc5k_to_pbmc10k,scvi_matched,4,
MAIT,24,356,1.0,0.0056179775280898875,0.0111731843575419,original_B,pbmc5k_to_pbmc10k,scvi_matched,4,
NK,251,760,0.9972489683631361,0.9539473684210527,0.9751176866173503,original_B,pbmc5k_to_pbmc10k,scvi_matched,4,
NK_CD56bright,30,35,0.9,0.7714285714285715,0.8307692307692308,original_B,pbmc5k_to_pbmc10k,scvi_matched,4,
Treg,59,241,0.4376899696048632,0.5975103734439834,0.5052631578947369,original_B,pbmc5k_to_pbmc10k,scvi_matched,4,
cDC2,125,135,1.0,0.6222222222222222,0.7671232876712328,original_B,pbmc5k_to_pbmc10k,scvi_matched,4,
gdT,71,59,0.08759124087591241,0.4067796610169492,0.14414414414414414,original_B,pbmc5k_to_pbmc10k,scvi_matched,4,
B intermediate,66,68,0.6170212765957447,0.4264705882352941,0.5043478260869565,original_B,pbmc5k_to_pbmc10k,totalvi,4,
B memory,79,99,0.8255813953488372,0.7171717171717171,0.7675675675675676,original_B,pbmc5k_to_pbmc10k,totalvi,4,
B naive,128,315,0.8942857142857142,0.9936507936507937,0.9413533834586466,original_B,pbmc5k_to_pbmc10k,totalvi,4,
CD14 Mono,937,1237,0.9356814701378254,0.9878738884397736,0.9610696028313016,original_B,pbmc5k_to_pbmc10k,totalvi,4,
CD16 Mono,131,103,0.98,0.9514563106796117,0.9655172413793104,original_B,pbmc5k_to_pbmc10k,totalvi,4,
CD4 Naive,378,795,0.8420479302832244,0.9723270440251572,0.9025102159953299,original_B,pbmc5k_to_pbmc10k,totalvi,4,
CD4 TCM,327,580,0.8113948919449901,0.7120689655172414,0.758494031221304,original_B,pbmc5k_to_pbmc10k,totalvi,4,
CD4 TEM,272,281,0.4251824817518248,0.8291814946619217,0.5621230398069964,original_B,pbmc5k_to_pbmc10k,totalvi,4,
CD8 Naive,48,320,0.9525547445255474,0.815625,0.8787878787878788,original_B,pbmc5k_to_pbmc10k,totalvi,4,
CD8 TCM,34,77,0.5,0.18181818181818182,0.26666666666666666,original_B,pbmc5k_to_pbmc10k,totalvi,4,
CD8 TEM,147,246,0.8113879003558719,0.926829268292683,0.8652751423149905,original_B,pbmc5k_to_pbmc10k,totalvi,4,
Eryth,86,144,0.8598130841121495,0.6388888888888888,0.7330677290836654,original_B,pbmc5k_to_pbmc10k,totalvi,4,
ILC,98,65,0.7777777777777778,0.2153846153846154,0.3373493975903614,original_B,pbmc5k_to_pbmc10k,totalvi,4,
MAIT,24,356,1.0,0.014044943820224719,0.027700831024930747,original_B,pbmc5k_to_pbmc10k,totalvi,4,
NK,251,760,0.9869791666666666,0.9973684210526316,0.9921465968586387,original_B,pbmc5k_to_pbmc10k,totalvi,4,
NK_CD56bright,30,35,0.9230769230769231,0.6857142857142857,0.7868852459016393,original_B,pbmc5k_to_pbmc10k,totalvi,4,
Treg,59,241,0.6,0.5850622406639004,0.592436974789916,original_B,pbmc5k_to_pbmc10k,totalvi,4,
cDC2,125,135,0.9905660377358491,0.7777777777777778,0.8713692946058091,original_B,pbmc5k_to_pbmc10k,totalvi,4,
gdT,71,59,0.08333333333333333,0.288135593220339,0.12927756653992395,original_B,pbmc5k_to_pbmc10k,totalvi,4,
B intermediate,31,66,0.6037735849056604,0.48484848484848486,0.5378151260504201,size_matched_A,pbmc10k_to_pbmc5k,scvi_matched,0,0.0
B memory,66,79,0.6634615384615384,0.8734177215189873,0.7540983606557377,size_matched_A,pbmc10k_to_pbmc5k,scvi_matched,0,0.0
B naive,180,128,0.9741379310344828,0.8828125,0.9262295081967213,size_matched_A,pbmc10k_to_pbmc5k,scvi_matched,0,0.0
CD14 Mono,696,937,0.9429153924566769,0.9871931696905016,0.9645464025026069,size_matched_A,pbmc10k_to_pbmc5k,scvi_matched,0,0.0
CD16 Mono,53,131,0.9389312977099237,0.9389312977099237,0.9389312977099237,size_matched_A,pbmc10k_to_pbmc5k,scvi_matched,0,0.0
CD4 Naive,471,378,0.8388278388278388,0.6058201058201058,0.7035330261136713,size_matched_A,pbmc10k_to_pbmc5k,scvi_matched,0,0.0
CD4 TCM,335,327,0.5038910505836576,0.7920489296636085,0.6159334126040428,size_matched_A,pbmc10k_to_pbmc5k,scvi_matched,0,0.0
CD4 TEM,169,272,0.7848605577689243,0.7242647058823529,0.7533460803059273,size_matched_A,pbmc10k_to_pbmc5k,scvi_matched,0,0.0
CD8 Naive,182,48,0.4948453608247423,1.0,0.6620689655172414,size_matched_A,pbmc10k_to_pbmc5k,scvi_matched,0,0.0
CD8 TCM,46,34,0.4074074074074074,0.3235294117647059,0.36065573770491804,size_matched_A,pbmc10k_to_pbmc5k,scvi_matched,0,0.0
CD8 TEM,128,147,0.7890625,0.6870748299319728,0.7345454545454545,size_matched_A,pbmc10k_to_pbmc5k,scvi_matched,0,0.0
Eryth,76,86,0.8695652173913043,0.46511627906976744,0.6060606060606061,size_matched_A,pbmc10k_to_pbmc5k,scvi_matched,0,0.0
ILC,39,98,0.39622641509433965,0.21428571428571427,0.2781456953642384,size_matched_A,pbmc10k_to_pbmc5k,scvi_matched,0,0.0
MAIT,197,24,0.3333333333333333,0.625,0.43478260869565216,size_matched_A,pbmc10k_to_pbmc5k,scvi_matched,0,0.0
NK,453,251,0.9360902255639098,0.9920318725099602,0.9632495164410058,size_matched_A,pbmc10k_to_pbmc5k,scvi_matched,0,0.0
NK_CD56bright,21,30,0.9166666666666666,0.7333333333333333,0.8148148148148148,size_matched_A,pbmc10k_to_pbmc5k,scvi_matched,0,0.0
Treg,155,59,0.2857142857142857,0.06779661016949153,0.1095890410958904,size_matched_A,pbmc10k_to_pbmc5k,scvi_matched,0,0.0
cDC2,83,125,0.9758064516129032,0.968,0.9718875502008032,size_matched_A,pbmc10k_to_pbmc5k,scvi_matched,0,0.0
gdT,37,71,0.3181818181818182,0.19718309859154928,0.24347826086956523,size_matched_A,pbmc10k_to_pbmc5k,scvi_matched,0,0.0
B intermediate,31,66,0.5217391304347826,0.36363636363636365,0.42857142857142855,size_matched_A,pbmc10k_to_pbmc5k,totalvi,0,0.0
B memory,66,79,0.6173913043478261,0.8987341772151899,0.7319587628865979,size_matched_A,pbmc10k_to_pbmc5k,totalvi,0,0.0
B naive,180,128,0.981651376146789,0.8359375,0.9029535864978903,size_matched_A,pbmc10k_to_pbmc5k,totalvi,0,0.0
CD14 Mono,696,937,0.9670912951167728,0.9722518676627535,0.9696647152740819,size_matched_A,pbmc10k_to_pbmc5k,totalvi,0,0.0
CD16 Mono,53,131,0.8904109589041096,0.9923664122137404,0.9386281588447654,size_matched_A,pbmc10k_to_pbmc5k,totalvi,0,0.0
CD4 Naive,471,378,0.8011204481792717,0.7566137566137566,0.7782312925170068,size_matched_A,pbmc10k_to_pbmc5k,totalvi,0,0.0
CD4 TCM,335,327,0.4809027777777778,0.8470948012232415,0.6135105204872646,size_matched_A,pbmc10k_to_pbmc5k,totalvi,0,0.0
CD4 TEM,169,272,0.574750830564784,0.6360294117647058,0.6038394415357766,size_matched_A,pbmc10k_to_pbmc5k,totalvi,0,0.0
CD8 Naive,182,48,0.9333333333333333,0.5833333333333334,0.717948717948718,size_matched_A,pbmc10k_to_pbmc5k,totalvi,0,0.0
CD8 TCM,46,34,0.47619047619047616,0.29411764705882354,0.36363636363636365,size_matched_A,pbmc10k_to_pbmc5k,totalvi,0,0.0
CD8 TEM,128,147,0.8607594936708861,0.46258503401360546,0.6017699115044248,size_matched_A,pbmc10k_to_pbmc5k,totalvi,0,0.0
Eryth,76,86,0.8676470588235294,0.686046511627907,0.7662337662337663,size_matched_A,pbmc10k_to_pbmc5k,totalvi,0,0.0
ILC,39,98,0.7272727272727273,0.08163265306122448,0.14678899082568808,size_matched_A,pbmc10k_to_pbmc5k,totalvi,0,0.0
MAIT,197,24,0.3090909090909091,0.7083333333333334,0.43037974683544306,size_matched_A,pbmc10k_to_pbmc5k,totalvi,0,0.0
NK,453,251,0.9227941176470589,1.0,0.9598470363288719,size_matched_A,pbmc10k_to_pbmc5k,totalvi,0,0.0
NK_CD56bright,21,30,1.0,0.7333333333333333,0.8461538461538461,size_matched_A,pbmc10k_to_pbmc5k,totalvi,0,0.0
Treg,155,59,0.3333333333333333,0.06779661016949153,0.11267605633802817,size_matched_A,pbmc10k_to_pbmc5k,totalvi,0,0.0
cDC2,83,125,0.9754098360655737,0.952,0.9635627530364372,size_matched_A,pbmc10k_to_pbmc5k,totalvi,0,0.0
gdT,37,71,0.42857142857142855,0.04225352112676056,0.07692307692307693,size_matched_A,pbmc10k_to_pbmc5k,totalvi,0,0.0
B intermediate,36,66,0.41935483870967744,0.3939393939393939,0.40625,size_matched_A,pbmc10k_to_pbmc5k,scvi_matched,0,1.0
B memory,64,79,0.5982905982905983,0.8860759493670886,0.7142857142857143,size_matched_A,pbmc10k_to_pbmc5k,scvi_matched,0,1.0
B naive,176,128,0.9791666666666666,0.734375,0.8392857142857143,size_matched_A,pbmc10k_to_pbmc5k,scvi_matched,0,1.0
CD14 Mono,717,937,0.9479591836734694,0.991462113127001,0.9692227438706312,size_matched_A,pbmc10k_to_pbmc5k,scvi_matched,0,1.0
CD16 Mono,72,131,0.9699248120300752,0.9847328244274809,0.9772727272727273,size_matched_A,pbmc10k_to_pbmc5k,scvi_matched,0,1.0
CD4 Naive,450,378,0.842809364548495,0.6666666666666666,0.7444608567208272,size_matched_A,pbmc10k_to_pbmc5k,scvi_matched,0,1.0
CD4 TCM,352,327,0.5178571428571429,0.7981651376146789,0.628158844765343,size_matched_A,pbmc10k_to_pbmc5k,scvi_matched,0,1.0
CD4 TEM,171,272,0.7795275590551181,0.7279411764705882,0.752851711026616,size_matched_A,pbmc10k_to_pbmc5k,scvi_matched,0,1.0
CD8 Naive,189,48,0.5581395348837209,1.0,0.7164179104477612,size_matched_A,pbmc10k_to_pbmc5k,scvi_matched,0,1.0
CD8 TCM,47,34,0.3103448275862069,0.2647058823529412,0.2857142857142857,size_matched_A,pbmc10k_to_pbmc5k,scvi_matched,0,1.0
CD8 TEM,138,147,0.8666666666666667,0.5306122448979592,0.6582278481012658,size_matched_A,pbmc10k_to_pbmc5k,scvi_matched,0,1.0
Eryth,82,86,0.6567164179104478,0.5116279069767442,0.5751633986928104,size_matched_A,pbmc10k_to_pbmc5k,scvi_matched,0,1.0
ILC,41,98,0.5454545454545454,0.12244897959183673,0.2,size_matched_A,pbmc10k_to_pbmc5k,scvi_matched,0,1.0
MAIT,206,24,0.21649484536082475,0.875,0.34710743801652894,size_matched_A,pbmc10k_to_pbmc5k,scvi_matched,0,1.0
NK,427,251,0.9283018867924528,0.9800796812749004,0.9534883720930233,size_matched_A,pbmc10k_to_pbmc5k,scvi_matched,0,1.0
NK_CD56bright,22,30,0.8333333333333334,0.8333333333333334,0.8333333333333334,size_matched_A,pbmc10k_to_pbmc5k,scvi_matched,0,1.0
Treg,139,59,0.625,0.0847457627118644,0.14925373134328357,size_matched_A,pbmc10k_to_pbmc5k,scvi_matched,0,1.0
cDC2,70,125,0.9663865546218487,0.92,0.9426229508196722,size_matched_A,pbmc10k_to_pbmc5k,scvi_matched,0,1.0
gdT,29,71,0.30303030303030304,0.14084507042253522,0.19230769230769232,size_matched_A,pbmc10k_to_pbmc5k,scvi_matched,0,1.0
B intermediate,36,66,0.7,0.5303030303030303,0.603448275862069,size_matched_A,pbmc10k_to_pbmc5k,totalvi,0,1.0
B memory,64,79,0.7052631578947368,0.8481012658227848,0.7701149425287356,size_matched_A,pbmc10k_to_pbmc5k,totalvi,0,1.0
B naive,176,128,0.96875,0.96875,0.96875,size_matched_A,pbmc10k_to_pbmc5k,totalvi,0,1.0
CD14 Mono,717,937,0.9572916666666667,0.9807897545357525,0.9688982604111755,size_matched_A,pbmc10k_to_pbmc5k,totalvi,0,1.0
CD16 Mono,72,131,0.9280575539568345,0.9847328244274809,0.9555555555555556,size_matched_A,pbmc10k_to_pbmc5k,totalvi,0,1.0
CD4 Naive,450,378,0.7463917525773196,0.9576719576719577,0.8389339513325609,size_matched_A,pbmc10k_to_pbmc5k,totalvi,0,1.0
CD4 TCM,352,327,0.6177474402730375,0.5535168195718655,0.5838709677419355,size_matched_A,pbmc10k_to_pbmc5k,totalvi,0,1.0
CD4 TEM,171,272,0.7161716171617162,0.7977941176470589,0.7547826086956522,size_matched_A,pbmc10k_to_pbmc5k,totalvi,0,1.0
CD8 Naive,189,48,0.7758620689655172,0.9375,0.8490566037735849,size_matched_A,pbmc10k_to_pbmc5k,totalvi,0,1.0
CD8 TCM,47,34,0.625,0.14705882352941177,0.23809523809523808,size_matched_A,pbmc10k_to_pbmc5k,totalvi,0,1.0
CD8 TEM,138,147,0.8813559322033898,0.7074829931972789,0.7849056603773585,size_matched_A,pbmc10k_to_pbmc5k,totalvi,0,1.0
Eryth,82,86,0.6867469879518072,0.6627906976744186,0.6745562130177515,size_matched_A,pbmc10k_to_pbmc5k,totalvi,0,1.0
ILC,41,98,0.7692307692307693,0.10204081632653061,0.18018018018018017,size_matched_A,pbmc10k_to_pbmc5k,totalvi,0,1.0
MAIT,206,24,0.205607476635514,0.9166666666666666,0.33587786259541985,size_matched_A,pbmc10k_to_pbmc5k,totalvi,0,1.0
NK,427,251,0.8283828382838284,1.0,0.9061371841155235,size_matched_A,pbmc10k_to_pbmc5k,totalvi,0,1.0
NK_CD56bright,22,30,1.0,0.6333333333333333,0.7755102040816326,size_matched_A,pbmc10k_to_pbmc5k,totalvi,0,1.0
Treg,139,59,0.5,0.01694915254237288,0.03278688524590164,size_matched_A,pbmc10k_to_pbmc5k,totalvi,0,1.0
cDC2,70,125,0.991304347826087,0.912,0.95,size_matched_A,pbmc10k_to_pbmc5k,totalvi,0,1.0
gdT,29,71,0.25,0.04225352112676056,0.07228915662650602,size_matched_A,pbmc10k_to_pbmc5k,totalvi,0,1.0
B intermediate,35,66,0.49056603773584906,0.3939393939393939,0.4369747899159664,size_matched_A,pbmc10k_to_pbmc5k,scvi_matched,0,2.0
B memory,58,79,0.6120689655172413,0.8987341772151899,0.7282051282051282,size_matched_A,pbmc10k_to_pbmc5k,scvi_matched,0,2.0
B naive,178,128,0.9905660377358491,0.8203125,0.8974358974358975,size_matched_A,pbmc10k_to_pbmc5k,scvi_matched,0,2.0
CD14 Mono,704,937,0.9345417925478349,0.9903948772678762,0.9616580310880829,size_matched_A,pbmc10k_to_pbmc5k,scvi_matched,0,2.0
CD16 Mono,67,131,0.9752066115702479,0.9007633587786259,0.9365079365079365,size_matched_A,pbmc10k_to_pbmc5k,scvi_matched,0,2.0
CD4 Naive,459,378,0.8384146341463414,0.7275132275132276,0.7790368271954674,size_matched_A,pbmc10k_to_pbmc5k,scvi_matched,0,2.0
CD4 TCM,345,327,0.4880294659300184,0.8103975535168195,0.6091954022988506,size_matched_A,pbmc10k_to_pbmc5k,scvi_matched,0,2.0
CD4 TEM,168,272,0.7931034482758621,0.6764705882352942,0.7301587301587301,size_matched_A,pbmc10k_to_pbmc5k,scvi_matched,0,2.0
CD8 Naive,191,48,0.7666666666666667,0.9583333333333334,0.8518518518518519,size_matched_A,pbmc10k_to_pbmc5k,scvi_matched,0,2.0
CD8 TCM,45,34,0.3103448275862069,0.2647058823529412,0.2857142857142857,size_matched_A,pbmc10k_to_pbmc5k,scvi_matched,0,2.0
CD8 TEM,142,147,0.7425742574257426,0.5102040816326531,0.6048387096774194,size_matched_A,pbmc10k_to_pbmc5k,scvi_matched,0,2.0
Eryth,77,86,0.6896551724137931,0.46511627906976744,0.5555555555555556,size_matched_A,pbmc10k_to_pbmc5k,scvi_matched,0,2.0
ILC,39,98,0.7142857142857143,0.10204081632653061,0.17857142857142858,size_matched_A,pbmc10k_to_pbmc5k,scvi_matched,0,2.0
MAIT,214,24,0.34782608695652173,0.6666666666666666,0.45714285714285713,size_matched_A,pbmc10k_to_pbmc5k,scvi_matched,0,2.0
NK,462,251,0.9216417910447762,0.9840637450199203,0.9518304431599229,size_matched_A,pbmc10k_to_pbmc5k,scvi_matched,0,2.0
NK_CD56bright,25,30,0.8518518518518519,0.7666666666666667,0.8070175438596491,size_matched_A,pbmc10k_to_pbmc5k,scvi_matched,0,2.0
Treg,132,59,0.4666666666666667,0.11864406779661017,0.1891891891891892,size_matched_A,pbmc10k_to_pbmc5k,scvi_matched,0,2.0
cDC2,76,125,0.9833333333333333,0.944,0.963265306122449,size_matched_A,pbmc10k_to_pbmc5k,scvi_matched,0,2.0
gdT,37,71,0.29508196721311475,0.2535211267605634,0.2727272727272727,size_matched_A,pbmc10k_to_pbmc5k,scvi_matched,0,2.0
B intermediate,35,66,0.6730769230769231,0.5303030303030303,0.5932203389830508,size_matched_A,pbmc10k_to_pbmc5k,totalvi,0,2.0
B memory,58,79,0.7142857142857143,0.8860759493670886,0.7909604519774012,size_matched_A,pbmc10k_to_pbmc5k,totalvi,0,2.0
B naive,178,128,0.967479674796748,0.9296875,0.9482071713147411,size_matched_A,pbmc10k_to_pbmc5k,totalvi,0,2.0
CD14 Mono,704,937,0.9247743229689067,0.983991462113127,0.953464322647363,size_matched_A,pbmc10k_to_pbmc5k,totalvi,0,2.0
CD16 Mono,67,131,0.9473684210526315,0.9618320610687023,0.9545454545454546,size_matched_A,pbmc10k_to_pbmc5k,totalvi,0,2.0
CD4 Naive,459,378,0.7985781990521327,0.8915343915343915,0.8425,size_matched_A,pbmc10k_to_pbmc5k,totalvi,0,2.0
CD4 TCM,345,327,0.6551724137931034,0.6391437308868502,0.6470588235294118,size_matched_A,pbmc10k_to_pbmc5k,totalvi,0,2.0
CD4 TEM,168,272,0.709480122324159,0.8529411764705882,0.7746243739565943,size_matched_A,pbmc10k_to_pbmc5k,totalvi,0,2.0
CD8 Naive,191,48,0.75,1.0,0.8571428571428571,size_matched_A,pbmc10k_to_pbmc5k,totalvi,0,2.0
CD8 TCM,45,34,0.41379310344827586,0.35294117647058826,0.38095238095238093,size_matched_A,pbmc10k_to_pbmc5k,totalvi,0,2.0
CD8 TEM,142,147,0.841726618705036,0.7959183673469388,0.8181818181818182,size_matched_A,pbmc10k_to_pbmc5k,totalvi,0,2.0
Eryth,77,86,0.5862068965517241,0.19767441860465115,0.2956521739130435,size_matched_A,pbmc10k_to_pbmc5k,totalvi,0,2.0
ILC,39,98,0.625,0.05102040816326531,0.09433962264150944,size_matched_A,pbmc10k_to_pbmc5k,totalvi,0,2.0
MAIT,214,24,0.26666666666666666,0.8333333333333334,0.40404040404040403,size_matched_A,pbmc10k_to_pbmc5k,totalvi,0,2.0
NK,462,251,0.899641577060932,1.0,0.9471698113207547,size_matched_A,pbmc10k_to_pbmc5k,totalvi,0,2.0
NK_CD56bright,25,30,0.7619047619047619,0.5333333333333333,0.6274509803921569,size_matched_A,pbmc10k_to_pbmc5k,totalvi,0,2.0
Treg,132,59,0.6190476190476191,0.22033898305084745,0.325,size_matched_A,pbmc10k_to_pbmc5k,totalvi,0,2.0
cDC2,76,125,0.9384615384615385,0.976,0.9568627450980393,size_matched_A,pbmc10k_to_pbmc5k,totalvi,0,2.0
gdT,37,71,0.28,0.09859154929577464,0.14583333333333334,size_matched_A,pbmc10k_to_pbmc5k,totalvi,0,2.0
B intermediate,45,66,0.44,0.3333333333333333,0.3793103448275862,size_matched_A,pbmc10k_to_pbmc5k,scvi_matched,0,3.0
B memory,61,79,0.5769230769230769,0.9493670886075949,0.7177033492822966,size_matched_A,pbmc10k_to_pbmc5k,scvi_matched,0,3.0
B naive,182,128,0.9893617021276596,0.7265625,0.8378378378378378,size_matched_A,pbmc10k_to_pbmc5k,scvi_matched,0,3.0
CD14 Mono,709,937,0.9303733602421796,0.983991462113127,0.9564315352697096,size_matched_A,pbmc10k_to_pbmc5k,scvi_matched,0,3.0
CD16 Mono,65,131,0.9557522123893806,0.8244274809160306,0.8852459016393442,size_matched_A,pbmc10k_to_pbmc5k,scvi_matched,0,3.0
CD4 Naive,450,378,0.8442367601246106,0.716931216931217,0.7753934191702432,size_matched_A,pbmc10k_to_pbmc5k,scvi_matched,0,3.0
CD4 TCM,348,327,0.49056603773584906,0.7951070336391437,0.6067677946324388,size_matched_A,pbmc10k_to_pbmc5k,scvi_matched,0,3.0
CD4 TEM,171,272,0.7083333333333334,0.625,0.6640625,size_matched_A,pbmc10k_to_pbmc5k,scvi_matched,0,3.0
CD8 Naive,194,48,0.6818181818181818,0.9375,0.7894736842105263,size_matched_A,pbmc10k_to_pbmc5k,scvi_matched,0,3.0
CD8 TCM,49,34,0.19230769230769232,0.29411764705882354,0.23255813953488372,size_matched_A,pbmc10k_to_pbmc5k,scvi_matched,0,3.0
CD8 TEM,147,147,0.6938775510204082,0.46258503401360546,0.5551020408163265,size_matched_A,pbmc10k_to_pbmc5k,scvi_matched,0,3.0
Eryth,75,86,0.7758620689655172,0.5232558139534884,0.625,size_matched_A,pbmc10k_to_pbmc5k,scvi_matched,0,3.0
ILC,41,98,0.37254901960784315,0.19387755102040816,0.2550335570469799,size_matched_A,pbmc10k_to_pbmc5k,scvi_matched,0,3.0
MAIT,210,24,0.36363636363636365,0.6666666666666666,0.47058823529411764,size_matched_A,pbmc10k_to_pbmc5k,scvi_matched,0,3.0
NK,429,251,0.9607843137254902,0.9760956175298805,0.9683794466403162,size_matched_A,pbmc10k_to_pbmc5k,scvi_matched,0,3.0
NK_CD56bright,22,30,0.9130434782608695,0.7,0.7924528301886793,size_matched_A,pbmc10k_to_pbmc5k,scvi_matched,0,3.0
Treg,143,59,0.35294117647058826,0.1016949152542373,0.15789473684210525,size_matched_A,pbmc10k_to_pbmc5k,scvi_matched,0,3.0
cDC2,79,125,0.9754098360655737,0.952,0.9635627530364372,size_matched_A,pbmc10k_to_pbmc5k,scvi_matched,0,3.0
gdT,32,71,0.3888888888888889,0.19718309859154928,0.2616822429906542,size_matched_A,pbmc10k_to_pbmc5k,scvi_matched,0,3.0
B intermediate,45,66,0.7272727272727273,0.48484848484848486,0.5818181818181818,size_matched_A,pbmc10k_to_pbmc5k,totalvi,0,3.0
B memory,61,79,0.6990291262135923,0.9113924050632911,0.7912087912087912,size_matched_A,pbmc10k_to_pbmc5k,totalvi,0,3.0
B naive,182,128,0.9682539682539683,0.953125,0.9606299212598425,size_matched_A,pbmc10k_to_pbmc5k,totalvi,0,3.0
CD14 Mono,709,937,0.9721925133689839,0.9701173959445037,0.9711538461538461,size_matched_A,pbmc10k_to_pbmc5k,totalvi,0,3.0
CD16 Mono,65,131,0.9078014184397163,0.9770992366412213,0.9411764705882353,size_matched_A,pbmc10k_to_pbmc5k,totalvi,0,3.0
CD4 Naive,450,378,0.8094059405940595,0.8650793650793651,0.8363171355498721,size_matched_A,pbmc10k_to_pbmc5k,totalvi,0,3.0
CD4 TCM,348,327,0.5601965601965602,0.6972477064220184,0.6212534059945504,size_matched_A,pbmc10k_to_pbmc5k,totalvi,0,3.0
CD4 TEM,171,272,0.8222222222222222,0.6801470588235294,0.744466800804829,size_matched_A,pbmc10k_to_pbmc5k,totalvi,0,3.0
CD8 Naive,194,48,0.8461538461538461,0.9166666666666666,0.88,size_matched_A,pbmc10k_to_pbmc5k,totalvi,0,3.0
CD8 TCM,49,34,0.45714285714285713,0.47058823529411764,0.463768115942029,size_matched_A,pbmc10k_to_pbmc5k,totalvi,0,3.0
CD8 TEM,147,147,0.7961783439490446,0.8503401360544217,0.8223684210526315,size_matched_A,pbmc10k_to_pbmc5k,totalvi,0,3.0
Eryth,75,86,0.5882352941176471,0.813953488372093,0.6829268292682927,size_matched_A,pbmc10k_to_pbmc5k,totalvi,0,3.0
ILC,41,98,0.5,0.061224489795918366,0.10909090909090909,size_matched_A,pbmc10k_to_pbmc5k,totalvi,0,3.0
MAIT,210,24,0.26582278481012656,0.875,0.4077669902912621,size_matched_A,pbmc10k_to_pbmc5k,totalvi,0,3.0
NK,429,251,0.916058394160584,1.0,0.9561904761904761,size_matched_A,pbmc10k_to_pbmc5k,totalvi,0,3.0
NK_CD56bright,22,30,1.0,0.5333333333333333,0.6956521739130435,size_matched_A,pbmc10k_to_pbmc5k,totalvi,0,3.0
Treg,143,59,0.4090909090909091,0.3050847457627119,0.34951456310679613,size_matched_A,pbmc10k_to_pbmc5k,totalvi,0,3.0
cDC2,79,125,0.9914529914529915,0.928,0.9586776859504132,size_matched_A,pbmc10k_to_pbmc5k,totalvi,0,3.0
gdT,32,71,1.0,0.014084507042253521,0.027777777777777776,size_matched_A,pbmc10k_to_pbmc5k,totalvi,0,3.0
B intermediate,47,66,0.5441176470588235,0.5606060606060606,0.5522388059701493,size_matched_A,pbmc10k_to_pbmc5k,scvi_matched,0,4.0
B memory,60,79,0.6509433962264151,0.8734177215189873,0.745945945945946,size_matched_A,pbmc10k_to_pbmc5k,scvi_matched,0,4.0
B naive,189,128,0.9814814814814815,0.828125,0.8983050847457628,size_matched_A,pbmc10k_to_pbmc5k,scvi_matched,0,4.0
CD14 Mono,710,937,0.943762781186094,0.9850586979722519,0.9639686684073107,size_matched_A,pbmc10k_to_pbmc5k,scvi_matched,0,4.0
CD16 Mono,56,131,0.9758064516129032,0.9236641221374046,0.9490196078431372,size_matched_A,pbmc10k_to_pbmc5k,scvi_matched,0,4.0
CD4 Naive,466,378,0.8733031674208145,0.5105820105820106,0.6444073455759599,size_matched_A,pbmc10k_to_pbmc5k,scvi_matched,0,4.0
CD4 TCM,333,327,0.4981949458483754,0.8440366972477065,0.626560726447219,size_matched_A,pbmc10k_to_pbmc5k,scvi_matched,0,4.0
CD4 TEM,169,272,0.7567567567567568,0.7205882352941176,0.7382297551789078,size_matched_A,pbmc10k_to_pbmc5k,scvi_matched,0,4.0
CD8 Naive,178,48,0.4423076923076923,0.9583333333333334,0.6052631578947368,size_matched_A,pbmc10k_to_pbmc5k,scvi_matched,0,4.0
CD8 TCM,39,34,0.25,0.35294117647058826,0.2926829268292683,size_matched_A,pbmc10k_to_pbmc5k,scvi_matched,0,4.0
CD8 TEM,157,147,0.7155172413793104,0.564625850340136,0.6311787072243346,size_matched_A,pbmc10k_to_pbmc5k,scvi_matched,0,4.0
Eryth,76,86,0.7868852459016393,0.5581395348837209,0.6530612244897959,size_matched_A,pbmc10k_to_pbmc5k,scvi_matched,0,4.0
ILC,38,98,0.7222222222222222,0.1326530612244898,0.22413793103448276,size_matched_A,pbmc10k_to_pbmc5k,scvi_matched,0,4.0
MAIT,219,24,0.18518518518518517,0.8333333333333334,0.30303030303030304,size_matched_A,pbmc10k_to_pbmc5k,scvi_matched,0,4.0
NK,437,251,0.9536679536679536,0.9840637450199203,0.9686274509803922,size_matched_A,pbmc10k_to_pbmc5k,scvi_matched,0,4.0
NK_CD56bright,20,30,1.0,0.6,0.75,size_matched_A,pbmc10k_to_pbmc5k,scvi_matched,0,4.0
Treg,130,59,0.3333333333333333,0.1016949152542373,0.15584415584415584,size_matched_A,pbmc10k_to_pbmc5k,scvi_matched,0,4.0
cDC2,79,125,0.9745762711864406,0.92,0.9465020576131687,size_matched_A,pbmc10k_to_pbmc5k,scvi_matched,0,4.0
gdT,33,71,0.4,0.028169014084507043,0.05263157894736842,size_matched_A,pbmc10k_to_pbmc5k,scvi_matched,0,4.0
B intermediate,47,66,0.463768115942029,0.48484848484848486,0.4740740740740741,size_matched_A,pbmc10k_to_pbmc5k,totalvi,0,4.0
B memory,60,79,0.8536585365853658,0.4430379746835443,0.5833333333333334,size_matched_A,pbmc10k_to_pbmc5k,totalvi,0,4.0
B naive,189,128,0.7619047619047619,1.0,0.8648648648648649,size_matched_A,pbmc10k_to_pbmc5k,totalvi,0,4.0
CD14 Mono,710,937,0.9309644670050762,0.9786552828175027,0.9542143600416233,size_matched_A,pbmc10k_to_pbmc5k,totalvi,0,4.0
CD16 Mono,56,131,0.8881118881118881,0.9694656488549618,0.927007299270073,size_matched_A,pbmc10k_to_pbmc5k,totalvi,0,4.0
CD4 Naive,466,378,0.7926267281105991,0.91005291005291,0.8472906403940886,size_matched_A,pbmc10k_to_pbmc5k,totalvi,0,4.0
CD4 TCM,333,327,0.6758620689655173,0.599388379204893,0.6353322528363047,size_matched_A,pbmc10k_to_pbmc5k,totalvi,0,4.0
CD4 TEM,169,272,0.6338797814207651,0.8529411764705882,0.7272727272727273,size_matched_A,pbmc10k_to_pbmc5k,totalvi,0,4.0
CD8 Naive,178,48,0.851063829787234,0.8333333333333334,0.8421052631578947,size_matched_A,pbmc10k_to_pbmc5k,totalvi,0,4.0
CD8 TCM,39,34,0.5,0.11764705882352941,0.19047619047619047,size_matched_A,pbmc10k_to_pbmc5k,totalvi,0,4.0
CD8 TEM,157,147,0.828125,0.7210884353741497,0.7709090909090909,size_matched_A,pbmc10k_to_pbmc5k,totalvi,0,4.0
Eryth,76,86,0.6111111111111112,0.2558139534883721,0.36065573770491804,size_matched_A,pbmc10k_to_pbmc5k,totalvi,0,4.0
ILC,38,98,0.8,0.04081632653061224,0.07766990291262135,size_matched_A,pbmc10k_to_pbmc5k,totalvi,0,4.0
MAIT,219,24,0.19090909090909092,0.875,0.31343283582089554,size_matched_A,pbmc10k_to_pbmc5k,totalvi,0,4.0
NK,437,251,0.9028776978417267,1.0,0.9489603024574669,size_matched_A,pbmc10k_to_pbmc5k,totalvi,0,4.0
NK_CD56bright,20,30,1.0,0.5333333333333333,0.6956521739130435,size_matched_A,pbmc10k_to_pbmc5k,totalvi,0,4.0
Treg,130,59,0.5925925925925926,0.2711864406779661,0.37209302325581395,size_matched_A,pbmc10k_to_pbmc5k,totalvi,0,4.0
cDC2,79,125,0.9448818897637795,0.96,0.9523809523809523,size_matched_A,pbmc10k_to_pbmc5k,totalvi,0,4.0
gdT,33,71,0.46153846153846156,0.08450704225352113,0.14285714285714285,size_matched_A,pbmc10k_to_pbmc5k,totalvi,0,4.0
