experiment,fold,model,seed,n_cells,macro_f1,accuracy,balanced_accuracy,error_prevalence,error_auroc,error_auprc,nll,brier,ece_equal_frequency,ece_equal_width,full_aurc,paurc_0.5_1.0,e_aurc,aurc_star_perfect_ranking,risk_100,risk_90,risk_80,risk_70,risk_60,risk_50,latent_error_auroc,latent_error_auprc,table_block,n_seeds,macro_f1_mean,macro_f1_sd,nll_mean,nll_sd,brier_mean,brier_sd,ece_equal_frequency_mean,ece_equal_frequency_sd,full_aurc_historical_column_mean,full_aurc_historical_column_sd,full_aurc_from_curve,paurc_0.5_1.0_from_curve,note,accuracy_mean,balanced_accuracy_mean,error_prevalence_mean,error_auroc_mean,error_auprc_mean,latent_error_auroc_mean,ece_equal_width_mean,full_aurc_mean,full_aurc_sd
Lawlor,0.0,scvi_matched,0.0,676.0,0.796977820362466,0.7677514792899408,0.801361200666186,0.2322485207100591,0.8094694598873384,0.5159558349524433,0.554016649723053,0.3155567348003387,0.032326769987507,0.0262050530349714,0.0797944771494814,0.1465989391183435,0.0502826912975252,0.0295117858519561,0.2322485207100592,0.1891447368421053,0.155268022181146,0.1310782241014799,0.1034482758620689,0.0680473372781065,0.5938171152264891,0.3411779823336747,lawlor_run_level,,,,,,,,,,,,,,,,,,,,,,,
Lawlor,0.0,scvi_matched,1.0,676.0,0.7918769223549793,0.7633136094674556,0.7950777098262408,0.2366863905325443,0.8138565891472869,0.5451135133160019,0.5726296901702881,0.3233247399330139,0.0269275598624754,0.0229731179200685,0.0807540541523109,0.1483222072753955,0.0500532560106532,0.0307007981416576,0.2366863905325443,0.194078947368421,0.1626617375231053,0.1310782241014799,0.1009852216748768,0.0621301775147928,0.5990188953488371,0.2980342262791254,lawlor_run_level,,,,,,,,,,,,,,,,,,,,,,,
Lawlor,0.0,scvi_matched,2.0,676.0,0.8134649362051708,0.7840236686390533,0.8120010045485498,0.2159763313609467,0.8075471698113206,0.5293952273440388,0.5483638644218445,0.3073808550834656,0.0291696492384171,0.0286757390086467,0.0729914053412818,0.1353643525781023,0.0476209752383688,0.025370430102913,0.2159763313609467,0.1726973684210526,0.1497227356746765,0.1247357293868921,0.0886699507389162,0.059171597633136,0.6006978547428277,0.2660660510977469,lawlor_run_level,,,,,,,,,,,,,,,,,,,,,,,
Lawlor,0.0,scvi_matched,3.0,676.0,0.7956459435626103,0.764792899408284,0.7956817176631418,0.2352071005917159,0.8393002688466358,0.5912978128140058,0.5492737293243408,0.3100390434265136,0.0478840594637323,0.0436336272919672,0.0731652609656179,0.1360162025663725,0.0428636597084387,0.0303016012571791,0.235207100591716,0.1809210526315789,0.1460258780036968,0.1183932346723044,0.086206896551724,0.0680473372781065,0.605574005814873,0.2984686493107674,lawlor_run_level,,,,,,,,,,,,,,,,,,,,,,,
Lawlor,0.0,scvi_matched,4.0,676.0,0.8137958311424393,0.7869822485207101,0.8144496565999378,0.2130177514792899,0.7992115705931495,0.4670065794135921,0.5619399547576904,0.3087410926818847,0.0535855381446477,0.0439770577045587,0.0732318831346919,0.136949378847461,0.0485779347269335,0.0246539484077583,0.2130177514792899,0.1858552631578947,0.1404805914972273,0.1226215644820295,0.1009852216748768,0.0710059171597633,0.5693139097744361,0.2560175610611206,lawlor_run_level,,,,,,,,,,,,,,,,,,,,,,,
Lawlor,0.0,scvi_matched,5.0,676.0,0.8152224256091761,0.7884615384615384,0.8165714041369567,0.2115384615384615,0.794119576483554,0.4633548852469974,0.5354209542274475,0.3064931035041809,0.0561458557491472,0.0555666165768042,0.0743747792470875,0.1375251638674575,0.0500748981383358,0.0242998811087517,0.2115384615384615,0.1677631578947368,0.1478743068391866,0.1268498942917547,0.1083743842364531,0.0650887573964497,0.4093861110746664,0.1722568685132133,lawlor_run_level,,,,,,,,,,,,,,,,,,,,,,,
Lawlor,0.0,scvi_matched,6.0,676.0,0.8045949655388899,0.7736686390532544,0.8010053383394825,0.2263313609467455,0.8159187193041653,0.5063350138849577,0.5472627282142639,0.3074037134647369,0.0282474056150786,0.0386034443357287,0.0748983179059044,0.1375998816299992,0.0469320033316578,0.0279663145742466,0.2263313609467455,0.1907894736842105,0.1571164510166358,0.1162790697674418,0.0812807881773398,0.0650887573964497,0.5978580087229283,0.3156988326286137,lawlor_run_level,,,,,,,,,,,,,,,,,,,,,,,
Lawlor,0.0,scvi_matched,7.0,676.0,0.7943613193283708,0.7633136094674556,0.795549935627019,0.2366863905325443,0.8091206395348838,0.5349678222314481,0.5661248564720154,0.3197866976261139,0.04574788075227,0.0275692609992958,0.0818214638841836,0.1510473554880794,0.0511206657425259,0.0307007981416576,0.2366863905325443,0.1957236842105263,0.155268022181146,0.1416490486257928,0.1009852216748768,0.0710059171597633,0.6441739341085271,0.3719883053520237,lawlor_run_level,,,,,,,,,,,,,,,,,,,,,,,
Lawlor,0.0,scvi_matched,8.0,676.0,0.7885155688663865,0.757396449704142,0.7893425905335933,0.2426035502958579,0.8291134717987805,0.5723032027664046,0.5533404350280762,0.3133555650711059,0.0392002289640832,0.0425303601742496,0.0789487719511878,0.1452593908960503,0.0466224620866675,0.0323263098645203,0.242603550295858,0.1973684210526315,0.1571164510166358,0.120507399577167,0.1009852216748768,0.0650887573964497,0.5378477515243902,0.2798359946125797,lawlor_run_level,,,,,,,,,,,,,,,,,,,,,,,
Lawlor,0.0,scvi_matched,9.0,676.0,0.8115161286860693,0.7840236686390533,0.8115588078475866,0.2159763313609467,0.8098991987593693,0.4917963733872509,0.5411719083786011,0.3049663603305816,0.0363726546249446,0.0306232008620126,0.0723490651487707,0.1328716835291261,0.0469786350458577,0.025370430102913,0.2159763313609467,0.1743421052631578,0.144177449168207,0.1162790697674418,0.086206896551724,0.0680473372781065,0.6720728870509175,0.3513877868541225,lawlor_run_level,,,,,,,,,,,,,,,,,,,,,,,
Lawlor,0.0,totalvi,0.0,676.0,0.8999827781461401,0.8801775147928994,0.89879914713664,0.1198224852071005,0.7914928934536778,0.2969233640900701,0.3583381175994873,0.1969604045152664,0.0480360444304505,0.0563420360610329,0.0381216687310677,0.0698224258590814,0.0305491306484813,0.0075725380825863,0.1198224852071005,0.0970394736842105,0.0702402957486136,0.0507399577167019,0.0541871921182266,0.0355029585798816,0.6283846872082166,0.1607301359621659,lawlor_run_level,,,,,,,,,,,,,,,,,,,,,,,
Lawlor,0.0,totalvi,1.0,676.0,0.898951125274653,0.8816568047337278,0.8997104617650203,0.1183431952662721,0.8019085570469798,0.3488741303619111,0.3479084372520447,0.1880684643983841,0.0431725655258054,0.033803990518553,0.0363216170244411,0.0655430215660536,0.0289377343151733,0.0073838827092677,0.1183431952662722,0.0838815789473684,0.0702402957486136,0.054968287526427,0.0394088669950738,0.0414201183431952,0.6145553691275167,0.1536078170058822,lawlor_run_level,,,,,,,,,,,,,,,,,,,,,,,
Lawlor,0.0,totalvi,2.0,676.0,0.8915530005786229,0.871301775147929,0.890753834001133,0.128698224852071,0.8209706691645688,0.3647718643047236,0.3620631694793701,0.2005716860294342,0.023444314856501,0.019441143207296,0.0360584395980764,0.0673169902116064,0.0273016120534331,0.0087568275446433,0.128698224852071,0.0986842105263158,0.0720887245841035,0.054968287526427,0.0394088669950738,0.0266272189349112,0.6507230255839822,0.1968657078706525,lawlor_run_level,,,,,,,,,,,,,,,,,,,,,,,
Lawlor,0.0,totalvi,3.0,676.0,0.8826231970792869,0.8624260355029586,0.8821033437298365,0.1375739644970414,0.8362935502314687,0.4176455841733531,0.3590792119503021,0.2034294307231903,0.0134620984806816,0.0133481919324609,0.0364231941774982,0.0689963467623595,0.0263916606455741,0.0100315335319241,0.1375739644970414,0.100328947368421,0.0720887245841035,0.0528541226215645,0.0394088669950738,0.0266272189349112,0.616923956546598,0.1786923563587958,lawlor_run_level,,,,,,,,,,,,,,,,,,,,,,,
Lawlor,0.0,totalvi,4.0,676.0,0.8878437587321514,0.8668639053254438,0.8894563190963328,0.1331360946745562,0.8292567311338643,0.446827621848316,0.3612830340862274,0.1985106617212295,0.0209551794818167,0.0240788540896579,0.0369607597211045,0.0667868975588903,0.0275779389619691,0.0093828207591354,0.1331360946745562,0.09375,0.0739371534195934,0.0486257928118393,0.0394088669950738,0.029585798816568,0.6499431171786121,0.2021641452958229,lawlor_run_level,,,,,,,,,,,,,,,,,,,,,,,
Lawlor,0.0,totalvi,5.0,676.0,0.8840671148695092,0.8624260355029586,0.8832426306134209,0.1375739644970414,0.8511407440196241,0.4862809520673493,0.3506797552108764,0.1943738758563995,0.0288777070108955,0.0220424493653534,0.0344791304841395,0.0637933889590279,0.0244475969522153,0.0100315335319241,0.1375739644970414,0.0904605263157894,0.0646950092421442,0.0507399577167019,0.0320197044334975,0.0236686390532544,0.7055644700197348,0.2395335973212107,lawlor_run_level,,,,,,,,,,,,,,,,,,,,,,,
Lawlor,0.0,totalvi,6.0,676.0,0.8936713134445075,0.8727810650887574,0.8933705129351808,0.1272189349112426,0.8239258967284193,0.4323906979825944,0.3454238176345825,0.1914982050657272,0.0228841994288405,0.0270528411988675,0.0354930731527136,0.0658193953945637,0.0269398812571491,0.0085531918955644,0.1272189349112426,0.0921052631578946,0.0720887245841035,0.054968287526427,0.0394088669950738,0.0325443786982249,0.5748718959400867,0.1560456590635219,lawlor_run_level,,,,,,,,,,,,,,,,,,,,,,,
Lawlor,0.0,totalvi,7.0,676.0,0.8903685447690376,0.8668639053254438,0.8902603590992104,0.1331360946745562,0.8311907470610542,0.4333792091373853,0.3581129908561706,0.1986288428306579,0.0315325335990747,0.0254647531188451,0.0364518114029787,0.0671060277199815,0.0270689906438433,0.0093828207591354,0.1331360946745562,0.09375,0.0683918669131238,0.054968287526427,0.0467980295566502,0.029585798816568,0.6315130830489192,0.2152107537004617,lawlor_run_level,,,,,,,,,,,,,,,,,,,,,,,
Lawlor,0.0,totalvi,8.0,676.0,0.8894049513639841,0.8698224852071006,0.889340972205697,0.1301775147928994,0.8388991960420532,0.4846330750581723,0.3554181754589081,0.1909269541501999,0.0367140158040989,0.0326030182503384,0.0348059542565498,0.0626692762073409,0.0258429795349146,0.0089629747216352,0.1301775147928994,0.0855263157894736,0.0573012939001847,0.0422832980972516,0.0394088669950738,0.0355029585798816,0.7090677179962893,0.2258303390359075,lawlor_run_level,,,,,,,,,,,,,,,,,,,,,,,
Lawlor,0.0,totalvi,9.0,676.0,0.913582536242584,0.8964497041420119,0.9138560721622894,0.1035502958579881,0.7938236680810938,0.357327113903944,0.3310014605522156,0.1758019924163818,0.0535964486161632,0.0489503453821825,0.032471656268729,0.0584068904356066,0.0268384970686624,0.0056331592000665,0.1035502958579881,0.0723684210526315,0.0591497227356746,0.0591966173361522,0.0369458128078817,0.029585798816568,0.6134370579915134,0.127127920323867,lawlor_run_level,,,,,,,,,,,,,,,,,,,,,,,
Lawlor,1.0,scvi_matched,0.0,1027.0,0.8042880863376992,0.7643622200584226,0.7937261353725376,0.2356377799415774,0.8230931199663105,0.5138324568813262,0.5443319082260132,0.3095845580101013,0.0207553716864302,0.0179852037141942,0.0764661281226811,0.1430653619285803,0.0461081111602732,0.0303580169624079,0.2356377799415774,0.198051948051948,0.1605839416058394,0.1237830319888734,0.0876623376623376,0.0505836575875486,0.631510238458704,0.3122626952768602,lawlor_run_level,,,,,,,,,,,,,,,,,,,,,,,
Lawlor,1.0,scvi_matched,1.0,1027.0,0.8071182731988237,0.7721518987341772,0.7962417515895689,0.2278481012658227,0.8143100419266875,0.5025338407462222,0.5589579343795776,0.3129035830497741,0.0276541781866562,0.022101787188269,0.0758126896918322,0.1403220145939644,0.047512096798078,0.0283005928937542,0.2278481012658227,0.1937229437229437,0.1532846715328467,0.1265646731571627,0.0876623376623376,0.0583657587548638,0.6560933811879587,0.3318929809962229,lawlor_run_level,,,,,,,,,,,,,,,,,,,,,,,
Lawlor,1.0,scvi_matched,2.0,1027.0,0.7991067284089322,0.7585199610516066,0.7879647505360082,0.2414800389483933,0.8163433268458322,0.5188805958607505,0.5765726566314697,0.3216325044631958,0.0190681559491645,0.0141275204725367,0.0814229310432847,0.1508984623020697,0.0494697929791235,0.0319531380641611,0.2414800389483934,0.2045454545454545,0.1715328467153284,0.1265646731571627,0.0925324675324675,0.0661478599221789,0.5653805540602095,0.2890101303232788,lawlor_run_level,,,,,,,,,,,,,,,,,,,,,,,
Lawlor,1.0,scvi_matched,3.0,1027.0,0.8236314928723159,0.7916260954235638,0.8118819400282425,0.2083739045764362,0.7955708061753515,0.4445112924732959,0.5402618050575256,0.3021479845046997,0.0333605218305095,0.033625901644975,0.0712354792829317,0.1354956821198606,0.0477363467841641,0.0234991324987676,0.2083739045764362,0.1785714285714286,0.1532846715328467,0.125173852573018,0.0925324675324675,0.0505836575875486,0.6761159200377049,0.3257599738617092,lawlor_run_level,,,,,,,,,,,,,,,,,,,,,,,
Lawlor,1.0,scvi_matched,4.0,1027.0,0.8102794646874353,0.7760467380720545,0.7955688753476277,0.2239532619279454,0.8070972669248814,0.5061095546769099,0.5645822286605835,0.3173330724239349,0.0344853281916755,0.0359435178694962,0.0766360601379029,0.1400098308457945,0.0493346602106247,0.0273013999272781,0.2239532619279455,0.1861471861471861,0.1581508515815085,0.1196105702364395,0.0957792207792207,0.0642023346303501,0.6390649719055153,0.2892498751350337,lawlor_run_level,,,,,,,,,,,,,,,,,,,,,,,
Lawlor,1.0,scvi_matched,5.0,1027.0,0.7996434431102202,0.7663096397273612,0.7854221678040693,0.2336903602726387,0.804277848369335,0.5045998605918286,0.5690608620643616,0.3191972374916076,0.0217769442828047,0.0219017707152399,0.0813801964751115,0.1499370501397726,0.0515439464616723,0.0298362500134391,0.2336903602726388,0.1991341991341991,0.1654501216545012,0.1307371349095967,0.099025974025974,0.0719844357976653,0.6259371029224905,0.2991322657393503,lawlor_run_level,,,,,,,,,,,,,,,,,,,,,,,
Lawlor,1.0,scvi_matched,6.0,1027.0,0.8063242599997654,0.7682570593963,0.7992401074442135,0.2317429406037001,0.8121065916861041,0.5306623279484066,0.558085560798645,0.3128265142440796,0.0223104377742403,0.0250017611634533,0.0784415423958128,0.1448384375305569,0.0491221103574134,0.0293194320383993,0.2317429406037,0.1948051948051947,0.1618004866180048,0.125173852573018,0.0925324675324675,0.0661478599221789,0.5481196280793686,0.2390829370246517,lawlor_run_level,,,,,,,,,,,,,,,,,,,,,,,
Lawlor,1.0,scvi_matched,7.0,1027.0,0.8136540181002806,0.7770204479065238,0.8035987800209446,0.2229795520934761,0.8029462302043318,0.4777358550910758,0.5524149537086487,0.3117810785770416,0.022235091438312,0.0227960852186078,0.0763327027066429,0.142205552184929,0.0492780428822514,0.0270546598243914,0.2229795520934762,0.1926406926406926,0.1593673965936739,0.1279554937413073,0.0892857142857143,0.0622568093385214,0.635365706843528,0.2988040646087135,lawlor_run_level,,,,,,,,,,,,,,,,,,,,,,,
Lawlor,1.0,scvi_matched,8.0,1027.0,0.8177383340826756,0.7818889970788705,0.8096713713058142,0.2181110029211295,0.8087806884895927,0.4671101902208377,0.550366222858429,0.3067647814750671,0.0304821449628475,0.0195661299474747,0.0725716828758736,0.1367143759527781,0.0467324512351685,0.025839231640705,0.2181110029211295,0.1872294372294372,0.1520681265206812,0.1223922114047287,0.0941558441558441,0.0466926070038909,0.6312711261341398,0.2971291940120381,lawlor_run_level,,,,,,,,,,,,,,,,,,,,,,,
Lawlor,1.0,scvi_matched,9.0,1027.0,0.8039245466852235,0.7711781888997079,0.7945919956802954,0.2288218111002921,0.804959166129379,0.4859748855445863,0.5618918538093567,0.3175277709960937,0.0275724715360067,0.0207887943380647,0.0788060666434941,0.1467744379229612,0.0502526096662512,0.0285534569772429,0.2288218111002921,0.1958874458874459,0.1581508515815085,0.1307371349095967,0.0974025974025973,0.0583657587548638,0.6266118633139909,0.280977282669314,lawlor_run_level,,,,,,,,,,,,,,,,,,,,,,,
Lawlor,1.0,totalvi,0.0,1027.0,0.8951920308450424,0.8743914313534566,0.8861323774299655,0.1256085686465433,0.8464287564095924,0.3763810708396347,0.3535350263118744,0.192922443151474,0.0344297524900724,0.0344297726291296,0.0304683581654171,0.0585210956399037,0.022165720136848,0.0083026380285691,0.1256085686465433,0.0898268398268398,0.0632603406326034,0.0445062586926287,0.0227272727272727,0.0175097276264591,0.6430137601215449,0.197923015896126,lawlor_run_level,,,,,,,,,,,,,,,,,,,,,,,
Lawlor,1.0,totalvi,1.0,1027.0,0.9001566094678515,0.8821811100292113,0.8925615025316039,0.1178188899707887,0.850719719774506,0.3894410956006566,0.3426645696163177,0.1821895986795425,0.0393544737877144,0.044195595972726,0.0284303354033652,0.0520393336113991,0.0211424793881488,0.0072878560152164,0.1178188899707887,0.0768398268398268,0.0547445255474452,0.0361613351877607,0.0227272727272727,0.0194552529182879,0.6328608176892342,0.2008257594237872,lawlor_run_level,,,,,,,,,,,,,,,,,,,,,,,
Lawlor,1.0,totalvi,2.0,1027.0,0.8958910904692748,0.875365141187926,0.8894398199560646,0.124634858812074,0.8610087597330367,0.435658886637654,0.347474068403244,0.1851086020469665,0.0386622963652754,0.0420006643019493,0.0284038061439224,0.0541050369235434,0.0202317983276228,0.0081720078162996,0.124634858812074,0.0811688311688312,0.0535279805352798,0.0403337969401946,0.0259740259740259,0.0155642023346302,0.6585876668520578,0.2054232103206697,lawlor_run_level,,,,,,,,,,,,,,,,,,,,,,,
Lawlor,1.0,totalvi,3.0,1027.0,0.8943802880823243,0.8763388510223953,0.8843476729384641,0.1236611489776046,0.8618985126859143,0.4648911269274941,0.3477742075920105,0.1806813031435012,0.0358594273522627,0.0402281496749996,0.0286060426264246,0.05296045858461,0.0205635819191302,0.0080424607072943,0.1236611489776047,0.0790043290043289,0.0547445255474452,0.0375521557719054,0.0259740259740259,0.0214007782101167,0.6155380577427821,0.1826887092597381,lawlor_run_level,,,,,,,,,,,,,,,,,,,,,,,
Lawlor,1.0,totalvi,4.0,1027.0,0.8993097343098306,0.8773125608568647,0.8926629565298091,0.1226874391431353,0.8547205045540229,0.4291304373918243,0.3309433162212372,0.1823561638593673,0.0279791761396458,0.030729772749755,0.028603219606673,0.0545344406310727,0.0206892241085679,0.0079139954981051,0.1226874391431352,0.0898268398268398,0.0583941605839416,0.0333796940194714,0.0259740259740259,0.0194552529182879,0.6747969628102812,0.2126385294028753,lawlor_run_level,,,,,,,,,,,,,,,,,,,,,,,
Lawlor,1.0,totalvi,5.0,1027.0,0.8949478904110489,0.8763388510223953,0.890045111078674,0.1236611489776046,0.8468503937007874,0.4398890754653508,0.3411436080932617,0.186334028840065,0.0339993182152596,0.0362910545905353,0.0307407860198868,0.0571464593854279,0.0226983253125925,0.0080424607072943,0.1236611489776047,0.0833333333333333,0.0571776155717761,0.0403337969401946,0.0324675324675324,0.0194552529182879,0.6491863517060367,0.1829239909349623,lawlor_run_level,,,,,,,,,,,,,,,,,,,,,,,
Lawlor,1.0,totalvi,6.0,1027.0,0.8852369850861076,0.8607594936708861,0.8761097453842123,0.1392405063291139,0.8642929468721323,0.4815256263860534,0.359007328748703,0.197615310549736,0.0258794552279307,0.0240813393903915,0.0323680532702761,0.06020819261273,0.0221221860612303,0.0102458672090458,0.1392405063291139,0.0984848484848485,0.0656934306569343,0.0361613351877607,0.0275974025974026,0.0175097276264591,0.6268471347656868,0.1999529003007158,lawlor_run_level,,,,,,,,,,,,,,,,,,,,,,,
Lawlor,1.0,totalvi,7.0,1027.0,0.8920047046192556,0.8685491723466408,0.8843989034696015,0.1314508276533593,0.8581049659524995,0.4876843919187001,0.348641037940979,0.1896095126867294,0.0236789152940269,0.0247224200781735,0.0308997578863145,0.0583762691514181,0.0217905256836407,0.0091092322026737,0.1314508276533592,0.0909090909090909,0.0656934306569343,0.03894297635605,0.0275974025974026,0.0175097276264591,0.6606958976914133,0.2045909163719568,lawlor_run_level,,,,,,,,,,,,,,,,,,,,,,,
Lawlor,1.0,totalvi,8.0,1027.0,0.8975594477558506,0.8743914313534566,0.8895514509925514,0.1256085686465433,0.8575473489753285,0.430508928730992,0.3639204204082489,0.188540518283844,0.0317030464314439,0.0371658491821344,0.0295876957178074,0.0545825091806347,0.0212850576892383,0.0083026380285691,0.1256085686465433,0.0865800865800865,0.0523114355231143,0.0361613351877607,0.0259740259740259,0.0214007782101167,0.652492187634882,0.2139436302778593,lawlor_run_level,,,,,,,,,,,,,,,,,,,,,,,
Lawlor,1.0,totalvi,9.0,1027.0,0.8939421122670914,0.8734177215189873,0.8878455789996551,0.1265822784810126,0.8587856959094419,0.4415157554216457,0.3427737355232239,0.1873127371072769,0.0367909730235232,0.0372886075597427,0.0291785311825046,0.0555055064474896,0.0207441786322735,0.008434352550231,0.1265822784810126,0.0887445887445887,0.059610705596107,0.03894297635605,0.0275974025974026,0.0155642023346302,0.6388217134036532,0.1862740394881977,lawlor_run_level,,,,,,,,,,,,,,,,,,,,,,,
Lawlor,2.0,scvi_matched,0.0,1158.0,0.7740588828993449,0.7340241796200345,0.7848734541238874,0.2659758203799655,0.7720473644003055,0.4772119908083211,0.6070253252983093,0.3541235625743866,0.0259253739898892,0.0232638756845899,0.1075770957350649,0.1903128528682579,0.068456516855628,0.0391205788794369,0.2659758203799655,0.2408829174664107,0.2105831533477321,0.1726263871763255,0.1453237410071942,0.0984455958549223,0.6548548510313216,0.3724177486641534,lawlor_run_level,,,,,,,,,,,,,,,,,,,,,,,
Lawlor,2.0,scvi_matched,1.0,1158.0,0.7867962959947913,0.7366148531951641,0.7836693384414569,0.2633851468048359,0.8126496646359042,0.5226265954574552,0.5916672348976135,0.3377530574798584,0.0227450563191132,0.0322011349938282,0.0925417688657212,0.1707122460938913,0.0542188124657793,0.0383229563999419,0.2633851468048359,0.2264875239923224,0.1889848812095031,0.1541307028360049,0.1194244604316546,0.0725388601036269,0.6408356235465955,0.3484265639973341,lawlor_run_level,,,,,,,,,,,,,,,,,,,,,,,
Lawlor,2.0,scvi_matched,2.0,1158.0,0.7998071692127873,0.7487046632124352,0.7933600179831334,0.2512953367875647,0.7881782185281633,0.4937693892073665,0.5856708884239197,0.3360139429569244,0.0126775901552308,0.0071963503673698,0.0947829017153412,0.170607932221394,0.0600622240830922,0.034720677632249,0.2512953367875647,0.2207293666026871,0.1879049676025918,0.1541307028360049,0.1208633093525179,0.0880829015544041,0.4786263808130893,0.2344653904318696,lawlor_run_level,,,,,,,,,,,,,,,,,,,,,,,
Lawlor,2.0,scvi_matched,3.0,1158.0,0.7942725764818663,0.7547495682210709,0.7984052492343073,0.2452504317789292,0.7850964482547459,0.4876115857318041,0.5737038254737854,0.33208829164505,0.0230401669965095,0.0230277834109485,0.0926850194239978,0.1679635861369849,0.0596920735710249,0.0329929458529728,0.2452504317789291,0.210172744721689,0.1825053995680345,0.1615289765721331,0.1251798561151079,0.0863557858376511,0.6255479098849389,0.3066108535957934,lawlor_run_level,,,,,,,,,,,,,,,,,,,,,,,
Lawlor,2.0,scvi_matched,4.0,1158.0,0.7913819067617458,0.7487046632124352,0.7905840304926327,0.2512953367875647,0.8044764701918772,0.5324834900504456,0.5715007185935974,0.328225165605545,0.0303412053045625,0.0207427340159144,0.0913652428680273,0.1619732370538404,0.0566445652357783,0.034720677632249,0.2512953367875647,0.2092130518234165,0.1738660907127429,0.1430332922318126,0.1136690647482014,0.0898100172711571,0.6387987173846696,0.3441343250593777,lawlor_run_level,,,,,,,,,,,,,,,,,,,,,,,
Lawlor,2.0,scvi_matched,5.0,1158.0,0.7947319867248763,0.7504317789291882,0.7927097733481568,0.2495682210708117,0.773115500854102,0.456322104978199,0.597487211227417,0.3449560403823852,0.0232693128326396,0.0247512077574902,0.0983551622505295,0.1755708966711136,0.0641330852588048,0.0342220769917247,0.2495682210708117,0.2216890595009597,0.1922246220302376,0.1652281134401972,0.1251798561151079,0.0915371329879102,0.5973058958911528,0.3095713254071449,lawlor_run_level,,,,,,,,,,,,,,,,,,,,,,,
Lawlor,2.0,scvi_matched,6.0,1158.0,0.7987227020336339,0.7538860103626943,0.7997197213995493,0.2461139896373056,0.7824320250798817,0.4895657593940738,0.5810173749923706,0.3338901400566101,0.0261887385540469,0.0232467695890519,0.0946795453480909,0.1677094423132842,0.0614427539072641,0.0332367914408268,0.2461139896373056,0.2120921305182341,0.1857451403887688,0.159062885326757,0.1179856115107913,0.0880829015544041,0.639054681376982,0.3119533857361053,lawlor_run_level,,,,,,,,,,,,,,,,,,,,,,,
Lawlor,2.0,scvi_matched,7.0,1158.0,0.7902393433934183,0.7452504317789291,0.7889569471766169,0.2547495682210708,0.79326354655616,0.4940226918599694,0.5901354551315308,0.3373132050037384,0.0263634051271876,0.0147886499891215,0.0955658042761351,0.1712029682042282,0.0598359637851307,0.0357298404910043,0.2547495682210708,0.2226487523992322,0.1825053995680345,0.159062885326757,0.1208633093525179,0.079447322970639,0.6480153976078715,0.374119795417787,lawlor_run_level,,,,,,,,,,,,,,,,,,,,,,,
Lawlor,2.0,scvi_matched,8.0,1158.0,0.781994678313966,0.7383419689119171,0.7817242531108025,0.2616580310880829,0.7950784552139424,0.5327873150749144,0.5907873511314392,0.3445810377597809,0.0205627132162117,0.0139026981303934,0.0985086983292209,0.1760648210299568,0.0607124263772781,0.0377962719519427,0.2616580310880829,0.2255278310940499,0.1943844492440605,0.1639950678175092,0.1237410071942446,0.0863557858376511,0.5926852334356242,0.3117497448363229,lawlor_run_level,,,,,,,,,,,,,,,,,,,,,,,
Lawlor,2.0,scvi_matched,9.0,1158.0,0.7864881029614053,0.7417962003454232,0.7855178606916391,0.2582037996545768,0.7897142590162786,0.4906968573702989,0.5955680012702942,0.3407545387744903,0.0250967720423749,0.0122781370433501,0.0976215464188819,0.1754841065057885,0.0608665326726977,0.0367550137461841,0.2582037996545768,0.2293666026871401,0.1997840172786177,0.1627620221948211,0.1179856115107913,0.081174438687392,0.6075782293325442,0.3230766391353226,lawlor_run_level,,,,,,,,,,,,,,,,,,,,,,,
Lawlor,2.0,totalvi,0.0,1158.0,0.8921795984102037,0.8652849740932642,0.8871082691211207,0.1347150259067357,0.8424433184912226,0.4197870511510345,0.3602766692638397,0.1991281658411026,0.031683227816188,0.0238261146918068,0.0344726792378912,0.0648054194043324,0.0249031046493873,0.0095695745885039,0.1347150259067357,0.0959692898272552,0.0755939524838013,0.0431565967940813,0.033093525179856,0.0207253886010362,0.6248528583857925,0.1926953434560624,lawlor_run_level,,,,,,,,,,,,,,,,,,,,,,,
Lawlor,2.0,totalvi,1.0,1158.0,0.8933940205590934,0.8687392055267703,0.8903091680217728,0.1312607944732297,0.8368277179031076,0.3912386729415291,0.3544592559337616,0.1972537338733673,0.0284412411622227,0.0302275776451321,0.0340953682842861,0.0637586718559509,0.0250202139146461,0.0090751543696399,0.1312607944732297,0.0988483685220729,0.0723542116630669,0.0468557336621454,0.0302158273381294,0.0189982728842832,0.6198663283457152,0.1913538254852017,lawlor_run_level,,,,,,,,,,,,,,,,,,,,,,,
Lawlor,2.0,totalvi,2.0,1158.0,0.8845727724909028,0.8557858376511226,0.8761964742739697,0.1442141623488773,0.8577798993335226,0.4717352089669606,0.3595736026763916,0.2020971477031707,0.0244392643011913,0.0325854910161211,0.0346176779764968,0.065228530884931,0.0236171798008867,0.0110004981756101,0.1442141623488774,0.1036468330134356,0.0723542116630669,0.0431565967940813,0.0302158273381294,0.0155440414507772,0.6572868390363571,0.2087571751834996,lawlor_run_level,,,,,,,,,,,,,,,,,,,,,,,
Lawlor,2.0,totalvi,3.0,1158.0,0.8878076809244916,0.8592400690846287,0.8807913304735394,0.1407599309153713,0.8633474119061566,0.4852529638670484,0.34866663813591,0.1985846012830734,0.0209771324212892,0.0297666270292278,0.0322932987497454,0.0620749372281051,0.0218252748486073,0.010468023901138,0.1407599309153713,0.1017274472168906,0.0712742980561554,0.0456226880394574,0.0244604316546762,0.0103626943005181,0.6153343404137251,0.180475262418449,lawlor_run_level,,,,,,,,,,,,,,,,,,,,,,,
Lawlor,2.0,totalvi,4.0,1158.0,0.8637092925083818,0.8350604490500864,0.8623642073522134,0.1649395509499136,0.8635928033481864,0.5136189490428228,0.3875578045845032,0.2184726297855377,0.0274195759098764,0.0342315458057252,0.0404374236591296,0.0758625351854049,0.0259472946602817,0.0144901289988479,0.1649395509499136,0.1199616122840691,0.08207343412527,0.0579531442663379,0.0359712230215827,0.0189982728842832,0.6358630622045838,0.2408974039658029,lawlor_run_level,,,,,,,,,,,,,,,,,,,,,,,
Lawlor,2.0,totalvi,5.0,1158.0,0.8864162852525428,0.8618307426597582,0.8807929003173518,0.1381692573402418,0.8317447394789579,0.4033957620448126,0.3766244947910309,0.2061165422201156,0.0228635651254077,0.0228635356576537,0.0374024364385104,0.0697932898525101,0.0273246522497665,0.0100777841887439,0.1381692573402417,0.1055662188099808,0.0788336933045356,0.0567200986436498,0.0359712230215827,0.0207253886010362,0.6606462925851703,0.2307797460037602,lawlor_run_level,,,,,,,,,,,,,,,,,,,,,,,
Lawlor,2.0,totalvi,6.0,1158.0,0.8933241162608515,0.8670120898100173,0.8850039170719225,0.1329879101899827,0.8587080250426865,0.440284710105483,0.3394339978694916,0.1926164925098419,0.0290857362520715,0.0325189576144869,0.030885220125903,0.0587590701965003,0.0215645758824619,0.009320644243441,0.1329879101899826,0.0978886756238004,0.0647948164146868,0.0382244143033292,0.0230215827338129,0.0138169257340241,0.6140114865214468,0.1929540575424199,lawlor_run_level,,,,,,,,,,,,,,,,,,,,,,,
Lawlor,2.0,totalvi,7.0,1158.0,0.8797636454487535,0.8497409326424871,0.8739323417697867,0.1502590673575129,0.8464571068124475,0.4620387882274595,0.3792961239814758,0.2146790772676468,0.0222948452969289,0.0294237934915101,0.0381945436087848,0.0733353082563359,0.0262286324758157,0.0119659111329691,0.1502590673575129,0.1132437619961612,0.0799136069114471,0.0604192355117139,0.0359712230215827,0.0120898100172711,0.6450682179235585,0.2181844267134788,lawlor_run_level,,,,,,,,,,,,,,,,,,,,,,,
Lawlor,2.0,totalvi,8.0,1158.0,0.8809074018469293,0.853195164075993,0.8703402679415145,0.1468048359240069,0.8502381519409383,0.4612681536517391,0.3681059181690216,0.2061759978532791,0.025030701683387,0.0379590389024408,0.036923931868305,0.069248532607355,0.0255149313409726,0.0114090005273323,0.1468048359240069,0.1026871401151631,0.0799136069114471,0.0530209617755856,0.0287769784172662,0.0189982728842832,0.673374613003096,0.2375814556000956,lawlor_run_level,,,,,,,,,,,,,,,,,,,,,,,
Lawlor,2.0,totalvi,9.0,1158.0,0.8740410607187844,0.8454231433506045,0.8671176876786807,0.1545768566493955,0.8459664119698016,0.4452989416889598,0.3832219243049621,0.2171846628189087,0.0382352197520267,0.018688219379061,0.0405558155963198,0.0738630466897787,0.0278740134616093,0.0126818021347105,0.1545768566493954,0.1228406909788867,0.0799136069114471,0.0468557336621454,0.033093525179856,0.0259067357512953,0.6361296728505315,0.2321777070368658,lawlor_run_level,,,,,,,,,,,,,,,,,,,,,,,
Lawlor,3.0,scvi_matched,0.0,1217.0,0.7619163460464403,0.705012325390304,0.7432437918385858,0.294987674609696,0.7741752212504301,0.5289264724936718,0.6867715120315552,0.3859208226203918,0.0248999950723169,0.008651191054942,0.1241486925851794,0.2133170168269536,0.0754698671415637,0.0486788254436157,0.294987674609696,0.2611872146118721,0.2258726899383983,0.1948356807511737,0.1712328767123287,0.1282894736842105,0.603268597697567,0.3641117576680693,lawlor_run_level,,,,,,,,,,,,,,,,,,,,,,,
Lawlor,3.0,scvi_matched,1.0,1217.0,0.787458110259366,0.7288414133114215,0.7758844732575921,0.2711585866885784,0.7639711660004783,0.4809324136974857,0.6538748741149902,0.3665924072265625,0.0299390012256023,0.0175303702189869,0.1134662215935185,0.196908234210693,0.0727281574362943,0.0407380641572242,0.2711585866885785,0.2429223744292237,0.217659137577002,0.1889671361502347,0.1424657534246575,0.1151315789473684,0.5896142940111373,0.324486929189655,lawlor_run_level,,,,,,,,,,,,,,,,,,,,,,,
Lawlor,3.0,scvi_matched,2.0,1217.0,0.7769015652450619,0.7107641741988496,0.762615392393459,0.2892358258011503,0.7690423016290069,0.5072702422870545,0.6721338629722595,0.3802895843982696,0.0179781713442618,0.0184286484585106,0.1216615564312324,0.2121350714344528,0.0749721946359943,0.046689361795238,0.2892358258011503,0.2575342465753425,0.231006160164271,0.1983568075117371,0.1671232876712328,0.1233552631578946,0.6411061481870731,0.3906753321643847,lawlor_run_level,,,,,,,,,,,,,,,,,,,,,,,
Lawlor,3.0,scvi_matched,3.0,1217.0,0.7846523658133281,0.7173377156943304,0.7760296398299228,0.2826622843056697,0.7919130770665175,0.5246578771537876,0.6599184274673462,0.3688200116157532,0.0331138829863649,0.030129401602506,0.111486086198443,0.1924658931234037,0.067013422373459,0.0444726638249839,0.2826622843056696,0.2502283105022831,0.2073921971252567,0.1748826291079812,0.132876712328767,0.100328947368421,0.6386291590079649,0.3696415413609624,lawlor_run_level,,,,,,,,,,,,,,,,,,,,,,,
Lawlor,3.0,scvi_matched,4.0,1217.0,0.7877004090653541,0.7230895645028759,0.7749811881716939,0.2769104354971241,0.7817878338278931,0.5395489695640293,0.6459751725196838,0.3680525720119476,0.0223711265730094,0.0248646011289848,0.112288115729201,0.1924613623455965,0.0697056286458296,0.0425824870833714,0.2769104354971241,0.2429223744292237,0.2073921971252567,0.1725352112676056,0.1424657534246575,0.1134868421052631,0.6022339492851362,0.3434162084832961,lawlor_run_level,,,,,,,,,,,,,,,,,,,,,,,
Lawlor,3.0,scvi_matched,5.0,1217.0,0.7789411806857469,0.7156943303204601,0.766301247151388,0.2843056696795398,0.7646848018688239,0.494153004286456,0.6742188930511475,0.3795556426048279,0.0221551833039145,0.0154407608185817,0.1203821060999869,0.2090095962144894,0.0753609368210164,0.0450211692789705,0.2843056696795398,0.2584474885844748,0.2258726899383983,0.1960093896713615,0.1616438356164383,0.1299342105263158,0.5728549338677886,0.3262267147167407,lawlor_run_level,,,,,,,,,,,,,,,,,,,,,,,
Lawlor,3.0,scvi_matched,6.0,1217.0,0.7986956468720523,0.7378800328677074,0.7850031385605902,0.2621199671322925,0.7654348569792851,0.4639820711895467,0.6405733227729797,0.3620709180831909,0.0359851129738737,0.0221243211502116,0.1079127598003315,0.1901693615314969,0.0699814996990796,0.0379312601012518,0.2621199671322926,0.2337899543378995,0.2084188911704312,0.176056338028169,0.1452054794520547,0.1151315789473684,0.592860484113076,0.3077164055827729,lawlor_run_level,,,,,,,,,,,,,,,,,,,,,,,
Lawlor,3.0,scvi_matched,7.0,1217.0,0.8004096575639609,0.7345932621199671,0.7847796816592723,0.2654067378800329,0.7820177170126262,0.5128335727748962,0.6392596364021301,0.3579950630664825,0.0264676031071138,0.0245536852784106,0.1054263991904987,0.1832260402707588,0.0664873652299176,0.038939033960581,0.2654067378800329,0.228310502283105,0.2002053388090349,0.1690140845070422,0.1342465753424657,0.0986842105263158,0.6121304049701831,0.3211393290718599,lawlor_run_level,,,,,,,,,,,,,,,,,,,,,,,
Lawlor,3.0,scvi_matched,8.0,1217.0,0.7779086717360831,0.7115858668857847,0.7689892987571477,0.2884141331142152,0.7807748234999968,0.5312038523917728,0.6686431765556335,0.377171516418457,0.0247866268420474,0.0235130992597894,0.1174731823874941,0.2059845003924918,0.071064221128679,0.046408961258815,0.2884141331142152,0.2511415525114155,0.2238193018480493,0.1924882629107981,0.163013698630137,0.1233552631578946,0.6486350447089478,0.3849826209298188,lawlor_run_level,,,,,,,,,,,,,,,,,,,,,,,
Lawlor,3.0,scvi_matched,9.0,1217.0,0.776163240153392,0.7132292522596549,0.7653148710579201,0.2867707477403451,0.7635574980523682,0.4923464305313607,0.6753862500190735,0.3800124824047088,0.0216653915634876,0.0175158592306793,0.1221207067703981,0.2116971411890702,0.0762697011683571,0.045851005602041,0.286770747740345,0.2611872146118721,0.2340862422997947,0.1971830985915492,0.1561643835616438,0.1233552631578946,0.5332384825637437,0.3148645542387804,lawlor_run_level,,,,,,,,,,,,,,,,,,,,,,,
Lawlor,3.0,totalvi,0.0,1217.0,0.8663178223910041,0.8299096138044372,0.8606770620978835,0.1700903861955628,0.827402305447936,0.4813529374405285,0.443098783493042,0.2434278577566146,0.0231308964499706,0.0285212589074278,0.0501352051900908,0.09120486659946,0.0347020486340826,0.0154331565560082,0.1700903861955628,0.1351598173515982,0.1006160164271047,0.068075117370892,0.0547945205479452,0.0361842105263158,0.6577796910125795,0.2359870090936534,lawlor_run_level,,,,,,,,,,,,,,,,,,,,,,,
Lawlor,3.0,totalvi,1.0,1217.0,0.8690018827816479,0.8323746918652424,0.8605105649538612,0.1676253081347576,0.8237229738884695,0.4637418150388671,0.4405725598335266,0.2429383248090744,0.0249766430212222,0.0246807738416196,0.0501985908794731,0.0908690682787704,0.0352223747791692,0.0149762161003039,0.1676253081347576,0.1324200913242009,0.0975359342915811,0.0751173708920187,0.0547945205479452,0.037828947368421,0.662834136616147,0.237618764309073,lawlor_run_level,,,,,,,,,,,,,,,,,,,,,,,
Lawlor,3.0,totalvi,2.0,1217.0,0.8693721602815846,0.8405916187345933,0.8630964415645378,0.1594083812654067,0.8239511846096482,0.4473047105380086,0.4262365400791168,0.2338400483131408,0.0202189694689058,0.0227293726990432,0.0473191996232562,0.0848339673147535,0.0338135145516455,0.0135056850716106,0.1594083812654066,0.1223744292237443,0.0913757700205338,0.0669014084507042,0.0493150684931507,0.0394736842105263,0.6476252380808418,0.2304969017917757,lawlor_run_level,,,,,,,,,,,,,,,,,,,,,,,
Lawlor,3.0,totalvi,3.0,1217.0,0.8770962934513946,0.8447000821692687,0.8676193607477514,0.1552999178307313,0.8235696786280444,0.4428534437046637,0.4185523688793182,0.2286353558301925,0.030567914614838,0.0319352703889863,0.0459896306104055,0.0822226794232576,0.0331890409242558,0.0128005896861497,0.1552999178307312,0.1150684931506849,0.0872689938398357,0.0633802816901408,0.0506849315068492,0.0328947368421053,0.650917176209005,0.2125371628979516,lawlor_run_level,,,,,,,,,,,,,,,,,,,,,,,
Lawlor,3.0,totalvi,4.0,1217.0,0.868862508524206,0.8331963845521775,0.8599972360370192,0.1668036154478225,0.8138572303028536,0.4464353217803898,0.4358405768871307,0.2432174682617187,0.026343948006532,0.0208677985967919,0.0519753683648833,0.0947914177119672,0.0371498423850477,0.0148255259798356,0.1668036154478225,0.1269406392694063,0.0965092402464066,0.0821596244131455,0.0657534246575342,0.0444078947368421,0.6840343564481496,0.2495306797236835,lawlor_run_level,,,,,,,,,,,,,,,,,,,,,,,
Lawlor,3.0,totalvi,5.0,1217.0,0.873860246011966,0.8389482333607231,0.8643908016550744,0.1610517666392769,0.8305282935897179,0.4326316610656266,0.4285508096218109,0.2355497628450393,0.02927208412056,0.0350195058761509,0.0461161030410492,0.0836565042342686,0.0323227627646947,0.0137933402763545,0.1610517666392769,0.1232876712328767,0.095482546201232,0.068075117370892,0.0424657534246575,0.0296052631578946,0.6597723320474125,0.2335099651031263,lawlor_run_level,,,,,,,,,,,,,,,,,,,,,,,
Lawlor,3.0,totalvi,6.0,1217.0,0.8773830147055073,0.8414133114215283,0.8649040230414553,0.1585866885784716,0.8010747247409327,0.3704671561357591,0.4276050329208374,0.2387631386518478,0.0340027220443123,0.0321014756635259,0.0508760368859732,0.0920516395149031,0.0375129741957837,0.0133630626901895,0.1585866885784717,0.1360730593607305,0.0995893223819301,0.073943661971831,0.0547945205479452,0.0427631578947368,0.6922714944948186,0.2701007934414907,lawlor_run_level,,,,,,,,,,,,,,,,,,,,,,,
Lawlor,3.0,totalvi,7.0,1217.0,0.8695355655702406,0.8323746918652424,0.8566385306762471,0.1676253081347576,0.8242939821535722,0.4784903116770605,0.428250640630722,0.2394423186779022,0.0220116193214203,0.0274682278601772,0.0501097849242356,0.0904697613282025,0.0351335688239316,0.0149762161003039,0.1676253081347576,0.130593607305936,0.0975359342915811,0.073943661971831,0.0506849315068492,0.0345394736842105,0.6630712502177575,0.2568941313890384,lawlor_run_level,,,,,,,,,,,,,,,,,,,,,,,
Lawlor,3.0,totalvi,8.0,1217.0,0.8625194158087508,0.8258011503697618,0.849456493734458,0.1741988496302383,0.8511780719046279,0.511276574379922,0.4214097857475281,0.236865758895874,0.0371818573825557,0.0254532132564065,0.0463433297005384,0.0864964013772869,0.0301323237880589,0.0162110059124795,0.1741988496302382,0.126027397260274,0.0975359342915811,0.0645539906103286,0.0493150684931507,0.0230263157894736,0.6722284802403078,0.2635902034460644,lawlor_run_level,,,,,,,,,,,,,,,,,,,,,,,
Lawlor,3.0,totalvi,9.0,1217.0,0.8713435213826438,0.8405916187345933,0.8624764454524207,0.1594083812654067,0.8443480363999153,0.489491902481184,0.4083292484283447,0.2235223203897476,0.0300245246832353,0.0274456549885827,0.0431798257186647,0.0778008697549361,0.029674140647054,0.0135056850716106,0.1594083812654066,0.1178082191780821,0.0862422997946611,0.0528169014084507,0.0410958904109589,0.0328947368421053,0.6972317118642359,0.2677044283741589,lawlor_run_level,,,,,,,,,,,,,,,,,,,,,,,
Lawlor,4.0,scvi_matched,0.0,1129.0,0.8250105533461548,0.7936226749335695,0.8213281941223504,0.2063773250664304,0.813721451563458,0.4740840272512633,0.5257555246353149,0.293674886226654,0.0365900694796002,0.03659003429227,0.0667209601147647,0.1244263624183937,0.0436958876766657,0.0230250724380989,0.2063773250664304,0.1732283464566929,0.1384274640088593,0.1025316455696202,0.0827178729689808,0.0531914893617021,0.6439396842427958,0.2864004118418553,lawlor_run_level,,,,,,,,,,,,,,,,,,,,,,,
Lawlor,4.0,scvi_matched,1.0,1129.0,0.8092295970405325,0.7821080602302923,0.8001437850381669,0.2178919397697077,0.8264094135845096,0.5363027536679527,0.5405107736587524,0.2988161742687225,0.0278050202622257,0.0268995974103996,0.0679640226756158,0.1289137190481555,0.0421883430365772,0.0257756796390385,0.2178919397697076,0.1771653543307086,0.1461794019933554,0.1139240506329114,0.0768094534711965,0.0478723404255319,0.6001298234952904,0.284750210692302,lawlor_run_level,,,,,,,,,,,,,,,,,,,,,,,
Lawlor,4.0,scvi_matched,2.0,1129.0,0.8112871178596438,0.7838795394154119,0.8015570209131868,0.2161204605845881,0.8308928406038715,0.4996396237844459,0.5384066700935364,0.2957310676574707,0.0372387407837556,0.0403405214380225,0.066450229928732,0.1242876481068406,0.0411086927388856,0.0253415371898464,0.2161204605845881,0.1761811023622047,0.1362126245847176,0.1012658227848101,0.070901033973412,0.0514184397163121,0.607483560248217,0.2892743944901987,lawlor_run_level,,,,,,,,,,,,,,,,,,,,,,,
Lawlor,4.0,scvi_matched,3.0,1129.0,0.8028922317414658,0.7776793622674933,0.7958216749827786,0.2223206377325066,0.8227273139787092,0.5149357297197735,0.5441591143608093,0.3037411570549011,0.0282576187613582,0.0259108643045036,0.0704530091246534,0.1335094292664911,0.0435743991191562,0.0268786100054972,0.2223206377325066,0.187007874015748,0.1517165005537099,0.120253164556962,0.0753323485967504,0.0407801418439716,0.6356215230195392,0.3042667594129976,lawlor_run_level,,,,,,,,,,,,,,,,,,,,,,,
Lawlor,4.0,scvi_matched,4.0,1129.0,0.8060758829569388,0.7776793622674933,0.7964626474454201,0.2223206377325066,0.8304231819873127,0.5305004390539012,0.5344212055206299,0.2992869913578033,0.0317117876189276,0.0302121555836882,0.0689304159199842,0.130150719139946,0.0420518059144869,0.0268786100054972,0.2223206377325066,0.1860236220472441,0.1439645625692137,0.1063291139240506,0.0812407680945347,0.0443262411347518,0.6027961048743522,0.2831432099176209,lawlor_run_level,,,,,,,,,,,,,,,,,,,,,,,
Lawlor,4.0,scvi_matched,5.0,1129.0,0.8076708187313498,0.7732506643046945,0.7977462279054318,0.2267493356953056,0.8201111469072165,0.5207750180195255,0.5567908883094788,0.3091991245746612,0.0291844744456352,0.0263794249829409,0.0735587774168746,0.1381668114674335,0.04555201653841,0.0280067608784645,0.2267493356953055,0.187007874015748,0.1528239202657807,0.1227848101265822,0.0901033973412112,0.0567375886524822,0.5748228092783505,0.2795345628971551,lawlor_run_level,,,,,,,,,,,,,,,,,,,,,,,
Lawlor,4.0,scvi_matched,6.0,1129.0,0.8210340453754685,0.7891939769707705,0.8122521986635958,0.2108060230292294,0.8164370125154439,0.4700580140468808,0.5418750643730164,0.2983786761760711,0.0258801822064723,0.0255527636242504,0.0673373165423401,0.1273075657981358,0.0432742226942544,0.0240630938480856,0.2108060230292294,0.1742125984251968,0.1428571428571429,0.1151898734177214,0.0782865583456425,0.0425531914893616,0.5032491110922483,0.2112951090527382,lawlor_run_level,,,,,,,,,,,,,,,,,,,,,,,
Lawlor,4.0,scvi_matched,7.0,1129.0,0.8184056122564546,0.7883082373782108,0.8035342689022692,0.2116917626217891,0.8281604061868271,0.5156995064287618,0.5350655317306519,0.2947492301464081,0.0410438646934431,0.0362729282902868,0.065200909492016,0.1217711360621536,0.0409272335240945,0.0242736759679214,0.2116917626217892,0.171259842519685,0.1461794019933554,0.1037974683544303,0.0664697193500738,0.0443262411347518,0.6191152273047811,0.3020958060689251,lawlor_run_level,,,,,,,,,,,,,,,,,,,,,,,
Lawlor,4.0,scvi_matched,8.0,1129.0,0.8306649978097516,0.8007085916740478,0.8210948976071738,0.1992914083259521,0.8025073746312685,0.4561254661966187,0.5233487486839294,0.2906270921230316,0.0455660184365231,0.0497045841388094,0.0667345088634667,0.1233059868734754,0.0453189230121643,0.0214155858513023,0.1992914083259521,0.1673228346456693,0.1351052048726467,0.1088607594936709,0.0812407680945347,0.0531914893617021,0.6136676499508358,0.2482548858361308,lawlor_run_level,,,,,,,,,,,,,,,,,,,,,,,
Lawlor,4.0,scvi_matched,9.0,1129.0,0.8178176028697804,0.7847652790079717,0.8125754816010986,0.2152347209920283,0.8179592936302241,0.4829775256544644,0.5477222800254822,0.3001188635826111,0.0271174983180023,0.0284845751402545,0.0688090884768172,0.1298412944643216,0.0436831206919366,0.0251259677848806,0.2152347209920283,0.1791338582677165,0.1472868217054264,0.1151898734177214,0.0797636632200886,0.0478723404255319,0.6232059749742217,0.2790847649892842,lawlor_run_level,,,,,,,,,,,,,,,,,,,,,,,
Lawlor,4.0,totalvi,0.0,1129.0,0.8936134183318573,0.8733392382639504,0.891468223192845,0.1266607617360496,0.8534092682165705,0.4448639190014752,0.339308500289917,0.1825715005397796,0.0305550146989847,0.0297192286030183,0.0305287017794597,0.0576569937895476,0.0220892529632212,0.0084394488162385,0.1266607617360495,0.0836614173228346,0.0520487264673311,0.0443037974683544,0.035450516986706,0.0177304964539006,0.6386899104951843,0.2085808878046036,lawlor_run_level,,,,,,,,,,,,,,,,,,,,,,,
Lawlor,4.0,totalvi,1.0,1129.0,0.901758694399176,0.8813108945969885,0.8991960898636816,0.1186891054030115,0.8269256731418286,0.375499781224965,0.3508397042751312,0.1887316554784774,0.035036126051042,0.0376093178274781,0.0317072346125517,0.0598836118288435,0.0243146544571104,0.0073925801554412,0.1186891054030114,0.09251968503937,0.0620155038759689,0.0455696202531645,0.0324963072378139,0.0195035460992907,0.6473786844671117,0.1773707914831676,lawlor_run_level,,,,,,,,,,,,,,,,,,,,,,,
Lawlor,4.0,totalvi,2.0,1129.0,0.9003426602107195,0.8795394154118689,0.896044236918951,0.1204605845881311,0.826565369350157,0.3641788315429673,0.3543866574764251,0.1913937181234359,0.0324430032785853,0.0344398041231849,0.0324972782215892,0.060068314710039,0.0248783149904103,0.0076189632311789,0.1204605845881311,0.091535433070866,0.0664451827242524,0.0443037974683544,0.0324963072378139,0.0212765957446808,0.6761595877021503,0.1889663033315457,lawlor_run_level,,,,,,,,,,,,,,,,,,,,,,,
Lawlor,4.0,totalvi,3.0,1129.0,0.8948633783837153,0.8768821966341895,0.8909807481225788,0.1231178033658104,0.8331661943172736,0.3962083711307245,0.3516280353069305,0.1901131272315979,0.0383587164937974,0.0361458550679989,0.0321850307670632,0.0608171758517703,0.0242198007937304,0.0079652299733327,0.1231178033658104,0.0875984251968503,0.0719822812846068,0.0417721518987341,0.0324963072378139,0.0248226950354609,0.6612673497565585,0.1949071952076306,lawlor_run_level,,,,,,,,,,,,,,,,,,,,,,,
Lawlor,4.0,totalvi,4.0,1129.0,0.8969023631994055,0.8777679362267493,0.8945328776908192,0.1222320637732506,0.8306205121455418,0.3960516236929898,0.341895192861557,0.1876737028360366,0.0259200249550298,0.0270852087819544,0.0328563143456895,0.0604766745666759,0.0250074001030561,0.0078489142426333,0.1222320637732506,0.0905511811023621,0.0609080841638981,0.0417721518987341,0.03397341211226,0.0283687943262411,0.6284019947644744,0.1732622820588016,lawlor_run_level,,,,,,,,,,,,,,,,,,,,,,,
Lawlor,4.0,totalvi,5.0,1129.0,0.9054807136504552,0.8821966341895483,0.904239310673215,0.1178033658104517,0.8343448983905546,0.4249186329479288,0.3245269954204559,0.1800751984119415,0.0320113179322573,0.04001786206759,0.0307014186687079,0.0580684610801134,0.0234206943175355,0.0072807243511723,0.1178033658104517,0.0807086614173228,0.0586932447397563,0.0468354430379747,0.035450516986706,0.0212765957446808,0.6651191231089773,0.2003001608043124,lawlor_run_level,,,,,,,,,,,,,,,,,,,,,,,
Lawlor,4.0,totalvi,6.0,1129.0,0.9001877821969634,0.8813108945969885,0.8965418236234344,0.1186891054030115,0.830878271956799,0.3741329190346646,0.344900906085968,0.1858429908752441,0.0348778376545496,0.0330922487459951,0.0313897267817105,0.0589159982667105,0.0239971466262692,0.0073925801554412,0.1186891054030114,0.0856299212598424,0.0575858250276855,0.0443037974683544,0.035450516986706,0.0248226950354609,0.6621690542263556,0.2037921346282522,lawlor_run_level,,,,,,,,,,,,,,,,,,,,,,,
Lawlor,4.0,totalvi,7.0,1129.0,0.8972302475305859,0.8768821966341895,0.8918582283807497,0.1231178033658104,0.8444953128406367,0.419294792716927,0.3408719003200531,0.18445385992527,0.0295402742361367,0.0311762082882958,0.030715429329652,0.0580407666548315,0.0227501993563192,0.0079652299733327,0.1231178033658104,0.0826771653543306,0.0598006644518271,0.0481012658227848,0.0310192023633677,0.0212765957446808,0.6468134583242496,0.1804241679349689,lawlor_run_level,,,,,,,,,,,,,,,,,,,,,,,
Lawlor,4.0,totalvi,8.0,1129.0,0.8981903322275244,0.8768821966341895,0.8912009791463327,0.1231178033658104,0.834299832860984,0.3923345994528681,0.3448641002178192,0.1873558014631271,0.027524755474104,0.0306326602284521,0.0325180392700193,0.060284730095157,0.0245528092966865,0.0079652299733327,0.1231178033658104,0.0846456692913385,0.0598006644518271,0.0481012658227848,0.0369276218611521,0.0248226950354609,0.6574885546108568,0.1718246268570247,lawlor_run_level,,,,,,,,,,,,,,,,,,,,,,,
Lawlor,4.0,totalvi,9.0,1129.0,0.9045634084324388,0.8830823737821081,0.9058586413852808,0.1169176262178919,0.8518586061213945,0.4129215856723665,0.3277211189270019,0.1787630915641784,0.033326518862938,0.0347515981845669,0.0274753157004772,0.052603342165427,0.0203055578567941,0.0071697578436831,0.1169176262178919,0.0807086614173228,0.0564784053156146,0.0354430379746835,0.0295420974889216,0.0141843971631205,0.6834670678702776,0.1880687216841666,lawlor_run_level,,,,,,,,,,,,,,,,,,,,,,,
PBMC_phase11_pbmc10k_to_pbmc5k,,scvi_matched,,,,,,,,,,,,,,,,,,,,,,,,,pbmc_phase11_curve_aurc,,,,,,,,,,,,0.064649046451205,0.1209346805016502,PHASE11 curves; E-AURC requires cell-level correctness counts,,,,,,,,,
PBMC_phase11_pbmc10k_to_pbmc5k,,totalvi,,,,,,,,,,,,,,,,,,,,,,,,,pbmc_phase11_curve_aurc,,,,,,,,,,,,0.0449664759253442,0.0869375611913325,PHASE11 curves; E-AURC requires cell-level correctness counts,,,,,,,,,
PBMC_phase11_pbmc5k_to_pbmc10k,,scvi_matched,,,,,,,,,,,,,,,,,,,,,,,,,pbmc_phase11_curve_aurc,,,,,,,,,,,,0.0590879830867349,0.1124599178833907,PHASE11 curves; E-AURC requires cell-level correctness counts,,,,,,,,,
PBMC_phase11_pbmc5k_to_pbmc10k,,totalvi,,,,,,,,,,,,,,,,,,,,,,,,,pbmc_phase11_curve_aurc,,,,,,,,,,,,0.0557406978690469,0.1038774877242914,PHASE11 curves; E-AURC requires cell-level correctness counts,,,,,,,,,
PBMC_direction_A,,scvi_matched,,,,,,,,,,,,,,,,,,,,,,,,,pbmc_20seed_summary,20.0,0.6556225306321046,0.017547741829175866,0.5669990758245133,,0.28781431141960545,,0.030596669273919203,,,,,,paurc/E-AURC need cell-level probs (not present locally for 11B),0.7938260611457405,0.6594455867817748,0.2061739388542594,0.8430741705575875,0.5227093647772716,0.5439162462962994,0.03197269400133329,0.05909938298641302,0.005339873731201954
PBMC_direction_A,,totalvi,,,,,,,,,,,,,,,,,,,,,,,,,pbmc_20seed_summary,20.0,0.6523826130649477,0.0146268067389937,0.5247768617954389,,0.2637960617039028,,0.023835718041713205,,,,,,paurc/E-AURC need cell-level probs (not present locally for 11B),0.8136242208370437,0.65063154233469,0.18637577916295633,0.8510558483251259,0.5154199032952202,0.6694239925317614,0.023831638783596808,0.050120973470756926,0.003347658029608454
PBMC_direction_B,,scvi_matched,,,,,,,,,,,,,,,,,,,,,,,,,pbmc_20seed_summary,20.0,0.6014870341974976,0.019538428032617017,0.7472722132414719,,0.3365972207472132,,0.04094490284870962,,,,,,paurc/E-AURC need cell-level probs (not present locally for 11B),0.7598759221998658,0.6106106475866996,0.24012407780013412,0.8545251373414855,0.61361200649968,0.4688354715479841,0.03978118530938698,0.07105232471922399,0.007056903090853132
PBMC_direction_B,,totalvi,,,,,,,,,,,,,,,,,,,,,,,,,pbmc_20seed_summary,20.0,0.6539659703017383,0.02542912475862475,0.5684432854213678,,0.29212936058973465,,0.034618966555251554,,,,,,paurc/E-AURC need cell-level probs (not present locally for 11B),0.7865191146881287,0.6589565931478278,0.21348088531187118,0.8560030564285619,0.5691249357219358,0.6099123655965185,0.03474869683614755,0.05999781013044782,0.013841756250347777
