direction,seed,metric,delta_mean_bootstrap,cell_bootstrap_ci_low,cell_bootstrap_ci_high,excludes_zero
direction_A,0,error_auroc_predictive,0.04127363803405781,0.027900587485964832,0.05751084789693692,True
direction_A,0,error_auprc_predictive,0.04073308187163519,-0.008880303204410436,0.09734869093569672,False
direction_A,0,ece_equal_frequency,-0.008969088125924183,-0.02098893409732561,0.00363673739805353,False
direction_A,0,brier,-0.04433916564241592,-0.05490492654763851,-0.0317232673545899,True
direction_A,0,aurc,-0.019768451963327792,-0.024365560661942294,-0.014959554423797585,True
direction_A,1,error_auroc_predictive,-0.01699209075021877,-0.0346311328265954,-0.00011589260746835956,True
direction_A,1,error_auprc_predictive,-0.060883463072282054,-0.12138665508364306,-0.009012052375864412,True
direction_A,1,ece_equal_frequency,-0.008366424901349567,-0.01976634954901524,0.004911297118431135,False
direction_A,1,brier,-0.03938312195495258,-0.05283592000729639,-0.025087288069651673,True
direction_A,1,aurc,-0.008894375995341033,-0.014699437168685178,-0.0028188484538050006,True
direction_A,2,error_auroc_predictive,-0.006367942953572372,-0.02159022452002331,0.011260758448825643,False
direction_A,2,error_auprc_predictive,-0.04312343143935578,-0.09912424776829479,0.010207664790029427,False
direction_A,2,ece_equal_frequency,0.0018170408578575738,-0.010197054679124299,0.014542861060126307,False
direction_A,2,brier,-0.0004525803382298101,-0.00952910638958371,0.00966330164352254,False
direction_A,2,aurc,0.0007298480822913266,-0.0030848416095887498,0.0044652889761352555,False
direction_A,3,error_auroc_predictive,-0.009737481496302349,-0.024462719544963672,0.005041880699481584,False
direction_A,3,error_auprc_predictive,-0.035481208466423136,-0.08763650681901611,0.01608240599994999,False
direction_A,3,ece_equal_frequency,0.0075865540668903515,-0.004459632119193176,0.020337239339390384,False
direction_A,3,brier,-0.008390252418876419,-0.01816418405693756,0.0015135763968265289,False
direction_A,3,aurc,-0.0012097962424404063,-0.005232140456737926,0.0028393525295355437,False
direction_A,4,error_auroc_predictive,0.0022710357448504077,-0.013788453709078169,0.016985190546548963,False
direction_A,4,error_auprc_predictive,0.005023419355618517,-0.05211340002959024,0.05455156160743817,False
direction_A,4,ece_equal_frequency,-0.016025104313699592,-0.02677956561893269,-0.005585560788649005,True
direction_A,4,brier,-0.01515499728867319,-0.025600182634181658,-0.005152767984063959,True
direction_A,4,aurc,-0.002675834125092057,-0.007021588341051833,0.0010768140575034269,False
direction_A,5,error_auroc_predictive,0.02246875235390596,0.00493232395657005,0.03805769536155714,True
direction_A,5,error_auprc_predictive,0.005745101103469721,-0.04692605072416703,0.056957880155626854,False
direction_A,5,ece_equal_frequency,-0.024587904564127367,-0.0395505688473047,-0.009196823547434193,True
direction_A,5,brier,-0.051569986519311065,-0.06319474488484399,-0.04064391960638581,True
direction_A,5,aurc,-0.020905020154139094,-0.025878610485406038,-0.016327595843660482,True
direction_A,6,error_auroc_predictive,0.008936285100131105,-0.006373550134929928,0.02524800047592238,False
direction_A,6,error_auprc_predictive,-0.030665615200652453,-0.08319991622894397,0.020956118520748565,False
direction_A,6,ece_equal_frequency,-0.01387151812246519,-0.025947316226229606,-0.0001490602272533146,True
direction_A,6,brier,-0.04109561401453945,-0.05190448521806897,-0.030803412352780807,True
direction_A,6,aurc,-0.013571241586907845,-0.01789604243309536,-0.009328249682886735,True
direction_A,7,error_auroc_predictive,0.01192232353357437,-0.0030162277298787865,0.02772250395523635,False
direction_A,7,error_auprc_predictive,0.021661869607466907,-0.02759967158081324,0.0748525453160374,False
direction_A,7,ece_equal_frequency,0.003915285487766256,-0.007629011127557052,0.016525419311402757,False
direction_A,7,brier,-0.02374930560482849,-0.035151334163806225,-0.01193443006150556,True
direction_A,7,aurc,-0.007884462628739666,-0.012868529164739038,-0.0032450057477348003,True
direction_A,8,error_auroc_predictive,0.021443582220172487,0.006774227855795451,0.03756679394952198,True
direction_A,8,error_auprc_predictive,0.007313473364284494,-0.044758256774385066,0.06162388770578679,False
direction_A,8,ece_equal_frequency,-0.018277193170329446,-0.03069980647531028,-0.005912541926048668,True
direction_A,8,brier,-0.042737224691720865,-0.05463699467379929,-0.030010955693605526,True
direction_A,8,aurc,-0.016702778298272946,-0.021161619582078777,-0.012090089225563153,True
direction_A,9,error_auroc_predictive,0.004162298639777148,-0.011059250446801243,0.018919850057900815,False
direction_A,9,error_auprc_predictive,-0.040300631909295205,-0.09393630670360527,0.008716681566708701,False
direction_A,9,ece_equal_frequency,-0.0121882584102255,-0.023438040155482856,-0.0008201377299904965,True
direction_A,9,brier,-0.054545055929286775,-0.06587186483081076,-0.042726010160284565,True
direction_A,9,aurc,-0.01831610784817473,-0.022697908446498258,-0.01333969666599055,True
direction_A,10,error_auroc_predictive,-0.012267070722485918,-0.028223531106408316,0.0029084366612681916,False
direction_A,10,error_auprc_predictive,-0.06432922630174795,-0.1185952836670184,-0.016098666400395603,True
direction_A,10,ece_equal_frequency,-0.012176054217671031,-0.024775594609777667,0.0006892141572850221,False
direction_A,10,brier,-0.027187364416932782,-0.03832695475390844,-0.015066466038808254,True
direction_A,10,aurc,-0.008941581477796542,-0.013526039184560126,-0.004030524896249939,True
direction_A,11,error_auroc_predictive,-0.004394530842227035,-0.021669443099623,0.011290907971169425,False
direction_A,11,error_auprc_predictive,-0.05777704860052107,-0.11463912570914186,-0.006642683730360495,True
direction_A,11,ece_equal_frequency,-0.0035228176865672515,-0.016794510737158805,0.008415684474725588,False
direction_A,11,brier,-0.02763909820987391,-0.039672419618257626,-0.016261699368537615,True
direction_A,11,aurc,-0.01014345385250689,-0.014278486905052732,-0.005848464613302478,True
direction_A,12,error_auroc_predictive,0.023326954665587308,0.007659436939601006,0.03898661095725205,True
direction_A,12,error_auprc_predictive,0.02002733596193548,-0.03542795861397223,0.06923572390090275,False
direction_A,12,ece_equal_frequency,-0.009174494973034701,-0.022201145083291598,0.00503837323110936,False
direction_A,12,brier,-0.0360652086505026,-0.04785623046954252,-0.02387700589377019,True
direction_A,12,aurc,-0.014822945889219202,-0.01921356651683238,-0.010380233057034111,True
direction_A,13,error_auroc_predictive,0.02274952052795464,0.00819451004001236,0.0364623844579083,True
direction_A,13,error_auprc_predictive,0.04138043100563839,-0.009627694670564096,0.09616055753465312,False
direction_A,13,ece_equal_frequency,-0.005394018837024918,-0.017409711660754786,0.005620001370026999,False
direction_A,13,brier,-0.014878962830210571,-0.025636104313877753,-0.0048694377529548884,True
direction_A,13,aurc,-0.008520478425712071,-0.01260893576059056,-0.0049166569223536285,True
direction_A,14,error_auroc_predictive,-0.00950846505769962,-0.025587718354878497,0.0059004247934006365,False
direction_A,14,error_auprc_predictive,-0.04412200689007645,-0.10237201651467671,0.006926022512623543,False
direction_A,14,ece_equal_frequency,0.0022443206724001696,-0.008246371849296575,0.0129259801640306,False
direction_A,14,brier,-0.009125564768799152,-0.019934554038748643,0.001956976861949149,False
direction_A,14,aurc,-0.002952209878079737,-0.0070287435536502685,0.0011302380206308156,False
direction_A,15,error_auroc_predictive,0.014154335061832711,-0.001220357116985296,0.031420936746247755,False
direction_A,15,error_auprc_predictive,-0.029322976536959183,-0.07945278862913059,0.02479282848774099,False
direction_A,15,ece_equal_frequency,-0.020788220172308428,-0.03449840031411639,-0.007520708129358398,True
direction_A,15,brier,-0.034251613623817054,-0.04560833542436759,-0.022650819155525904,True
direction_A,15,aurc,-0.013997269410634748,-0.018674051404345752,-0.009264247478444421,True
direction_A,16,error_auroc_predictive,0.009021930255542116,-0.0072664001152792585,0.024656289565419647,False
direction_A,16,error_auprc_predictive,0.01563260297546713,-0.0393264299047767,0.06652268713759826,False
direction_A,16,ece_equal_frequency,0.005565257265115567,-0.006713154627484028,0.01729613720041579,False
direction_A,16,brier,-0.014466406023071438,-0.026061085943024993,-0.0031770972890565524,True
direction_A,16,aurc,-0.005253701708763475,-0.010164515426028212,-0.0007504915985258103,True
direction_A,17,error_auroc_predictive,0.008025581534822608,-0.009150161444117816,0.02723820686801088,False
direction_A,17,error_auprc_predictive,-0.021552365406243175,-0.07712441263818136,0.031106765777905103,False
direction_A,17,ece_equal_frequency,-0.010814515955337044,-0.02420106283263252,0.0027209306242479015,False
direction_A,17,brier,-0.01573470334898806,-0.02807049837892577,-0.002975581440818037,True
direction_A,17,aurc,-0.006857889327181879,-0.011909013597885704,-0.0015314080251431408,True
direction_A,18,error_auroc_predictive,0.024952531997879064,0.010644015225427572,0.03797220870419192,True
direction_A,18,error_auprc_predictive,0.09671759766001767,0.03804842799909192,0.14517729242661098,True
direction_A,18,ece_equal_frequency,0.009525421762986574,-0.0034900257859846917,0.021683740377664993,False
direction_A,18,brier,0.008164808947513416,-0.0034942766358886717,0.019696243528066256,False
direction_A,18,aurc,-0.0019898321544529456,-0.006231734949234465,0.0018456504747602547,False
direction_A,19,error_auroc_predictive,0.00515211045296951,-0.008905800978087164,0.019981799590476117,False
direction_A,19,error_auprc_predictive,0.03358748307056554,-0.012731108241326172,0.08397164142075352,False
direction_A,19,ece_equal_frequency,0.006287639125487187,-0.005833623311699391,0.017768604830504527,False
direction_A,19,brier,0.013883224260693357,0.004154123544099393,0.023807889254961214,True
direction_A,19,aurc,0.0036121973040136235,-0.00011531372889250467,0.007288298635059971,False
direction_B,0,error_auroc_predictive,0.010571855395886707,-0.0011350610681688902,0.021875350034938384,False
direction_B,0,error_auprc_predictive,0.007027755139391871,-0.029663340108726746,0.04485144385976539,False
direction_B,0,ece_equal_frequency,0.016957083937582714,0.006405593099423606,0.028277937341094156,True
direction_B,0,brier,-0.010756568186637795,-0.018540699092520187,-0.003532556271719919,True
direction_B,0,aurc,-0.003250327215199659,-0.006751868258147464,-4.0167835998420274e-05,True
direction_B,1,error_auroc_predictive,-0.03861838157515206,-0.05169097261424065,-0.025999524648318298,True
direction_B,1,error_auprc_predictive,-0.04198790448947213,-0.07862960505147229,-0.005890188864652481,True
direction_B,1,ece_equal_frequency,0.008420882568822698,-0.0031156843185854545,0.020724827059033054,False
direction_B,1,brier,0.008326435689412392,-0.0070253217177076764,0.022708853203734496,False
direction_B,1,aurc,0.023260695277827103,0.01630995631841834,0.030424774998777167,True
direction_B,2,error_auroc_predictive,-0.013942044975921618,-0.027717691648742073,-0.0011416215253260977,True
direction_B,2,error_auprc_predictive,-0.04361033662267414,-0.0842011099681014,-0.007976284111640168,True
direction_B,2,ece_equal_frequency,0.024196493687794,0.011870457763183373,0.034567961118937944,True
direction_B,2,brier,-0.029975325982549938,-0.03993268418810043,-0.020542396886270516,True
direction_B,2,aurc,-0.0024106221033669876,-0.006992540423028213,0.0025752944068447967,False
direction_B,3,error_auroc_predictive,-0.0032963260951561456,-0.014481620990708915,0.007285745030486571,False
direction_B,3,error_auprc_predictive,-0.12112435206122248,-0.15894945700520213,-0.08412351611759754,True
direction_B,3,ece_equal_frequency,-0.017732394303044643,-0.029383680995336368,-0.00688630818900927,True
direction_B,3,brier,-0.07981263344528605,-0.08934635397929341,-0.07005888522170456,True
direction_B,3,aurc,-0.023707151031840772,-0.027885256266797866,-0.01957281108526401,True
direction_B,4,error_auroc_predictive,0.035109132293818436,0.024135829253531,0.045184694080736325,True
direction_B,4,error_auprc_predictive,0.0024232114398275934,-0.034825357508672154,0.038635598086535855,False
direction_B,4,ece_equal_frequency,-0.010905580632638443,-0.023111414616161702,0.001356339996829264,False
direction_B,4,brier,-0.07557699091993897,-0.08286752845541145,-0.06876553986548825,True
direction_B,4,aurc,-0.03290511567416546,-0.036667558817140074,-0.029643137242774686,True
direction_B,5,error_auroc_predictive,0.025854073798237974,0.01137029722760666,0.037270008465583676,True
direction_B,5,error_auprc_predictive,-0.06227073720227861,-0.10803916596835926,-0.021771620260345476,True
direction_B,5,ece_equal_frequency,-0.03872019234643955,-0.0518239313291197,-0.026158651771020124,True
direction_B,5,brier,-0.11315588581655028,-0.12560573386409093,-0.10341684826902488,True
direction_B,5,aurc,-0.03400883820837798,-0.03882448438821648,-0.02989304458962366,True
direction_B,6,error_auroc_predictive,0.006682297708907172,-0.004964995191047985,0.01870953448500244,False
direction_B,6,error_auprc_predictive,-0.03337495921382765,-0.07271554752356411,0.005941970532333713,False
direction_B,6,ece_equal_frequency,-0.019501224371289184,-0.030416532031289793,-0.009111818176082717,True
direction_B,6,brier,-0.04933189420432977,-0.05719721790684239,-0.04100325474089511,True
direction_B,6,aurc,-0.015142389595928714,-0.01908426248053575,-0.011230934098591562,True
direction_B,7,error_auroc_predictive,-0.0028289118199461088,-0.01645993987707352,0.010515127300562784,False
direction_B,7,error_auprc_predictive,-0.031160971169371075,-0.06655586606208942,0.008697458381847841,False
direction_B,7,ece_equal_frequency,-0.015710953380635207,-0.026346874251801784,-0.004336808273277672,True
direction_B,7,brier,-0.019034543231743497,-0.028754479734474286,-0.009552083781085768,True
direction_B,7,aurc,-0.0028610578082404435,-0.007683704013044831,0.002194570787478384,False
direction_B,8,error_auroc_predictive,-0.011788726249847784,-0.023457208022236508,-7.160534748994028e-05,True
direction_B,8,error_auprc_predictive,-0.06367030495332998,-0.10426791509874012,-0.027847472443739793,True
direction_B,8,ece_equal_frequency,0.007923883230268635,-0.0031725934890269496,0.019313621805202522,False
direction_B,8,brier,-0.028672883041207905,-0.03669348589276216,-0.020494373545107143,True
direction_B,8,aurc,-0.0028294233787646357,-0.006450041545253939,0.0010761381439580895,False
direction_B,9,error_auroc_predictive,-0.0025775045913763073,-0.013709580123863852,0.007906725875256888,False
direction_B,9,error_auprc_predictive,-0.06922954977197988,-0.10796807777843172,-0.02875891421352806,True
direction_B,9,ece_equal_frequency,0.010830298398437114,-0.001538828465810248,0.02329504781082213,False
direction_B,9,brier,-0.052114278022634346,-0.06129186036050656,-0.04313074523586186,True
direction_B,9,aurc,-0.015237568756726,-0.01946918630950878,-0.011143376751363187,True
direction_B,10,error_auroc_predictive,0.013261769267368554,0.00026114173250527464,0.02436623053230846,True
direction_B,10,error_auprc_predictive,0.008124422735011976,-0.032329472517484005,0.04843096836303739,False
direction_B,10,ece_equal_frequency,0.017119474183035967,0.005214329664161321,0.02828739513752396,True
direction_B,10,brier,-0.03829559577787272,-0.04601844613079505,-0.031839054870822774,True
direction_B,10,aurc,-0.011972487108846356,-0.01591284002512045,-0.008421283349459201,True
direction_B,11,error_auroc_predictive,-0.014566519669265811,-0.027014953368792814,-0.002042678463409965,True
direction_B,11,error_auprc_predictive,-0.023359565777790983,-0.05843183216499981,0.012438291125571719,False
direction_B,11,ece_equal_frequency,0.0017166183557408838,-0.008601393951646542,0.013295647817695695,False
direction_B,11,brier,0.010264728777111369,-0.00040548693607843724,0.02185739240392212,False
direction_B,11,aurc,0.014321674943343101,0.008866563163572243,0.020362187427003388,True
direction_B,12,error_auroc_predictive,-0.019251859258694038,-0.03184453336410675,-0.006481791329361312,True
direction_B,12,error_auprc_predictive,-0.0324191278001252,-0.07186990509176364,0.005740315693375335,False
direction_B,12,ece_equal_frequency,-0.006916226854861422,-0.01743262130617196,0.005780263333053577,False
direction_B,12,brier,-0.012438581170369977,-0.022065969408918883,-0.002715527396957176,True
direction_B,12,aurc,0.00574522657664636,0.0007808389971694263,0.009996492806389066,True
direction_B,13,error_auroc_predictive,0.010769381384584446,-0.0017936476913044256,0.023753381224678988,False
direction_B,13,error_auprc_predictive,-0.07231958406907053,-0.10786286949472278,-0.036499425145776525,True
direction_B,13,ece_equal_frequency,-0.009206494952406483,-0.019898825691417,0.002644890930883371,False
direction_B,13,brier,-0.06251875308224665,-0.07252815043212782,-0.052761442611523435,True
direction_B,13,aurc,-0.02011535030341107,-0.024697699995045723,-0.015443013987296014,True
direction_B,14,error_auroc_predictive,0.005096870400531544,-0.0067640510876572964,0.01666200848605094,False
direction_B,14,error_auprc_predictive,-0.04797386573147188,-0.0860346779452071,-0.01385886594932149,True
direction_B,14,ece_equal_frequency,-0.04201371276831363,-0.05429314272915465,-0.030190606573178094,True
direction_B,14,brier,-0.06718628600971112,-0.07873999946731108,-0.056590559820987416,True
direction_B,14,aurc,-0.021559381986360534,-0.026183780219092585,-0.016479224411380927,True
direction_B,15,error_auroc_predictive,0.011381775133368702,-0.0019765611178615356,0.023949993718481888,False
direction_B,15,error_auprc_predictive,-0.043958468478189655,-0.08213210395901761,-0.0026053911125777664,True
direction_B,15,ece_equal_frequency,-0.011299841800900733,-0.023449652405901692,0.002000730723394985,False
direction_B,15,brier,-0.06777412382016323,-0.07814353985768728,-0.057446412642700506,True
direction_B,15,aurc,-0.021458907602661,-0.026385190033657947,-0.016472363010142366,True
direction_B,16,error_auroc_predictive,0.00915885980132045,-0.0017265959617586838,0.02033419487748667,False
direction_B,16,error_auprc_predictive,-0.03243958235534368,-0.06627827468184534,0.0027251396839844447,False
direction_B,16,ece_equal_frequency,-0.020869292954843688,-0.0302061813508081,-0.011705914331383946,True
direction_B,16,brier,-0.04629057863759942,-0.05386874397907473,-0.03903017851010348,True
direction_B,16,aurc,-0.010902864897197752,-0.014167953117649575,-0.007564577048127048,True
direction_B,17,error_auroc_predictive,-0.004520156449693085,-0.018290999703956687,0.009131960181734459,False
direction_B,17,error_auprc_predictive,-0.09589215561462591,-0.1339075538951339,-0.054810253212491875,True
direction_B,17,ece_equal_frequency,-0.02365595760336864,-0.03585711462875437,-0.011594790573925855,True
direction_B,17,brier,-0.05199151755378891,-0.06074207050120209,-0.041586122182680964,True
direction_B,17,aurc,-0.01606321835470659,-0.020925356154721075,-0.01086276499180873,True
direction_B,18,error_auroc_predictive,0.014434395779027652,0.002560563898935045,0.027134070190574892,True
direction_B,18,error_auprc_predictive,-0.03471974046526363,-0.0771012587993189,0.00789305564927241,False
direction_B,18,ece_equal_frequency,0.0008504583462323201,-0.01169952020826134,0.011779276609650634,False
direction_B,18,brier,-0.05957742610552763,-0.07032690929537848,-0.048427081066206475,True
direction_B,18,aurc,-0.01775057805503333,-0.022318690413206426,-0.013251601112493685,True
direction_B,19,error_auroc_predictive,-0.000303198170865421,-0.011468243312822594,0.011113317979549025,False
direction_B,19,error_auprc_predictive,-0.04988011183942008,-0.08624056123553209,-0.013437510242875915,True
direction_B,19,ece_equal_frequency,0.01392262978221169,0.0026009667406794216,0.02693569154068227,True
direction_B,19,brier,-0.042950984556029824,-0.05354722736541278,-0.03333916630919079,True
direction_B,19,aurc,-0.012286275369654145,-0.017192696841537503,-0.007794544082341077,True
