direction,model,seed,mean_cell_displacement,median_cell_displacement,max_cell_displacement,relative_frobenius_change,identical,integrity_max_latent_diff,integrity_max_variance_diff
direction_A,scvi_matched,0,0.0,0.0,0.0,0.0,True,0.0,0.0
direction_A,scvi_matched,1,0.0,0.0,0.0,0.0,True,0.0,0.0
direction_A,scvi_matched,2,0.0,0.0,0.0,0.0,True,0.0,0.0
direction_A,scvi_matched,3,0.0,0.0,0.0,0.0,True,0.0,0.0
direction_A,scvi_matched,4,0.0,0.0,0.0,0.0,True,0.0,0.0
direction_A,scvi_matched,5,0.0,0.0,0.0,0.0,True,0.0,0.0
direction_A,scvi_matched,6,0.0,0.0,0.0,0.0,True,0.0,0.0
direction_A,scvi_matched,7,0.0,0.0,0.0,0.0,True,0.0,0.0
direction_A,scvi_matched,8,0.0,0.0,0.0,0.0,True,0.0,0.0
direction_A,scvi_matched,9,0.0,0.0,0.0,0.0,True,0.0,0.0
direction_A,scvi_matched,10,0.0,0.0,0.0,0.0,True,0.0,0.0
direction_A,scvi_matched,11,0.0,0.0,0.0,0.0,True,0.0,0.0
direction_A,scvi_matched,12,0.0,0.0,0.0,0.0,True,0.0,0.0
direction_A,scvi_matched,13,0.0,0.0,0.0,0.0,True,0.0,0.0
direction_A,scvi_matched,14,0.0,0.0,0.0,0.0,True,0.0,0.0
direction_A,scvi_matched,15,0.0,0.0,0.0,0.0,True,0.0,0.0
direction_A,scvi_matched,16,0.0,0.0,0.0,0.0,True,0.0,0.0
direction_A,scvi_matched,17,0.0,0.0,0.0,0.0,True,0.0,0.0
direction_A,scvi_matched,18,0.0,0.0,0.0,0.0,True,0.0,0.0
direction_A,scvi_matched,19,0.0,0.0,0.0,0.0,True,0.0,0.0
direction_A,totalvi,0,0.016173647716641426,0.016178734600543976,0.024774717167019844,0.0034288002643734217,False,0.0,0.0
direction_A,totalvi,1,0.016905874013900757,0.01692630723118782,0.026431629434227943,0.003475789912045002,False,0.0,0.0
direction_A,totalvi,2,0.015297392383217812,0.01522249635308981,0.02496528811752796,0.0032640490680933,False,0.0,0.0
direction_A,totalvi,3,0.01697172224521637,0.016911493614315987,0.028118040412664413,0.003591588232666254,False,0.0,0.0
direction_A,totalvi,4,0.018358301371335983,0.018166353926062584,0.03141395002603531,0.0037570055574178696,False,0.0,0.0
direction_A,totalvi,5,0.013797483406960964,0.01378963328897953,0.023016761988401413,0.002863475354388356,False,0.0,0.0
direction_A,totalvi,6,0.01653924025595188,0.016411442309617996,0.029548898339271545,0.003450463293120265,False,0.0,0.0
direction_A,totalvi,7,0.015681592747569084,0.01559941191226244,0.024286748841404915,0.0032901065424084663,False,0.0,0.0
direction_A,totalvi,8,0.015832185745239258,0.015844734385609627,0.026393534615635872,0.0033191360998898745,False,0.0,0.0
direction_A,totalvi,9,0.017878232523798943,0.017787963151931763,0.02964339219033718,0.003704256843775511,False,0.0,0.0
direction_A,totalvi,10,0.01949486695230007,0.019432196393609047,0.03228677064180374,0.003937157336622477,False,0.0,0.0
direction_A,totalvi,11,0.020805904641747475,0.020717307925224304,0.03300382196903229,0.004273184575140476,False,0.0,0.0
direction_A,totalvi,12,0.016927963122725487,0.01691213808953762,0.026408210396766663,0.003569758962839842,False,0.0,0.0
direction_A,totalvi,13,0.01921677403151989,0.019041767343878746,0.033395715057849884,0.004017504397779703,False,0.0,0.0
direction_A,totalvi,14,0.015089564956724644,0.015087686479091644,0.023852942511439323,0.0032178417313843966,False,0.0,0.0
direction_A,totalvi,15,0.014569138176739216,0.014516960829496384,0.023685967549681664,0.003060642397031188,False,0.0,0.0
direction_A,totalvi,16,0.01758158579468727,0.01757373847067356,0.030498532578349113,0.0036612555850297213,False,0.0,0.0
direction_A,totalvi,17,0.016687428578734398,0.016683312132954597,0.025909781455993652,0.0035334364511072636,False,0.0,0.0
direction_A,totalvi,18,0.014672902412712574,0.014663495123386383,0.025830518454313278,0.0030767470598220825,False,0.0,0.0
direction_A,totalvi,19,0.018350955098867416,0.018284987658262253,0.030346788465976715,0.0038672706577926874,False,0.0,0.0
direction_B,scvi_matched,0,0.0,0.0,0.0,0.0,True,0.0,0.0
direction_B,scvi_matched,1,0.0,0.0,0.0,0.0,True,0.0,0.0
direction_B,scvi_matched,2,0.0,0.0,0.0,0.0,True,0.0,0.0
direction_B,scvi_matched,3,0.0,0.0,0.0,0.0,True,0.0,0.0
direction_B,scvi_matched,4,0.0,0.0,0.0,0.0,True,0.0,0.0
direction_B,scvi_matched,5,0.0,0.0,0.0,0.0,True,0.0,0.0
direction_B,scvi_matched,6,0.0,0.0,0.0,0.0,True,0.0,0.0
direction_B,scvi_matched,7,0.0,0.0,0.0,0.0,True,0.0,0.0
direction_B,scvi_matched,8,0.0,0.0,0.0,0.0,True,0.0,0.0
direction_B,scvi_matched,9,0.0,0.0,0.0,0.0,True,0.0,0.0
direction_B,scvi_matched,10,0.0,0.0,0.0,0.0,True,0.0,0.0
direction_B,scvi_matched,11,0.0,0.0,0.0,0.0,True,0.0,0.0
direction_B,scvi_matched,12,0.0,0.0,0.0,0.0,True,0.0,0.0
direction_B,scvi_matched,13,0.0,0.0,0.0,0.0,True,0.0,0.0
direction_B,scvi_matched,14,0.0,0.0,0.0,0.0,True,0.0,0.0
direction_B,scvi_matched,15,0.0,0.0,0.0,0.0,True,0.0,0.0
direction_B,scvi_matched,16,0.0,0.0,0.0,0.0,True,0.0,0.0
direction_B,scvi_matched,17,0.0,0.0,0.0,0.0,True,0.0,0.0
direction_B,scvi_matched,18,0.0,0.0,0.0,0.0,True,0.0,0.0
direction_B,scvi_matched,19,0.0,0.0,0.0,0.0,True,0.0,0.0
direction_B,totalvi,0,0.015301241539418697,0.01526612974703312,0.027230942621827126,0.003122748574241996,False,0.0,0.0
direction_B,totalvi,1,0.019960341975092888,0.019504990428686142,0.03334725275635719,0.004046075511723757,False,0.0,0.0
direction_B,totalvi,2,0.014999240636825562,0.014637867920100689,0.026478275656700134,0.00299364747479558,False,0.0,0.0
direction_B,totalvi,3,0.01667308434844017,0.016544848680496216,0.02751469612121582,0.0034234016202390194,False,0.0,0.0
direction_B,totalvi,4,0.015372914262115955,0.015372123569250107,0.025102151557803154,0.003161086468026042,False,0.0,0.0
direction_B,totalvi,5,0.017354005947709084,0.017174132168293,0.028104497119784355,0.0034566903486847878,False,0.0,0.0
direction_B,totalvi,6,0.01672905869781971,0.016746018081903458,0.02508866786956787,0.0033333247993141413,False,0.0,0.0
direction_B,totalvi,7,0.01687455363571644,0.016785558313131332,0.026629438623785973,0.003185766050592065,False,0.0,0.0
direction_B,totalvi,8,0.013845705427229404,0.013740125112235546,0.020660674199461937,0.002766374498605728,False,0.0,0.0
direction_B,totalvi,9,0.015341023914515972,0.015301616862416267,0.024445535615086555,0.0030563464388251305,False,0.0,0.0
direction_B,totalvi,10,0.01641230285167694,0.016330910846590996,0.028873121365904808,0.0032195241656154394,False,0.0,0.0
direction_B,totalvi,11,0.017673766240477562,0.017543623223900795,0.02923729084432125,0.0036196261644363403,False,0.0,0.0
direction_B,totalvi,12,0.01836412027478218,0.018113747239112854,0.031820014119148254,0.003755460726097226,False,0.0,0.0
direction_B,totalvi,13,0.017362365499138832,0.01704386994242668,0.031774621456861496,0.0036504939198493958,False,0.0,0.0
direction_B,totalvi,14,0.01689440943300724,0.01677081361413002,0.02714410610496998,0.0033742066007107496,False,0.0,0.0
direction_B,totalvi,15,0.016123756766319275,0.016119427978992462,0.026608165353536606,0.0031827285420149565,False,0.0,0.0
direction_B,totalvi,16,0.015531046316027641,0.015297254547476768,0.025422804057598114,0.003187456401064992,False,0.0,0.0
direction_B,totalvi,17,0.01495913602411747,0.014804469421505928,0.027927158400416374,0.003131468314677477,False,0.0,0.0
direction_B,totalvi,18,0.015615971758961678,0.015378509648144245,0.02821313589811325,0.003376028500497341,False,0.0,0.0
direction_B,totalvi,19,0.020232271403074265,0.020005516707897186,0.03157225623726845,0.003968296572566032,False,0.0,0.0
