experiment,dataset,source_dataset,target_dataset,representation_model,representation_training_cells,query_adaptation_cells,classifier_training_cells,evaluation_cells,labels_used_for_training,labels_used_for_evaluation,label_source,target_labels_seen_by_representation_model,target_features_seen_during_adaptation,biological_unit,computational_unit,seed_definition,run_replicate_definition,bootstrap_unit,metric,primary_statistical_unit,transductive_or_inductive,artifact_source
representation_benchmark,PBMC_CITE_combined_inner,PBMC10k+PBMC5k (joint),same joint object (held-out split for classifier),scVI_default / scVI_matched / totalVI (+ MOFA+/PCA_RNA in PHASE7),all 10849 combined cells (unsupervised; internal ELBO train_size=0.9 unrelated to obs.split),N/A for VAE reps; SCANVI annotation surgery uses all query cells unlabeled,obs.split==train within high-confidence annotated cells,obs.split==test within high-confidence annotated cells,none for VAE; SCANVI uses reference labels then transfers; classifier uses transferred query labels on train split,PHASE6 transferred cell_type_l1/l2 (high-confidence),Seurat v4 PBMC CITE-seq reference via SCANVI/scArches,No,N/A (VAE trained on all cells jointly — unsupervised transduction over full matrix),cell,model seed (primary seed 0),torch/numpy/scvi model seed,single primary run,test cells (N_BOOT=500) for Delta F1,"macro-F1 (l2 high-conf), ASW/purity secondary",target/test cell (conditional bootstrap),unsupervised_transductive_representation + inductive_classifier,results/tables/biological_representation_metrics.csv; results/embeddings/*_seed0_*; scripts/06_run_phase6.py; src/experiments/phase6*.py
protein_corruption,PBMC_CITE_combined_inner,same,same (train/test split),totalVI retrained under corruption; scVI_matched latents reused (seed0),all cells with corrupted protein matrix (training-time degradation),N/A,high-conf train split,high-conf test split,none for VAE; classifier uses PHASE6 labels on train,PHASE6 high-confidence labels,PHASE6 Seurat-v4 transfer,No,N/A; corruption applied to protein entries before totalVI retrain,cell,"(corruption_fraction, perturbation_seed); model_seed fixed 0",perturbation/mask seed for entry zeroing,5 perturbation seeds × corruption fractions,test cells,macro-F1 Delta vs scVI; corruption recovery,corruption-mask seed (descriptive) + cell bootstrap,training_time_protein_degradation (not pure test-time shift),results/perturbations/; results/tables/protein_sparsity_*.csv; src/experiments/phase8_sparsity.py
cross_dataset_Direction_A,PBMC_CITE_combined_inner_annotated,PBMC10k,PBMC5k,scVI_matched / totalVI + scArches query adaptation,all source-batch cells only,all target-batch cells (unlabeled features),high-conf source cells in eligible classes,high-conf target cells in eligible classes,source high-conf labels for classifier only,target high-conf labels,PHASE6 transferred labels,No (labels not passed to VAE/adaptation),Yes — unsupervised scArches query adaptation,cell (dataset shift; not donor),"(direction, model, model_seed)",model seed 0–4 (PHASE10); 0–19 (PHASE11B primary),one run per seed,target eval cells (PHASE10); also seed bootstrap in PHASE11B,l2 macro-F1; uncertainty metrics in PHASE11/11B,model seed (20-seed primary for transfer claims),unsupervised_transductive_query_adaptation + inductive_classifier,results/phase10_cross_dataset/; results/phase11b_uncertainty_robustness/; src/experiments/phase10_cross_dataset.py
cross_dataset_Direction_B,PBMC_CITE_combined_inner_annotated,PBMC5k,PBMC10k,scVI_matched / totalVI + scArches query adaptation,all source-batch cells only,all target-batch cells (unlabeled features),high-conf source cells in eligible classes,high-conf target cells in eligible classes,source high-conf labels for classifier only,target high-conf labels,PHASE6 transferred labels,No,Yes — unsupervised scArches query adaptation,cell,"(direction, model, model_seed)",model seed 0–4 / 0–19,one run per seed,target eval cells / seed bootstrap,l2 macro-F1 (+ uncertainty),model seed,unsupervised_transductive_query_adaptation + inductive_classifier,results/phase10_cross_dataset/; results/phase11b_uncertainty_robustness/
source_size_analysis,PBMC_CITE_combined_inner_annotated,PBMC10k subsampled to 3994 (Direction A size-match),PBMC5k,scVI_matched / totalVI + scArches,subsampled source cells (label-blind draw),all target cells unlabeled,high-conf source eligible,high-conf target eligible (common class set),source labels for classifier only,target labels,PHASE6,No,Yes,cell,"(subsample_seed, model)",subsample seed 0–4; MODEL_SEED=0 for new runs,5 subsample seeds,target cells,macro-F1 under common eligible classes,subsample seed,unsupervised_transductive_query_adaptation + inductive_classifier,results/phase10b_source_size/; src/experiments/phase10b_source_size.py
20seed_uncertainty,PBMC_CITE_combined_inner_annotated,PBMC10k or PBMC5k by direction,reciprocal batch,scVI_matched / totalVI + persisted scArches adaptation (PHASE11B),source batch (full or crossed subsets),all unlabeled target cells,source eligible high-conf,target eligible high-conf,source labels for classifier; class_plan uses target counts for eligibility design,target high-conf labels,PHASE6,No,Yes,cell,model seed 0–19 (full-source); crossed 5 subsets × 5 seeds,model seed,one run per seed (crossed design reused by PHASE12A as rep0),seed-level (10000) AND target-cell (500) kept separate,"macro-F1, error AUROC, NLL/Brier/ECE, AURC",model seed,unsupervised_transductive_query_adaptation + inductive_classifier,results/phase11b_uncertainty_robustness/; NOTE: PHASE11 was 5 seeds only
variance_decomposition,PBMC Direction A crossed design,PBMC10k source subsets (5),PBMC5k,scVI_matched and totalVI SEPARATELY (+ delta cube),source subset cells,all unlabeled target,source eligible,target eligible,source labels for classifier,target labels,PHASE6,No,Yes,cell (metric is scalar per run),5 subsets × 5 seeds × 2 run replicates × 2 models,model seed,rep0=PHASE11B reuse; rep1=PHASE12A retrain,N/A (MoM ANOVA on run scalars),"macro_f1, error_auroc, nll, brier, ece, aurc, ...",run (subset×seed×replicate) within model; delta separately,unsupervised_transductive_query_adaptation + inductive_classifier,results/phase12a_variance_replication/; src/experiments/phase12a_stats.py (MoM; per-model + delta)
Lawlor_external_validation,Lawlor Baseline SNG shared genes/proteins,8 source donors (per fold),2 target donors (per fold),scVI_matched / totalVI + scArches,all source-donor cells (labeled+unlabeled),all target-donor cells unlabeled features,source labeled cells in eligible classes,target labeled cells in eligible classes present in both,source author labels for classifier only,target author labels,author protein-gated author_cell_type,No,Yes — unsupervised query adaptation,donor (10 donors; folds are 2-donor pairs),5 folds × 10 seeds × 2 models = 100 runs,model seed 0–9,one run per fold×model×seed,historically none as primary; revision uses donor-level deltas,macro-F1 primary; predictive/latent AUROC; NLL/Brier/ECE; AURC,HISTORICAL: fold×seed pair (n=50) descriptive; REVISION PRIMARY: donor,donor-held-out label evaluation after unsupervised query adaptation,results/phase12b_external_validation/formal_validation/
selective_prediction,PBMC transfer (11/11B) and Lawlor (12B),(inherits parent experiment),(inherits parent experiment),(inherits),(inherits),(inherits),(inherits),target eval cells ranked by U_pred=1-p_max,none for ranking,target labels for risk/accuracy,(inherits),No,(inherits),(inherits),(inherits),(inherits),(inherits),(inherits),FULL AURC = mean risk over all prefixes; discrete coverage table at {1.0..0.5},(inherits),(inherits),src/experiments/phase11_uncertainty.py::risk_coverage; COVERAGE_GRID for tables only
