model,source_subset_seed,model_seed,replicate,run_replicate_seed,accuracy,balanced_accuracy,macro_f1,weighted_f1,error_auroc,error_auprc,error_prevalence,nll,brier,ece,aurc,n_source_eval,n_target_eval
scvi_matched,0,0,0,,0.7821482602118003,0.6316778487833339,0.6213208026679086,0.7735143023330544,0.8476219643240919,0.5479958134854668,0.2178517397881997,0.6120943089942438,0.3009670435130476,0.020117838949010154,0.06306011517018131,3462,3305
scvi_matched,0,0,1,91000.0,0.7794251134644478,0.6501704799720049,0.6355573307834663,0.7764962329062249,0.8472254172737264,0.5578303466817889,0.22057488653555218,0.6009987803629226,0.3026385081015966,0.02849518163481927,0.06331339173909943,3462,3305
scvi_matched,0,1,0,,0.7639939485627837,0.5984337186768609,0.5740826384229197,0.7569874001647244,0.8389007362274687,0.5490205787261829,0.23600605143721634,0.6400517754228936,0.3232878488078392,0.037778366071914586,0.07206285101661548,3462,3305
scvi_matched,0,1,1,91001.0,0.756732223903177,0.5972782441323135,0.5788493915902213,0.7478161641008575,0.8410755100944696,0.5709449493211115,0.24326777609682299,0.6352600396112702,0.32762793285381187,0.04575079876968973,0.07472326264613585,3462,3305
scvi_matched,0,2,0,,0.7818456883509833,0.6144569592089875,0.6087841435883937,0.7738038130280986,0.8380994963135995,0.5504155475964114,0.21815431164901664,0.6097752715057477,0.3049053205178557,0.030976663550161918,0.06542408245849161,3462,3305
scvi_matched,0,2,1,91002.0,0.7636913767019667,0.6218291627428745,0.6045195189933957,0.7589966333024983,0.8411799858363551,0.5333169125441963,0.2363086232980333,0.619798659335601,0.3183588197834068,0.03857635557200651,0.07136592487768233,3462,3305
scvi_matched,0,3,0,,0.7888048411497731,0.6429070487533601,0.6241685445520259,0.7794218460001096,0.8286270268606781,0.48934669409362835,0.21119515885022694,0.5921282996664813,0.3000830790344402,0.028878397425797273,0.06452220645793307,3462,3305
scvi_matched,0,3,1,91003.0,0.7794251134644478,0.6437368960862255,0.6319283141340313,0.7767972708466744,0.8350975342722524,0.5124044337933699,0.22057488653555218,0.592026395234824,0.30464807313299186,0.03228967362020092,0.06620033975046649,3462,3305
scvi_matched,0,4,0,,0.7763993948562784,0.6393008644348367,0.6176299800174402,0.7716178363424461,0.8275924259890712,0.512864616074064,0.22360060514372163,0.6173721636380871,0.3140988275727643,0.03472249916389743,0.06995328969677742,3462,3305
scvi_matched,0,4,1,91004.0,0.7715582450832073,0.5995677800156458,0.5887047400145806,0.7564236115149414,0.8460012985326579,0.5596172466197612,0.22844175491679275,0.6118676383693725,0.3110615764093444,0.03741267024118133,0.0668143034511128,3462,3305
totalvi,0,0,0,,0.7767019667170953,0.6036720552836272,0.6058725616835867,0.7602175161209623,0.823524661035469,0.52877426819397,0.22329803328290468,0.626614647851066,0.3162322483275044,0.0393703859169797,0.0739082281584206,3462,3305
totalvi,0,0,1,91000.0,0.7806354009077155,0.6113131437171953,0.610964323487075,0.7651786473755249,0.8548404170008019,0.5438861812309043,0.21936459909228442,0.5807167772188578,0.2952306478525009,0.032054427820687584,0.060319628451571655,3462,3305
totalvi,0,1,0,,0.8075642965204236,0.6225383667667912,0.6107139279728668,0.7852955399668342,0.8590702474957055,0.5219981309352798,0.1924357034795764,0.5489880553395261,0.2728735917465237,0.027402078906995628,0.04986260223188879,3462,3305
totalvi,0,1,1,91001.0,0.7936459909228442,0.6047224429612001,0.5803318017354715,0.763935559357702,0.8624126970639827,0.5760576692309348,0.20635400907715581,0.6078558973694699,0.28785871139418323,0.03911465072776114,0.05503630759477035,3462,3305
totalvi,0,2,0,,0.8021180030257186,0.60900287629498,0.6144167021990642,0.7788862316676725,0.8519028651123516,0.5162877707685429,0.19788199697428138,0.5680931239816492,0.27914594983475904,0.01979059900710876,0.05428471019865706,3462,3305
totalvi,0,2,1,91002.0,0.81089258698941,0.6311499878082688,0.6246144142801454,0.7861264831393826,0.841065671641791,0.5106603516253878,0.18910741301059,0.5676982912313447,0.27318019353401896,0.010783264135629075,0.05431941190007032,3462,3305
totalvi,0,3,0,,0.7912254160363086,0.6110238651774165,0.6112627116391638,0.7663314354120747,0.8381400504336741,0.5363927416610846,0.2087745839636914,0.5898615145011405,0.29338668003288226,0.033817361883604936,0.06258195914227677,3462,3305
totalvi,0,3,1,91003.0,0.7957639939485628,0.6034090133543774,0.6091110019605062,0.7726207117383137,0.8408595972398254,0.5270682305800406,0.2042360060514372,0.5600923811730859,0.28343688129393846,0.020763985093530845,0.059261044900213077,3462,3305
totalvi,0,4,0,,0.7561270801815431,0.6158192178084456,0.6085273742388597,0.7396715533248587,0.8375747321261011,0.5513779098014076,0.24387291981845688,0.6807219101393082,0.3375926647220887,0.048623971354763026,0.07710125776553317,3462,3305
totalvi,0,4,1,91004.0,0.8084720121028744,0.6367196923152731,0.6348206201120321,0.7848742550869316,0.8435208965954346,0.5052138891106701,0.19152798789712558,0.5472885279281966,0.27430246444571094,0.029432919517768146,0.054615054924641804,3462,3305
scvi_matched,1,0,0,,0.7773071104387292,0.6266268888696529,0.60203241615354,0.7673764570368775,0.8427773875810246,0.5367872187353229,0.2226928895612708,0.5965732133828255,0.3074160213765886,0.03426299167292561,0.06547169551061728,3470,3305
scvi_matched,1,0,1,91010.0,0.7785173978819969,0.6234362542569365,0.5966607410630489,0.7662945589966571,0.8465164199898482,0.5561070323160289,0.22148260211800302,0.6023026881822466,0.30275871051823555,0.025631013526137413,0.06461485833021846,3470,3305
scvi_matched,1,1,0,,0.7591527987897125,0.6209800317613352,0.6023319391091471,0.7508578176891614,0.8476134158236379,0.5563135851124636,0.24084720121028744,0.6282726154643289,0.3225558181051617,0.04705878048909776,0.07118785956202518,3470,3305
scvi_matched,1,1,1,91011.0,0.7679273827534039,0.6115512803989283,0.605019659652988,0.7580964830364363,0.8393107940529505,0.528005470821066,0.23207261724659606,0.6110975195746019,0.3146851759904322,0.04183319531121882,0.07024954425384454,3470,3305
scvi_matched,1,2,0,,0.7718608169440242,0.6216516788855946,0.6081009224851729,0.7669614556220485,0.8360912192337326,0.550429915056779,0.2281391830559758,0.6034798119216565,0.3086782564462325,0.01661323429777114,0.07021734594114797,3470,3305
scvi_matched,1,2,1,91012.0,0.7751891074130106,0.6233519848077207,0.600644619071014,0.7650472026355227,0.8526019061067492,0.5842955382507791,0.2248108925869894,0.5870866858800899,0.3007483925824179,0.03591577095992626,0.06424020921159981,3470,3305
scvi_matched,1,3,0,,0.7540090771558245,0.5823364059859581,0.5629153778484471,0.7458205457407039,0.8390223870135972,0.5810082706306257,0.24599092284417548,0.6618778675186979,0.33564532357020643,0.054511924166903,0.07715589603930374,3470,3305
scvi_matched,1,3,1,91013.0,0.7642965204236006,0.6166725944956918,0.5926246222055679,0.7590493610910248,0.840287454631016,0.569976211662689,0.2357034795763994,0.6167831177049279,0.3155027594910619,0.027042563410642095,0.07320815282292006,3470,3305
scvi_matched,1,4,0,,0.7652042360060515,0.604576734537746,0.5920945613951477,0.7546624751741943,0.8355988064228148,0.5568555749951024,0.23479576399394855,0.6241543097630502,0.31826424575068774,0.03343300011442938,0.07314353115776193,3470,3305
scvi_matched,1,4,1,91014.0,0.75642965204236,0.5777248175650449,0.5660293209945475,0.7455738307468543,0.822312546583851,0.53565843337461,0.24357034795763993,0.6567426288764452,0.3361162987793347,0.059928047206145724,0.08139590259124344,3470,3305
totalvi,1,0,0,,0.8084720121028744,0.639530988822359,0.615428856056778,0.7867113017605972,0.8332736186394982,0.48641973538846794,0.19152798789712558,0.541419595350719,0.2746428689364499,0.015056124523439855,0.05726583169620133,3470,3305
totalvi,1,0,1,91010.0,0.8006051437216339,0.6355746982890949,0.6252081468943886,0.7822300977537525,0.8265736238855683,0.4668094927681278,0.19939485627836612,0.5707831696967172,0.28570716290339515,0.03187266250060653,0.06038799755461678,3470,3305
totalvi,1,1,0,,0.7763993948562784,0.6060436178254435,0.5824405046510275,0.7567630885302877,0.8356231747099839,0.5516484360351406,0.22360060514372163,0.6188792282760845,0.3089944190050004,0.03014208304719738,0.06919624109731771,3470,3305
totalvi,1,1,1,91011.0,0.7903177004538577,0.6437049369266457,0.6127116589636461,0.7790760822974299,0.8324913983413217,0.5132648279626724,0.2096822995461422,0.5958448756890908,0.2942946298782437,0.026916876656204777,0.06384830075219605,3470,3305
totalvi,1,2,0,,0.8045385779122541,0.6097232652606663,0.608440818853398,0.7797805490382775,0.8522309301781321,0.5519688839392822,0.19546142208774583,0.5386506148370213,0.2719669484645819,0.028769110993069353,0.053435525541405036,3470,3305
totalvi,1,2,1,91012.0,0.8045385779122541,0.6100705320675671,0.5976453748439403,0.7751132254632864,0.8628258254866642,0.5607760379613156,0.19546142208774583,0.5534024758394761,0.2722806831030403,0.025258023565728063,0.050734757135901073,3470,3305
totalvi,1,3,0,,0.8099848714069592,0.6366804669816815,0.6267584221117632,0.7907356549829959,0.846137419727854,0.530842003930679,0.19001512859304084,0.5422016673751506,0.2710035697600806,0.013913021749519538,0.05288250452775936,3470,3305
totalvi,1,3,1,91013.0,0.7975794251134645,0.6050893533502023,0.6002832663638257,0.7696420343974991,0.8456940919225804,0.5291920271883503,0.20242057488653556,0.557424907531175,0.28390778289998275,0.028905160109682995,0.05784309551842621,3470,3305
totalvi,1,4,0,,0.7987897125567323,0.621828015362442,0.6213127925577884,0.7802178025653441,0.8194412166780588,0.49111091295091797,0.20121028744326777,0.6091023328496119,0.29166726057212194,0.02598762235374566,0.06401392509870509,3470,3305
totalvi,1,4,1,91014.0,0.8,0.611801283205661,0.6001891379653672,0.771033507020192,0.8339556807752432,0.5201836894836318,0.2,0.5542212720420213,0.28731543180280616,0.041466505237137845,0.05985859817451713,3470,3305
scvi_matched,2,0,0,,0.7767019667170953,0.6112418407551563,0.6080094158169087,0.7665996858041659,0.8426035896510115,0.5528429025834418,0.22329803328290468,0.6039980620751507,0.30743907917888125,0.04311459114079035,0.06642224423952042,3497,3305
scvi_matched,2,0,1,91020.0,0.7576399394856278,0.6106595421119069,0.591364684115394,0.7484722176561668,0.848160296833431,0.5670123818210321,0.24236006051437217,0.641893747991753,0.32849954111493673,0.05383182223012698,0.07178299989991381,3497,3305
scvi_matched,2,1,0,,0.7585476550680786,0.6295370247241687,0.5950556500308146,0.7551867329156723,0.8432399307003048,0.5680543557308407,0.24145234493192133,0.6491467121452971,0.32816146833446,0.03825995066342664,0.07368167159102805,3497,3305
scvi_matched,2,1,1,91021.0,0.7809379727685325,0.633994511879328,0.6193018269892765,0.771120831055163,0.8315462977431765,0.5244201432220258,0.21906202723146748,0.6126533633856671,0.3079026168512581,0.03312554401817554,0.06735927753687766,3497,3305
scvi_matched,2,2,0,,0.7691376701966717,0.6108289315210718,0.6057444498441515,0.7601101671686198,0.8266547944725209,0.537962902984916,0.2308623298033283,0.6376294418033204,0.3206509272390341,0.0319578627955715,0.07433944743257322,3497,3305
scvi_matched,2,2,1,91022.0,0.7476550680786687,0.602754694537097,0.575573218278939,0.7378054827359558,0.8337520998983897,0.5715299854329108,0.25234493192133134,0.6584380671415199,0.34270110628489353,0.05211684339526199,0.08084388526432455,3497,3305
scvi_matched,2,3,0,,0.7304084720121029,0.5980125787162829,0.5815252185630706,0.7245220064118949,0.8336634317026475,0.5801494129762235,0.26959152798789715,0.7163673416606086,0.36308817120652737,0.05440902341151562,0.08853800467734765,3497,3305
scvi_matched,2,3,1,91023.0,0.7531013615733737,0.5906280533751553,0.5621172162913457,0.7434229549664242,0.8417007873860674,0.57442278147491,0.24689863842662632,0.6821828442496369,0.33749028216285953,0.04152415617511419,0.07607795115164832,3497,3305
scvi_matched,2,4,0,,0.75642965204236,0.5988385636022395,0.5808225752561109,0.7502240488023146,0.8429873291925465,0.58226995382905,0.24357034795763993,0.6627117899063257,0.33182678324913634,0.05277749052026088,0.07475786603213219,3497,3305
scvi_matched,2,4,1,91024.0,0.7655068078668684,0.622036644296808,0.5934864148290289,0.7560753172013659,0.8477220451357897,0.5884396283966651,0.2344931921331316,0.6250090610613142,0.3160929812468353,0.03834214700152041,0.06989438543046687,3497,3305
totalvi,2,0,0,,0.8090771558245083,0.6402813989078899,0.6206033474516222,0.787140982400739,0.8404990475874389,0.5063507885367706,0.19092284417549168,0.5607033699755822,0.2770895488912259,0.023800424800878572,0.05416311443638197,3497,3305
totalvi,2,0,1,91020.0,0.8,0.6227060068375725,0.6121507915093519,0.7761318360147851,0.8315590804745022,0.4935644040098989,0.2,0.6063454830914327,0.2930493588846877,0.03291884546200555,0.06019607106864651,3497,3305
totalvi,2,1,0,,0.7990922844175492,0.6295253372256934,0.6222958620336945,0.7796233238606034,0.8551730587628819,0.5358625394179337,0.20090771558245082,0.5778833624878873,0.28075483423969255,0.017910452283997756,0.053849324256835474,3497,3305
totalvi,2,1,1,91021.0,0.8121028744326778,0.6599069442056449,0.6631489765453618,0.7938777542969371,0.8356821961597443,0.47975357546762254,0.18789712556732224,0.5427508203620908,0.271506591633114,0.018910826505943803,0.05362958624435756,3497,3305
totalvi,2,2,0,,0.783661119515885,0.61168413471205,0.6012110816535092,0.7680832713134806,0.8355055755055755,0.5318097401230524,0.21633888048411498,0.5889080163195478,0.30110493624273077,0.021322148803863863,0.06534421720656919,3497,3305
totalvi,2,2,1,91022.0,0.7751891074130106,0.5657096923058849,0.5644961299522065,0.7497050571994245,0.8369018988571975,0.5378644895305227,0.2248108925869894,0.6131618315250303,0.31525462745276084,0.05943313598993507,0.06860275676882194,3497,3305
totalvi,2,3,0,,0.8009077155824509,0.6256060278409823,0.612093194792455,0.7831176415210159,0.8406646625244154,0.5148124843916602,0.19909228441754917,0.551252815148317,0.2789572992766951,0.014680258183544233,0.056945344478636944,3497,3305
totalvi,2,3,1,91023.0,0.8063540090771558,0.6356348879402558,0.6481525222690653,0.7865800400583902,0.8366906074108817,0.4821365964713952,0.19364599092284418,0.5780703418010369,0.2790392652427071,0.021921982346792993,0.056287282190666935,3497,3305
totalvi,2,4,0,,0.7954614220877458,0.6217024954405169,0.6056188243371498,0.7755922334808683,0.8409304728100996,0.5124413335368905,0.20453857791225416,0.5635026055405101,0.28673006797691686,0.02479160757180241,0.05897379758959193,3497,3305
totalvi,2,4,1,91024.0,0.789712556732224,0.6413729135575666,0.629004824241305,0.7794385630855057,0.8269516800352822,0.5081214939739651,0.2102874432677761,0.5981658013791543,0.2984411010560099,0.02592249830984672,0.06550487610953935,3497,3305
scvi_matched,3,0,0,,0.7615733736762481,0.5990677232558677,0.5917143810615626,0.7541064032637615,0.84139879277764,0.5860161559657246,0.2384266263237519,0.6306054313180937,0.32143365254636175,0.02316026799437138,0.07298814529080967,3500,3305
scvi_matched,3,0,1,91030.0,0.7440242057488654,0.6098597668982269,0.5850537219645512,0.7377593624243551,0.8269492009379354,0.5570423333313088,0.25597579425113465,0.6704576832547103,0.3487000587489039,0.061763116766933954,0.08466071833335723,3500,3305
scvi_matched,3,1,0,,0.789712556732224,0.6342746146682167,0.6205478053065991,0.7821280776275459,0.8460056782160479,0.5443663975110027,0.2102874432677761,0.5732345176208875,0.288844143863656,0.01966305823261186,0.060465292222632194,3500,3305
scvi_matched,3,1,1,91031.0,0.7712556732223903,0.6295125579682388,0.6077599785581347,0.7609664650676523,0.8412734737764163,0.5469791583363925,0.22874432677760967,0.6171087794218354,0.30846657062981114,0.024073638930443383,0.06918627249025784,3500,3305
scvi_matched,3,2,0,,0.7833585476550681,0.6114371344797294,0.5911771958449242,0.772045861810508,0.8161800246422877,0.49213268414786643,0.21664145234493193,0.6235526404742971,0.3127367677076272,0.03775605467372149,0.07147379247461987,3500,3305
scvi_matched,3,2,1,91032.0,0.7715582450832073,0.6039292812174646,0.5918379955673306,0.7658801678952355,0.8297088689780548,0.5621946574864288,0.22844175491679275,0.6023999431077766,0.3121252333333045,0.029650749272910615,0.07293554847413923,3500,3305
scvi_matched,3,3,0,,0.7588502269288956,0.6313928280113023,0.6067097615085307,0.7579620789524734,0.836647696005155,0.5672109157416892,0.24114977307110438,0.6575082024918206,0.32917315706896416,0.02983382272107157,0.07537495007842776,3500,3305
scvi_matched,3,3,1,91033.0,0.7500756429652042,0.5803184387414683,0.5614136909760835,0.7402388843880652,0.8432303504400646,0.5839728841869277,0.24992435703479576,0.6712949241912651,0.33428486773890087,0.043354731536669,0.07747943493657357,3500,3305
scvi_matched,3,4,0,,0.7715582450832073,0.6207663875107242,0.5942456026863538,0.7643370070905804,0.8240602519153357,0.519733030422687,0.22844175491679275,0.6259514939678824,0.31661356176341193,0.039367802511004565,0.073861422247223,3500,3305
scvi_matched,3,4,1,91034.0,0.7549167927382754,0.5951513602691837,0.5764099839333754,0.7430331032703583,0.8424265815581781,0.5810475945932798,0.24508320726172467,0.662410299253951,0.32893248913543505,0.041807884852572405,0.07578494398360677,3500,3305
totalvi,3,0,0,,0.8139183055975794,0.6670184972082741,0.6400618436090728,0.7979614454710793,0.8380034454619639,0.5084675283928496,0.18608169440242056,0.5552708371809564,0.269181375380059,0.01603664871243235,0.05352398111872175,3500,3305
totalvi,3,0,1,91030.0,0.8118003025718609,0.6487914659519968,0.6156148222832147,0.7904170278138712,0.8357252343863291,0.5083990538474259,0.1881996974281392,0.5743670876810061,0.2761860492873348,0.02221399000120235,0.054366160537122274,3500,3305
totalvi,3,1,0,,0.794251134644478,0.5977260626593421,0.5891825898622872,0.7710112619446597,0.8409649859943977,0.519453967322536,0.20574886535552195,0.5841847429347509,0.28753330973908886,0.03528347045138095,0.06080698780379014,3500,3305
totalvi,3,1,1,91031.0,0.8087745839636914,0.6366076254638411,0.6149900937758752,0.7874721658511463,0.8388828510136526,0.5026072025330951,0.19122541603630863,0.5642992507826216,0.27476718422109486,0.016498026716186127,0.0551661737828505,3500,3305
totalvi,3,2,0,,0.8006051437216339,0.6379902248445015,0.616265422728915,0.7759683628461371,0.84953209069836,0.5363483728128762,0.19939485627836612,0.5788283447843225,0.2832419986843025,0.027524137632208408,0.05468252085652548,3500,3305
totalvi,3,2,1,91032.0,0.7875945537065053,0.6141652969717583,0.589659289386697,0.7699676226101925,0.8360176128136175,0.5355878258152492,0.2124054462934947,0.5988998606908992,0.3004897010080709,0.027750987644094567,0.06350610782604181,3500,3305
totalvi,3,3,0,,0.8081694402420575,0.6346927754771887,0.6285790744648574,0.785003405854367,0.8365302282844007,0.5042098945229021,0.1918305597579425,0.5656993876195927,0.2767259211558999,0.019391451120015894,0.055925811151297224,3500,3305
totalvi,3,3,1,91033.0,0.8090771558245083,0.627626801596689,0.6327252419556844,0.7883907042915121,0.8331363710177361,0.5021768104122147,0.19092284417549168,0.5438632638020117,0.27368157863049525,0.019386894782264,0.05732790799959686,3500,3305
totalvi,3,4,0,,0.8181543116490166,0.6462320159130511,0.632816024268,0.7978955707241115,0.8378073034095048,0.5075266122008854,0.18184568835098336,0.5664187626306318,0.2689592795380072,0.020774500957956472,0.05164555371980921,3500,3305
totalvi,3,4,1,91034.0,0.7763993948562784,0.6240743492872959,0.6127971385023563,0.7701819936762847,0.8155332509964277,0.4965946687461048,0.22360060514372163,0.6114193378071174,0.31078919826982426,0.024047005005214648,0.07497826602107685,3500,3305
scvi_matched,4,0,0,,0.7582450832072617,0.6046521260798807,0.5776880862805374,0.7490098371045728,0.8483232232629174,0.5795506740123127,0.24175491679273828,0.6368151812905453,0.32567881633821333,0.04001773267578609,0.07187386147690288,3484,3305
scvi_matched,4,0,1,91040.0,0.7733736762481089,0.6195268445215916,0.6060726005983528,0.7671165625744429,0.8363994977131741,0.5459218383991276,0.22662632375189107,0.6009803862010671,0.311133064851661,0.03226536203981708,0.06913861460300676,3484,3305
scvi_matched,4,1,0,,0.7869894099848714,0.6439629418933912,0.6283390768347742,0.7795800504844471,0.8417053318653663,0.5442851019439493,0.2130105900151286,0.5797849362775072,0.2950865884825001,0.03376539968145777,0.06208780260349786,3484,3305
scvi_matched,4,1,1,91041.0,0.7527987897125568,0.6176164789677078,0.6024897586180885,0.7517221975004512,0.8427325089437869,0.5741165236834456,0.24720121028744327,0.6637498578001387,0.3382739340229519,0.04945732875418553,0.07590957772357125,3484,3305
scvi_matched,4,2,0,,0.7609682299546142,0.6121652791732141,0.5922782200807625,0.7562346769040176,0.8440929108890957,0.5689950017531197,0.23903177004538578,0.634101272534483,0.3232078826682659,0.031162311332849798,0.07229450056543327,3484,3305
scvi_matched,4,2,1,91042.0,0.7803328290468986,0.6474860627239236,0.6277502735629023,0.7772125921336089,0.839562657488915,0.5448409238881584,0.21966717095310137,0.6146557033170006,0.30581400494538585,0.020996591381153795,0.06549044906948369,3484,3305
scvi_matched,4,3,0,,0.7446293494704992,0.6118556915168452,0.5932720100006614,0.7357257399544862,0.8418070718372488,0.574711865977401,0.25537065052950075,0.6925023613280172,0.3448627149674882,0.048230077720806556,0.07950225446360865,3484,3305
scvi_matched,4,3,1,91043.0,0.7482602118003026,0.5960854539003875,0.5769936125698754,0.7424323801950657,0.8247768204298733,0.5540990980559604,0.25173978819969745,0.6997863473920122,0.35035407342655717,0.057737288487660895,0.0835601509618586,3484,3305
scvi_matched,4,4,0,,0.7700453857791225,0.6312469401384708,0.6027551101383813,0.7670545550668985,0.8275535104952952,0.5090528038084877,0.22995461422087746,0.6351059721422828,0.3199142620145745,0.033787572365845925,0.07265349232037728,3484,3305
scvi_matched,4,4,1,91044.0,0.7709531013615734,0.608816806398411,0.5987717943310501,0.7668255223077758,0.8264372917137589,0.5246042117409745,0.22904689863842662,0.6241815666204887,0.3188720913003478,0.029642333466779455,0.07300747448430399,3484,3305
totalvi,4,0,0,,0.7915279878971255,0.6047701699211714,0.5954961687678951,0.76903766077445,0.8454492394686266,0.539199363255521,0.20847201210287444,0.5870555935120555,0.2920302569750628,0.020195297177728836,0.05981040667857353,3484,3305
totalvi,4,0,1,91040.0,0.7975794251134645,0.618283147175345,0.6122872710192031,0.7731518910358971,0.8534497619485064,0.5536062191319546,0.20242057488653556,0.5531347159545559,0.28254881063406817,0.04911817853281249,0.05541989366486629,3484,3305
totalvi,4,1,0,,0.7930408472012103,0.6170665927579159,0.5980825259924764,0.7784597946920845,0.8380026595804022,0.5146328848920909,0.2069591527987897,0.5951395054793976,0.29484865141452116,0.022198521856460915,0.060581477349476595,3484,3305
totalvi,4,1,1,91041.0,0.8024205748865355,0.6348751486683509,0.6254030716035031,0.7784670490631959,0.8361738027759106,0.4961000347046953,0.19757942511346444,0.5508648212799465,0.283531282584845,0.03237179891064018,0.05741844087819939,3484,3305
totalvi,4,2,0,,0.7954614220877458,0.6058556077892069,0.5991365714487036,0.7692802618614629,0.8489239276976643,0.5442156848051648,0.20453857791225416,0.5857345998299021,0.28655765187158583,0.03627829626540733,0.05766256657416765,3484,3305
totalvi,4,2,1,91042.0,0.8015128593040847,0.6186006350764517,0.6012813289704575,0.7730901173185601,0.842793875277371,0.5130294742404219,0.19848714069591528,0.597060845465746,0.2880263191729143,0.02223472121804276,0.05616707980530612,3484,3305
totalvi,4,3,0,,0.8030257186081694,0.6334076453980002,0.6204259137659495,0.7816902769047901,0.8555019985484046,0.5343074195276389,0.19697428139183057,0.5567240659563726,0.27555433849158023,0.029922938752643295,0.052411553342069296,3484,3305
totalvi,4,3,1,91043.0,0.8045385779122541,0.62756805062508,0.610331196758944,0.7771670034585988,0.8546271381615332,0.5415728076161945,0.19546142208774583,0.5961757069832628,0.2788742810661802,0.021444262336494335,0.052546546224163694,3484,3305
totalvi,4,4,0,,0.7909228441754916,0.6052268958671545,0.5860502996397682,0.7620008295734388,0.8228912114108934,0.5142824511682852,0.2090771558245083,0.6261165822357628,0.30784246857969255,0.05535509331143388,0.06609382072255619,3484,3305
totalvi,4,4,1,91044.0,0.8078668683812406,0.6431112121269936,0.6397025242094481,0.7886367770041253,0.8242673036656935,0.47816153320246035,0.19213313161875945,0.5648055455123077,0.28253918787872473,0.028603680014790637,0.05806330932108875,3484,3305
