cell_type,source_support,target_support,precision,recall,f1,direction,model,seed,label_level,subset
B intermediate,68,66,0.4772727272727273,0.6363636363636364,0.5454545454545454,pbmc10k_to_pbmc5k,scvi_matched,0,l2,high_confidence_shared
B memory,99,79,0.7021276595744681,0.8354430379746836,0.7630057803468208,pbmc10k_to_pbmc5k,scvi_matched,0,l2,high_confidence_shared
B naive,315,128,0.989010989010989,0.703125,0.821917808219178,pbmc10k_to_pbmc5k,scvi_matched,0,l2,high_confidence_shared
CD14 Mono,1237,937,0.9246031746031746,0.9946638207043756,0.9583547557840616,pbmc10k_to_pbmc5k,scvi_matched,0,l2,high_confidence_shared
CD16 Mono,103,131,0.9906542056074766,0.8091603053435115,0.8907563025210085,pbmc10k_to_pbmc5k,scvi_matched,0,l2,high_confidence_shared
CD4 CTL,24,41,0.7777777777777778,0.1707317073170731,0.28,pbmc10k_to_pbmc5k,scvi_matched,0,l2,high_confidence_shared
CD4 Naive,795,378,0.8192771084337349,0.7195767195767195,0.7661971830985915,pbmc10k_to_pbmc5k,scvi_matched,0,l2,high_confidence_shared
CD4 TCM,580,327,0.5421940928270043,0.7859327217125383,0.6416978776529338,pbmc10k_to_pbmc5k,scvi_matched,0,l2,high_confidence_shared
CD4 TEM,281,272,0.6676923076923077,0.7977941176470589,0.7269681742043551,pbmc10k_to_pbmc5k,scvi_matched,0,l2,high_confidence_shared
CD8 Naive,320,48,0.8636363636363636,0.7916666666666666,0.8260869565217391,pbmc10k_to_pbmc5k,scvi_matched,0,l2,high_confidence_shared
CD8 TCM,77,34,0.4242424242424242,0.4117647058823529,0.417910447761194,pbmc10k_to_pbmc5k,scvi_matched,0,l2,high_confidence_shared
CD8 TEM,246,147,0.8878504672897196,0.6462585034013606,0.7480314960629921,pbmc10k_to_pbmc5k,scvi_matched,0,l2,high_confidence_shared
Eryth,144,86,0.6610169491525424,0.4534883720930232,0.5379310344827586,pbmc10k_to_pbmc5k,scvi_matched,0,l2,high_confidence_shared
ILC,65,98,0.6111111111111112,0.2244897959183673,0.3283582089552239,pbmc10k_to_pbmc5k,scvi_matched,0,l2,high_confidence_shared
MAIT,356,24,0.4,0.6666666666666666,0.5,pbmc10k_to_pbmc5k,scvi_matched,0,l2,high_confidence_shared
NK,760,251,0.8833922261484098,0.99601593625498,0.9363295880149812,pbmc10k_to_pbmc5k,scvi_matched,0,l2,high_confidence_shared
NK_CD56bright,35,30,0.9565217391304348,0.7333333333333333,0.8301886792452831,pbmc10k_to_pbmc5k,scvi_matched,0,l2,high_confidence_shared
Treg,241,59,0.7619047619047619,0.2711864406779661,0.4,pbmc10k_to_pbmc5k,scvi_matched,0,l2,high_confidence_shared
cDC2,135,125,0.975206611570248,0.944,0.959349593495935,pbmc10k_to_pbmc5k,scvi_matched,0,l2,high_confidence_shared
dnT,76,14,0.1666666666666666,0.0714285714285714,0.1,pbmc10k_to_pbmc5k,scvi_matched,0,l2,high_confidence_shared
gdT,59,71,0.4772727272727273,0.2957746478873239,0.3652173913043478,pbmc10k_to_pbmc5k,scvi_matched,0,l2,high_confidence_shared
pDC,24,23,0.9583333333333334,1.0,0.9787234042553192,pbmc10k_to_pbmc5k,scvi_matched,0,l2,high_confidence_shared
B intermediate,68,66,0.7619047619047619,0.7272727272727273,0.7441860465116279,pbmc10k_to_pbmc5k,totalvi,0,l2,high_confidence_shared
B memory,99,79,0.8125,0.8227848101265823,0.8176100628930818,pbmc10k_to_pbmc5k,totalvi,0,l2,high_confidence_shared
B naive,315,128,0.9769230769230768,0.9921875,0.9844961240310076,pbmc10k_to_pbmc5k,totalvi,0,l2,high_confidence_shared
CD14 Mono,1237,937,0.9281437125748504,0.992529348986126,0.959257349149046,pbmc10k_to_pbmc5k,totalvi,0,l2,high_confidence_shared
CD16 Mono,103,131,0.9912280701754386,0.8625954198473282,0.9224489795918368,pbmc10k_to_pbmc5k,totalvi,0,l2,high_confidence_shared
CD4 CTL,24,41,1.0,0.1707317073170731,0.2916666666666667,pbmc10k_to_pbmc5k,totalvi,0,l2,high_confidence_shared
CD4 Naive,795,378,0.7873831775700935,0.8915343915343915,0.8362282878411911,pbmc10k_to_pbmc5k,totalvi,0,l2,high_confidence_shared
CD4 TCM,580,327,0.6297297297297297,0.7125382262996942,0.6685796269727403,pbmc10k_to_pbmc5k,totalvi,0,l2,high_confidence_shared
CD4 TEM,281,272,0.6696696696696697,0.8198529411764706,0.7371900826446282,pbmc10k_to_pbmc5k,totalvi,0,l2,high_confidence_shared
CD8 Naive,320,48,0.7377049180327869,0.9375,0.8256880733944955,pbmc10k_to_pbmc5k,totalvi,0,l2,high_confidence_shared
CD8 TCM,77,34,0.8,0.2352941176470588,0.3636363636363636,pbmc10k_to_pbmc5k,totalvi,0,l2,high_confidence_shared
CD8 TEM,246,147,0.7844311377245509,0.891156462585034,0.8343949044585988,pbmc10k_to_pbmc5k,totalvi,0,l2,high_confidence_shared
Eryth,144,86,0.5975609756097561,0.5697674418604651,0.5833333333333334,pbmc10k_to_pbmc5k,totalvi,0,l2,high_confidence_shared
ILC,65,98,0.7,0.0714285714285714,0.1296296296296296,pbmc10k_to_pbmc5k,totalvi,0,l2,high_confidence_shared
MAIT,356,24,0.2835820895522388,0.7916666666666666,0.4175824175824176,pbmc10k_to_pbmc5k,totalvi,0,l2,high_confidence_shared
NK,760,251,0.9090909090909092,0.99601593625498,0.9505703422053232,pbmc10k_to_pbmc5k,totalvi,0,l2,high_confidence_shared
NK_CD56bright,35,30,1.0,0.4,0.5714285714285714,pbmc10k_to_pbmc5k,totalvi,0,l2,high_confidence_shared
Treg,241,59,0.8571428571428571,0.2033898305084746,0.3287671232876712,pbmc10k_to_pbmc5k,totalvi,0,l2,high_confidence_shared
cDC2,135,125,1.0,0.856,0.9224137931034484,pbmc10k_to_pbmc5k,totalvi,0,l2,high_confidence_shared
dnT,76,14,0.0,0.0,0.0,pbmc10k_to_pbmc5k,totalvi,0,l2,high_confidence_shared
gdT,59,71,0.3846153846153846,0.0704225352112676,0.119047619047619,pbmc10k_to_pbmc5k,totalvi,0,l2,high_confidence_shared
pDC,24,23,0.9583333333333334,1.0,0.9787234042553192,pbmc10k_to_pbmc5k,totalvi,0,l2,high_confidence_shared
B,493,274,1.0,0.9963503649635036,0.9981718464351006,pbmc10k_to_pbmc5k,scvi_matched,0,l1,high_confidence_shared
CD4 T,1929,1079,0.8907198612315698,0.9518072289156626,0.9202508960573476,pbmc10k_to_pbmc5k,scvi_matched,0,l1,high_confidence_shared
CD8 T,653,236,0.7391304347826086,0.7923728813559322,0.7648261758691206,pbmc10k_to_pbmc5k,scvi_matched,0,l1,high_confidence_shared
DC,165,151,0.9793103448275862,0.9403973509933776,0.9594594594594594,pbmc10k_to_pbmc5k,scvi_matched,0,l1,high_confidence_shared
Mono,1340,1068,0.9531953195319532,0.9915730337078652,0.9720055071133548,pbmc10k_to_pbmc5k,scvi_matched,0,l1,high_confidence_shared
NK,812,290,0.910828025477707,0.986206896551724,0.9470198675496688,pbmc10k_to_pbmc5k,scvi_matched,0,l1,high_confidence_shared
other,219,185,0.8307692307692308,0.2918918918918919,0.432,pbmc10k_to_pbmc5k,scvi_matched,0,l1,high_confidence_shared
other T,491,109,0.6666666666666666,0.4770642201834862,0.5561497326203209,pbmc10k_to_pbmc5k,scvi_matched,0,l1,high_confidence_shared
B,493,274,1.0,1.0,1.0,pbmc10k_to_pbmc5k,totalvi,0,l1,high_confidence_shared
CD4 T,1929,1079,0.9146666666666666,0.953660797034291,0.9337568058076224,pbmc10k_to_pbmc5k,totalvi,0,l1,high_confidence_shared
CD8 T,653,236,0.7954545454545454,0.8898305084745762,0.84,pbmc10k_to_pbmc5k,totalvi,0,l1,high_confidence_shared
DC,165,151,0.9923076923076924,0.8543046357615894,0.9181494661921707,pbmc10k_to_pbmc5k,totalvi,0,l1,high_confidence_shared
Mono,1340,1068,0.9508928571428572,0.9971910112359552,0.973491773308958,pbmc10k_to_pbmc5k,totalvi,0,l1,high_confidence_shared
NK,812,290,0.9273927392739274,0.9689655172413794,0.9477234401349072,pbmc10k_to_pbmc5k,totalvi,0,l1,high_confidence_shared
other,219,185,0.797752808988764,0.3837837837837838,0.5182481751824818,pbmc10k_to_pbmc5k,totalvi,0,l1,high_confidence_shared
other T,491,109,0.6091954022988506,0.4862385321100917,0.5408163265306123,pbmc10k_to_pbmc5k,totalvi,0,l1,high_confidence_shared
B intermediate,66,68,0.5789473684210527,0.6470588235294118,0.6111111111111112,pbmc5k_to_pbmc10k,scvi_matched,0,l2,high_confidence_shared
B memory,79,99,0.9041095890410958,0.6666666666666666,0.7674418604651163,pbmc5k_to_pbmc10k,scvi_matched,0,l2,high_confidence_shared
B naive,128,315,0.9397590361445785,0.9904761904761904,0.964451313755796,pbmc5k_to_pbmc10k,scvi_matched,0,l2,high_confidence_shared
CD14 Mono,937,1237,0.937116564417178,0.9878738884397736,0.9618260527351437,pbmc5k_to_pbmc10k,scvi_matched,0,l2,high_confidence_shared
CD16 Mono,131,103,0.9797979797979798,0.941747572815534,0.9603960396039604,pbmc5k_to_pbmc10k,scvi_matched,0,l2,high_confidence_shared
CD4 CTL,41,24,0.0,0.0,0.0,pbmc5k_to_pbmc10k,scvi_matched,0,l2,high_confidence_shared
CD4 Naive,378,795,0.7032667876588021,0.9748427672955976,0.8170795993674222,pbmc5k_to_pbmc10k,scvi_matched,0,l2,high_confidence_shared
CD4 TCM,327,580,0.7805825242718447,0.6931034482758621,0.7342465753424657,pbmc5k_to_pbmc10k,scvi_matched,0,l2,high_confidence_shared
CD4 TEM,272,281,0.4800995024875621,0.6868327402135231,0.5651537335285505,pbmc5k_to_pbmc10k,scvi_matched,0,l2,high_confidence_shared
CD8 Naive,48,320,0.8531468531468531,0.38125,0.5269978401727862,pbmc5k_to_pbmc10k,scvi_matched,0,l2,high_confidence_shared
CD8 TCM,34,77,0.5,0.0909090909090909,0.1538461538461538,pbmc5k_to_pbmc10k,scvi_matched,0,l2,high_confidence_shared
CD8 TEM,147,246,0.807843137254902,0.8373983739837398,0.8223552894211577,pbmc5k_to_pbmc10k,scvi_matched,0,l2,high_confidence_shared
Eryth,86,144,0.8859649122807017,0.7013888888888888,0.7829457364341085,pbmc5k_to_pbmc10k,scvi_matched,0,l2,high_confidence_shared
ILC,98,65,0.5238095238095238,0.1692307692307692,0.2558139534883721,pbmc5k_to_pbmc10k,scvi_matched,0,l2,high_confidence_shared
MAIT,24,356,1.0,0.0702247191011236,0.1312335958005249,pbmc5k_to_pbmc10k,scvi_matched,0,l2,high_confidence_shared
NK,251,760,0.9793014230271668,0.9960526315789474,0.9876060013046314,pbmc5k_to_pbmc10k,scvi_matched,0,l2,high_confidence_shared
NK_CD56bright,30,35,0.9090909090909092,0.8571428571428571,0.8823529411764706,pbmc5k_to_pbmc10k,scvi_matched,0,l2,high_confidence_shared
Treg,59,241,0.4539249146757679,0.5518672199170125,0.49812734082397,pbmc5k_to_pbmc10k,scvi_matched,0,l2,high_confidence_shared
cDC2,125,135,0.9803921568627452,0.7407407407407407,0.8438818565400844,pbmc5k_to_pbmc10k,scvi_matched,0,l2,high_confidence_shared
gdT,71,59,0.1216730038022813,0.5423728813559322,0.1987577639751552,pbmc5k_to_pbmc10k,scvi_matched,0,l2,high_confidence_shared
pDC,23,24,0.96,1.0,0.979591836734694,pbmc5k_to_pbmc10k,scvi_matched,0,l2,high_confidence_shared
B intermediate,66,68,0.4,0.0588235294117647,0.1025641025641025,pbmc5k_to_pbmc10k,totalvi,0,l2,high_confidence_shared
B memory,79,99,0.6168831168831169,0.9595959595959596,0.7509881422924901,pbmc5k_to_pbmc10k,totalvi,0,l2,high_confidence_shared
B naive,128,315,0.9559748427672956,0.9650793650793652,0.9605055292259084,pbmc5k_to_pbmc10k,totalvi,0,l2,high_confidence_shared
CD14 Mono,937,1237,0.943366951124903,0.9830234438156832,0.9627870150435472,pbmc5k_to_pbmc10k,totalvi,0,l2,high_confidence_shared
CD16 Mono,131,103,0.9523809523809524,0.970873786407767,0.9615384615384616,pbmc5k_to_pbmc10k,totalvi,0,l2,high_confidence_shared
CD4 CTL,41,24,0.0,0.0,0.0,pbmc5k_to_pbmc10k,totalvi,0,l2,high_confidence_shared
CD4 Naive,378,795,0.7593908629441625,0.940880503144654,0.8404494382022472,pbmc5k_to_pbmc10k,totalvi,0,l2,high_confidence_shared
CD4 TCM,327,580,0.66991643454039,0.8293103448275863,0.7411402157164869,pbmc5k_to_pbmc10k,totalvi,0,l2,high_confidence_shared
CD4 TEM,272,281,0.4094754653130287,0.8612099644128114,0.555045871559633,pbmc5k_to_pbmc10k,totalvi,0,l2,high_confidence_shared
CD8 Naive,48,320,0.9681528662420382,0.475,0.6373165618448637,pbmc5k_to_pbmc10k,totalvi,0,l2,high_confidence_shared
CD8 TCM,34,77,0.4117647058823529,0.0909090909090909,0.1489361702127659,pbmc5k_to_pbmc10k,totalvi,0,l2,high_confidence_shared
CD8 TEM,147,246,0.8404669260700389,0.8780487804878049,0.8588469184890656,pbmc5k_to_pbmc10k,totalvi,0,l2,high_confidence_shared
Eryth,86,144,0.8434782608695652,0.6736111111111112,0.749034749034749,pbmc5k_to_pbmc10k,totalvi,0,l2,high_confidence_shared
ILC,98,65,0.6296296296296297,0.2615384615384615,0.3695652173913043,pbmc5k_to_pbmc10k,totalvi,0,l2,high_confidence_shared
MAIT,24,356,1.0,0.0870786516853932,0.1602067183462532,pbmc5k_to_pbmc10k,totalvi,0,l2,high_confidence_shared
NK,251,760,0.9973009446693656,0.9723684210526315,0.9846768820786144,pbmc5k_to_pbmc10k,totalvi,0,l2,high_confidence_shared
NK_CD56bright,30,35,0.8846153846153846,0.6571428571428571,0.7540983606557377,pbmc5k_to_pbmc10k,totalvi,0,l2,high_confidence_shared
Treg,59,241,0.7678571428571429,0.1784232365145228,0.2895622895622896,pbmc5k_to_pbmc10k,totalvi,0,l2,high_confidence_shared
cDC2,125,135,1.0,0.8148148148148148,0.8979591836734694,pbmc5k_to_pbmc10k,totalvi,0,l2,high_confidence_shared
gdT,71,59,0.1287553648068669,0.5084745762711864,0.2054794520547945,pbmc5k_to_pbmc10k,totalvi,0,l2,high_confidence_shared
pDC,23,24,1.0,1.0,1.0,pbmc5k_to_pbmc10k,totalvi,0,l2,high_confidence_shared
B,274,493,0.9959266802443992,0.9918864097363084,0.9939024390243902,pbmc5k_to_pbmc10k,scvi_matched,0,l1,high_confidence_shared
CD4 T,1079,1929,0.7783717105263158,0.9813374805598756,0.8681495069938088,pbmc5k_to_pbmc10k,scvi_matched,0,l1,high_confidence_shared
CD8 T,236,653,0.8317152103559871,0.3935681470137825,0.5343035343035343,pbmc5k_to_pbmc10k,scvi_matched,0,l1,high_confidence_shared
DC,151,165,0.975609756097561,0.7272727272727273,0.8333333333333334,pbmc5k_to_pbmc10k,scvi_matched,0,l1,high_confidence_shared
Mono,1068,1340,0.9293212036389084,0.991044776119403,0.959191043698086,pbmc5k_to_pbmc10k,scvi_matched,0,l1,high_confidence_shared
NK,290,812,0.9473684210526316,0.9975369458128078,0.9718056388722256,pbmc5k_to_pbmc10k,scvi_matched,0,l1,high_confidence_shared
other,185,219,0.7777777777777778,0.4474885844748858,0.5681159420289855,pbmc5k_to_pbmc10k,scvi_matched,0,l1,high_confidence_shared
other T,109,491,0.8516320474777448,0.5845213849287169,0.6932367149758454,pbmc5k_to_pbmc10k,scvi_matched,0,l1,high_confidence_shared
B,274,493,0.9959349593495936,0.9939148073022313,0.9949238578680204,pbmc5k_to_pbmc10k,totalvi,0,l1,high_confidence_shared
CD4 T,1079,1929,0.8755167661920074,0.9880767236910316,0.928397467121286,pbmc5k_to_pbmc10k,totalvi,0,l1,high_confidence_shared
CD8 T,236,653,0.9197761194029852,0.7549770290964778,0.8292682926829268,pbmc5k_to_pbmc10k,totalvi,0,l1,high_confidence_shared
DC,151,165,0.9923664122137404,0.7878787878787878,0.8783783783783784,pbmc5k_to_pbmc10k,totalvi,0,l1,high_confidence_shared
Mono,1068,1340,0.945868945868946,0.991044776119403,0.967930029154519,pbmc5k_to_pbmc10k,totalvi,0,l1,high_confidence_shared
NK,290,812,0.9898605830164764,0.961822660098522,0.9756402248594628,pbmc5k_to_pbmc10k,totalvi,0,l1,high_confidence_shared
other,185,219,0.8507462686567164,0.5205479452054794,0.6458923512747875,pbmc5k_to_pbmc10k,totalvi,0,l1,high_confidence_shared
other T,109,491,0.8428246013667426,0.7535641547861507,0.7956989247311828,pbmc5k_to_pbmc10k,totalvi,0,l1,high_confidence_shared
B intermediate,68,66,0.6142857142857143,0.6515151515151515,0.6323529411764706,pbmc10k_to_pbmc5k,scvi_matched,1,l2,high_confidence_shared
B memory,99,79,0.7052631578947368,0.8481012658227848,0.7701149425287356,pbmc10k_to_pbmc5k,scvi_matched,1,l2,high_confidence_shared
B naive,315,128,0.990909090909091,0.8515625,0.9159663865546218,pbmc10k_to_pbmc5k,scvi_matched,1,l2,high_confidence_shared
CD14 Mono,1237,937,0.9515962924819773,0.9861259338313767,0.9685534591194969,pbmc10k_to_pbmc5k,scvi_matched,1,l2,high_confidence_shared
CD16 Mono,103,131,1.0,0.9007633587786259,0.9477911646586346,pbmc10k_to_pbmc5k,scvi_matched,1,l2,high_confidence_shared
CD4 CTL,24,41,0.8,0.1951219512195122,0.3137254901960784,pbmc10k_to_pbmc5k,scvi_matched,1,l2,high_confidence_shared
CD4 Naive,795,378,0.8755760368663594,0.5026455026455027,0.6386554621848739,pbmc10k_to_pbmc5k,scvi_matched,1,l2,high_confidence_shared
CD4 TCM,580,327,0.4743362831858407,0.8195718654434251,0.600896860986547,pbmc10k_to_pbmc5k,scvi_matched,1,l2,high_confidence_shared
CD4 TEM,281,272,0.7878787878787878,0.6691176470588235,0.7236580516898609,pbmc10k_to_pbmc5k,scvi_matched,1,l2,high_confidence_shared
CD8 Naive,320,48,0.6764705882352942,0.9583333333333334,0.7931034482758621,pbmc10k_to_pbmc5k,scvi_matched,1,l2,high_confidence_shared
CD8 TCM,77,34,0.43333333333333335,0.38235294117647056,0.40625,pbmc10k_to_pbmc5k,scvi_matched,1,l2,high_confidence_shared
CD8 TEM,246,147,0.8043478260869565,0.7551020408163265,0.7789473684210526,pbmc10k_to_pbmc5k,scvi_matched,1,l2,high_confidence_shared
Eryth,144,86,0.625,0.5813953488372093,0.6024096385542169,pbmc10k_to_pbmc5k,scvi_matched,1,l2,high_confidence_shared
ILC,65,98,0.336734693877551,0.336734693877551,0.336734693877551,pbmc10k_to_pbmc5k,scvi_matched,1,l2,high_confidence_shared
MAIT,356,24,0.2625,0.875,0.40384615384615385,pbmc10k_to_pbmc5k,scvi_matched,1,l2,high_confidence_shared
NK,760,251,0.922509225092251,0.9960159362549801,0.9578544061302682,pbmc10k_to_pbmc5k,scvi_matched,1,l2,high_confidence_shared
NK_CD56bright,35,30,0.9285714285714286,0.8666666666666667,0.896551724137931,pbmc10k_to_pbmc5k,scvi_matched,1,l2,high_confidence_shared
Treg,241,59,0.7142857142857143,0.1694915254237288,0.273972602739726,pbmc10k_to_pbmc5k,scvi_matched,1,l2,high_confidence_shared
cDC2,135,125,0.9606299212598425,0.976,0.9682539682539683,pbmc10k_to_pbmc5k,scvi_matched,1,l2,high_confidence_shared
dnT,76,14,0.13333333333333333,0.14285714285714285,0.13793103448275862,pbmc10k_to_pbmc5k,scvi_matched,1,l2,high_confidence_shared
gdT,59,71,0.6,0.08450704225352113,0.14814814814814814,pbmc10k_to_pbmc5k,scvi_matched,1,l2,high_confidence_shared
pDC,24,23,0.9565217391304348,0.9565217391304348,0.9565217391304348,pbmc10k_to_pbmc5k,scvi_matched,1,l2,high_confidence_shared
B intermediate,68,66,0.8085106382978723,0.5757575757575758,0.672566371681416,pbmc10k_to_pbmc5k,totalvi,1,l2,high_confidence_shared
B memory,99,79,0.7741935483870968,0.9113924050632911,0.8372093023255814,pbmc10k_to_pbmc5k,totalvi,1,l2,high_confidence_shared
B naive,315,128,0.9398496240601504,0.9765625,0.9578544061302682,pbmc10k_to_pbmc5k,totalvi,1,l2,high_confidence_shared
CD14 Mono,1237,937,0.9486125385405961,0.9850586979722519,0.9664921465968587,pbmc10k_to_pbmc5k,totalvi,1,l2,high_confidence_shared
CD16 Mono,103,131,0.976,0.9312977099236641,0.953125,pbmc10k_to_pbmc5k,totalvi,1,l2,high_confidence_shared
CD4 CTL,24,41,0.75,0.21951219512195122,0.33962264150943394,pbmc10k_to_pbmc5k,totalvi,1,l2,high_confidence_shared
CD4 Naive,795,378,0.7245508982035929,0.9603174603174603,0.825938566552901,pbmc10k_to_pbmc5k,totalvi,1,l2,high_confidence_shared
CD4 TCM,580,327,0.5754189944134078,0.6299694189602446,0.6014598540145986,pbmc10k_to_pbmc5k,totalvi,1,l2,high_confidence_shared
CD4 TEM,281,272,0.7247386759581882,0.7647058823529411,0.7441860465116279,pbmc10k_to_pbmc5k,totalvi,1,l2,high_confidence_shared
CD8 Naive,320,48,0.8571428571428571,0.875,0.865979381443299,pbmc10k_to_pbmc5k,totalvi,1,l2,high_confidence_shared
CD8 TCM,77,34,0.75,0.17647058823529413,0.2857142857142857,pbmc10k_to_pbmc5k,totalvi,1,l2,high_confidence_shared
CD8 TEM,246,147,0.8243243243243243,0.8299319727891157,0.8271186440677966,pbmc10k_to_pbmc5k,totalvi,1,l2,high_confidence_shared
Eryth,144,86,0.5428571428571428,0.6627906976744186,0.5968586387434555,pbmc10k_to_pbmc5k,totalvi,1,l2,high_confidence_shared
ILC,65,98,1.0,0.05102040816326531,0.0970873786407767,pbmc10k_to_pbmc5k,totalvi,1,l2,high_confidence_shared
MAIT,356,24,0.3684210526315789,0.875,0.5185185185185185,pbmc10k_to_pbmc5k,totalvi,1,l2,high_confidence_shared
NK,760,251,0.8992805755395683,0.9960159362549801,0.945179584120983,pbmc10k_to_pbmc5k,totalvi,1,l2,high_confidence_shared
NK_CD56bright,35,30,0.9473684210526315,0.6,0.7346938775510204,pbmc10k_to_pbmc5k,totalvi,1,l2,high_confidence_shared
Treg,241,59,0.9,0.3050847457627119,0.45569620253164556,pbmc10k_to_pbmc5k,totalvi,1,l2,high_confidence_shared
cDC2,135,125,1.0,0.896,0.9451476793248945,pbmc10k_to_pbmc5k,totalvi,1,l2,high_confidence_shared
dnT,76,14,0.0,0.0,0.0,pbmc10k_to_pbmc5k,totalvi,1,l2,high_confidence_shared
gdT,59,71,0.8888888888888888,0.11267605633802817,0.2,pbmc10k_to_pbmc5k,totalvi,1,l2,high_confidence_shared
pDC,24,23,0.9583333333333334,1.0,0.9787234042553191,pbmc10k_to_pbmc5k,totalvi,1,l2,high_confidence_shared
B,493,274,1.0,1.0,1.0,pbmc10k_to_pbmc5k,scvi_matched,1,l1,high_confidence_shared
CD4 T,1929,1079,0.9039341262580055,0.9156626506024096,0.9097605893186004,pbmc10k_to_pbmc5k,scvi_matched,1,l1,high_confidence_shared
CD8 T,653,236,0.7480314960629921,0.8050847457627118,0.7755102040816326,pbmc10k_to_pbmc5k,scvi_matched,1,l1,high_confidence_shared
DC,165,151,0.9733333333333334,0.9668874172185431,0.9700996677740864,pbmc10k_to_pbmc5k,scvi_matched,1,l1,high_confidence_shared
Mono,1340,1068,0.9626933575978162,0.9906367041198502,0.976465159206276,pbmc10k_to_pbmc5k,scvi_matched,1,l1,high_confidence_shared
NK,812,290,0.9225806451612903,0.9862068965517241,0.9533333333333334,pbmc10k_to_pbmc5k,scvi_matched,1,l1,high_confidence_shared
other,219,185,0.7386363636363636,0.35135135135135137,0.47619047619047616,pbmc10k_to_pbmc5k,scvi_matched,1,l1,high_confidence_shared
other T,491,109,0.4838709677419355,0.5504587155963303,0.5150214592274678,pbmc10k_to_pbmc5k,scvi_matched,1,l1,high_confidence_shared
B,493,274,0.9963503649635036,0.9963503649635036,0.9963503649635036,pbmc10k_to_pbmc5k,totalvi,1,l1,high_confidence_shared
CD4 T,1929,1079,0.8956372968349017,0.9703429101019463,0.9314946619217082,pbmc10k_to_pbmc5k,totalvi,1,l1,high_confidence_shared
CD8 T,653,236,0.8962264150943396,0.8050847457627118,0.8482142857142857,pbmc10k_to_pbmc5k,totalvi,1,l1,high_confidence_shared
DC,165,151,0.9924812030075187,0.8741721854304636,0.9295774647887324,pbmc10k_to_pbmc5k,totalvi,1,l1,high_confidence_shared
Mono,1340,1068,0.9580674567000912,0.9840823970037453,0.9709006928406466,pbmc10k_to_pbmc5k,totalvi,1,l1,high_confidence_shared
NK,812,290,0.9166666666666666,0.9862068965517241,0.9501661129568106,pbmc10k_to_pbmc5k,totalvi,1,l1,high_confidence_shared
other,219,185,0.7115384615384616,0.4,0.5121107266435986,pbmc10k_to_pbmc5k,totalvi,1,l1,high_confidence_shared
other T,491,109,0.6593406593406593,0.5504587155963303,0.6,pbmc10k_to_pbmc5k,totalvi,1,l1,high_confidence_shared
B intermediate,66,68,0.49056603773584906,0.7647058823529411,0.5977011494252874,pbmc5k_to_pbmc10k,scvi_matched,1,l2,high_confidence_shared
B memory,79,99,0.8545454545454545,0.47474747474747475,0.6103896103896104,pbmc5k_to_pbmc10k,scvi_matched,1,l2,high_confidence_shared
B naive,128,315,0.9659442724458205,0.9904761904761905,0.9780564263322884,pbmc5k_to_pbmc10k,scvi_matched,1,l2,high_confidence_shared
CD14 Mono,937,1237,0.9228441754916793,0.9862570735650767,0.9534974599452911,pbmc5k_to_pbmc10k,scvi_matched,1,l2,high_confidence_shared
CD16 Mono,131,103,0.918918918918919,0.9902912621359223,0.9532710280373832,pbmc5k_to_pbmc10k,scvi_matched,1,l2,high_confidence_shared
CD4 CTL,41,24,0.0,0.0,0.0,pbmc5k_to_pbmc10k,scvi_matched,1,l2,high_confidence_shared
CD4 Naive,378,795,0.6695427092320967,0.9761006289308176,0.7942681678607983,pbmc5k_to_pbmc10k,scvi_matched,1,l2,high_confidence_shared
CD4 TCM,327,580,0.75390625,0.6655172413793103,0.706959706959707,pbmc5k_to_pbmc10k,scvi_matched,1,l2,high_confidence_shared
CD4 TEM,272,281,0.6398305084745762,0.5373665480427047,0.5841392649903289,pbmc5k_to_pbmc10k,scvi_matched,1,l2,high_confidence_shared
CD8 Naive,48,320,0.9206349206349206,0.18125,0.3028720626631854,pbmc5k_to_pbmc10k,scvi_matched,1,l2,high_confidence_shared
CD8 TCM,34,77,0.25,0.05194805194805195,0.08602150537634409,pbmc5k_to_pbmc10k,scvi_matched,1,l2,high_confidence_shared
CD8 TEM,147,246,0.37479541734860883,0.9308943089430894,0.5344224037339557,pbmc5k_to_pbmc10k,scvi_matched,1,l2,high_confidence_shared
Eryth,86,144,0.8791208791208791,0.5555555555555556,0.6808510638297872,pbmc5k_to_pbmc10k,scvi_matched,1,l2,high_confidence_shared
ILC,98,65,0.5238095238095238,0.16923076923076924,0.2558139534883721,pbmc5k_to_pbmc10k,scvi_matched,1,l2,high_confidence_shared
MAIT,24,356,0.0,0.0,0.0,pbmc5k_to_pbmc10k,scvi_matched,1,l2,high_confidence_shared
NK,251,760,0.9793014230271668,0.9960526315789474,0.9876060013046314,pbmc5k_to_pbmc10k,scvi_matched,1,l2,high_confidence_shared
NK_CD56bright,30,35,0.9285714285714286,0.37142857142857144,0.5306122448979592,pbmc5k_to_pbmc10k,scvi_matched,1,l2,high_confidence_shared
Treg,59,241,0.415041782729805,0.6182572614107884,0.49666666666666665,pbmc5k_to_pbmc10k,scvi_matched,1,l2,high_confidence_shared
cDC2,125,135,1.0,0.7037037037037037,0.8260869565217391,pbmc5k_to_pbmc10k,scvi_matched,1,l2,high_confidence_shared
gdT,71,59,0.09722222222222222,0.11864406779661017,0.10687022900763359,pbmc5k_to_pbmc10k,scvi_matched,1,l2,high_confidence_shared
pDC,23,24,1.0,1.0,1.0,pbmc5k_to_pbmc10k,scvi_matched,1,l2,high_confidence_shared
B intermediate,66,68,0.7045454545454546,0.45588235294117646,0.5535714285714286,pbmc5k_to_pbmc10k,totalvi,1,l2,high_confidence_shared
B memory,79,99,0.7857142857142857,0.8888888888888888,0.8341232227488151,pbmc5k_to_pbmc10k,totalvi,1,l2,high_confidence_shared
B naive,128,315,0.9478527607361963,0.9809523809523809,0.9641185647425897,pbmc5k_to_pbmc10k,totalvi,1,l2,high_confidence_shared
CD14 Mono,937,1237,0.9262917933130699,0.9854486661277284,0.954954954954955,pbmc5k_to_pbmc10k,totalvi,1,l2,high_confidence_shared
CD16 Mono,131,103,0.9357798165137615,0.9902912621359223,0.9622641509433962,pbmc5k_to_pbmc10k,totalvi,1,l2,high_confidence_shared
CD4 CTL,41,24,0.0,0.0,0.0,pbmc5k_to_pbmc10k,totalvi,1,l2,high_confidence_shared
CD4 Naive,378,795,0.8712206047032475,0.9786163522012579,0.9218009478672986,pbmc5k_to_pbmc10k,totalvi,1,l2,high_confidence_shared
CD4 TCM,327,580,0.7992633517495396,0.7482758620689656,0.7729296527159395,pbmc5k_to_pbmc10k,totalvi,1,l2,high_confidence_shared
CD4 TEM,272,281,0.5216494845360825,0.900355871886121,0.660574412532637,pbmc5k_to_pbmc10k,totalvi,1,l2,high_confidence_shared
CD8 Naive,48,320,0.9395770392749244,0.971875,0.9554531490015361,pbmc5k_to_pbmc10k,totalvi,1,l2,high_confidence_shared
CD8 TCM,34,77,0.6666666666666666,0.33766233766233766,0.4482758620689655,pbmc5k_to_pbmc10k,totalvi,1,l2,high_confidence_shared
CD8 TEM,147,246,0.8663967611336032,0.8699186991869918,0.8681541582150102,pbmc5k_to_pbmc10k,totalvi,1,l2,high_confidence_shared
Eryth,86,144,0.8666666666666667,0.4513888888888889,0.593607305936073,pbmc5k_to_pbmc10k,totalvi,1,l2,high_confidence_shared
ILC,98,65,1.0,0.015384615384615385,0.030303030303030304,pbmc5k_to_pbmc10k,totalvi,1,l2,high_confidence_shared
MAIT,24,356,0.9841269841269841,0.17415730337078653,0.29594272076372313,pbmc5k_to_pbmc10k,totalvi,1,l2,high_confidence_shared
NK,251,760,1.0,0.19736842105263158,0.32967032967032966,pbmc5k_to_pbmc10k,totalvi,1,l2,high_confidence_shared
NK_CD56bright,30,35,0.5,0.11428571428571428,0.18604651162790697,pbmc5k_to_pbmc10k,totalvi,1,l2,high_confidence_shared
Treg,59,241,0.71875,0.3817427385892116,0.4986449864498645,pbmc5k_to_pbmc10k,totalvi,1,l2,high_confidence_shared
cDC2,125,135,0.9829059829059829,0.8518518518518519,0.9126984126984127,pbmc5k_to_pbmc10k,totalvi,1,l2,high_confidence_shared
gdT,71,59,0.04716981132075472,0.7627118644067796,0.08884501480750247,pbmc5k_to_pbmc10k,totalvi,1,l2,high_confidence_shared
pDC,23,24,1.0,0.9583333333333334,0.9787234042553191,pbmc5k_to_pbmc10k,totalvi,1,l2,high_confidence_shared
B,274,493,0.9918367346938776,0.9858012170385395,0.9888097660223805,pbmc5k_to_pbmc10k,scvi_matched,1,l1,high_confidence_shared
CD4 T,1079,1929,0.7685749086479903,0.9813374805598756,0.8620218579234973,pbmc5k_to_pbmc10k,scvi_matched,1,l1,high_confidence_shared
CD8 T,236,653,0.47709320695102686,0.46248085758039814,0.46967340590979784,pbmc5k_to_pbmc10k,scvi_matched,1,l1,high_confidence_shared
DC,151,165,0.940677966101695,0.6727272727272727,0.784452296819788,pbmc5k_to_pbmc10k,scvi_matched,1,l1,high_confidence_shared
Mono,1068,1340,0.9141483516483516,0.9932835820895523,0.952074391988555,pbmc5k_to_pbmc10k,scvi_matched,1,l1,high_confidence_shared
NK,290,812,0.9828850855745721,0.9901477832512315,0.9865030674846625,pbmc5k_to_pbmc10k,scvi_matched,1,l1,high_confidence_shared
other,185,219,0.8764044943820225,0.3561643835616438,0.5064935064935064,pbmc5k_to_pbmc10k,scvi_matched,1,l1,high_confidence_shared
other T,109,491,0.7142857142857143,0.05091649694501019,0.09505703422053231,pbmc5k_to_pbmc10k,scvi_matched,1,l1,high_confidence_shared
B,274,493,0.9939393939393939,0.9979716024340771,0.9959514170040485,pbmc5k_to_pbmc10k,totalvi,1,l1,high_confidence_shared
CD4 T,1079,1929,0.9288168875797742,0.9808190772420944,0.9541099344427635,pbmc5k_to_pbmc10k,totalvi,1,l1,high_confidence_shared
CD8 T,236,653,0.9102773246329527,0.8545176110260337,0.8815165876777251,pbmc5k_to_pbmc10k,totalvi,1,l1,high_confidence_shared
DC,151,165,0.9927536231884058,0.8303030303030303,0.9042904290429042,pbmc5k_to_pbmc10k,totalvi,1,l1,high_confidence_shared
Mono,1068,1340,0.9181568088033012,0.996268656716418,0.9556191839656406,pbmc5k_to_pbmc10k,totalvi,1,l1,high_confidence_shared
NK,290,812,0.992,0.458128078817734,0.6267902274641954,pbmc5k_to_pbmc10k,totalvi,1,l1,high_confidence_shared
other,185,219,0.9322033898305084,0.2511415525114155,0.39568345323741005,pbmc5k_to_pbmc10k,totalvi,1,l1,high_confidence_shared
other T,109,491,0.43609022556390975,0.8268839103869654,0.5710267229254571,pbmc5k_to_pbmc10k,totalvi,1,l1,high_confidence_shared
B intermediate,68,66,0.6901408450704225,0.7424242424242424,0.7153284671532847,pbmc10k_to_pbmc5k,scvi_matched,2,l2,high_confidence_shared
B memory,99,79,0.7857142857142857,0.8354430379746836,0.8098159509202454,pbmc10k_to_pbmc5k,scvi_matched,2,l2,high_confidence_shared
B naive,315,128,0.9915966386554622,0.921875,0.9554655870445344,pbmc10k_to_pbmc5k,scvi_matched,2,l2,high_confidence_shared
CD14 Mono,1237,937,0.9402834008097166,0.991462113127001,0.9651948051948052,pbmc10k_to_pbmc5k,scvi_matched,2,l2,high_confidence_shared
CD16 Mono,103,131,0.9747899159663865,0.8854961832061069,0.928,pbmc10k_to_pbmc5k,scvi_matched,2,l2,high_confidence_shared
CD4 CTL,24,41,0.9047619047619048,0.4634146341463415,0.6129032258064516,pbmc10k_to_pbmc5k,scvi_matched,2,l2,high_confidence_shared
CD4 Naive,795,378,0.8064516129032258,0.7936507936507936,0.8,pbmc10k_to_pbmc5k,scvi_matched,2,l2,high_confidence_shared
CD4 TCM,580,327,0.5369565217391304,0.7553516819571865,0.627700127064803,pbmc10k_to_pbmc5k,scvi_matched,2,l2,high_confidence_shared
CD4 TEM,281,272,0.7677165354330708,0.7169117647058824,0.7414448669201521,pbmc10k_to_pbmc5k,scvi_matched,2,l2,high_confidence_shared
CD8 Naive,320,48,0.746031746031746,0.9791666666666666,0.8468468468468469,pbmc10k_to_pbmc5k,scvi_matched,2,l2,high_confidence_shared
CD8 TCM,77,34,0.35714285714285715,0.4411764705882353,0.39473684210526316,pbmc10k_to_pbmc5k,scvi_matched,2,l2,high_confidence_shared
CD8 TEM,246,147,0.7839506172839507,0.8639455782312925,0.8220064724919094,pbmc10k_to_pbmc5k,scvi_matched,2,l2,high_confidence_shared
Eryth,144,86,0.7454545454545455,0.47674418604651164,0.5815602836879432,pbmc10k_to_pbmc5k,scvi_matched,2,l2,high_confidence_shared
ILC,65,98,0.5555555555555556,0.15306122448979592,0.24,pbmc10k_to_pbmc5k,scvi_matched,2,l2,high_confidence_shared
MAIT,356,24,0.4418604651162791,0.7916666666666666,0.5671641791044776,pbmc10k_to_pbmc5k,scvi_matched,2,l2,high_confidence_shared
NK,760,251,0.916058394160584,1.0,0.9561904761904761,pbmc10k_to_pbmc5k,scvi_matched,2,l2,high_confidence_shared
NK_CD56bright,35,30,1.0,0.8666666666666667,0.9285714285714286,pbmc10k_to_pbmc5k,scvi_matched,2,l2,high_confidence_shared
Treg,241,59,0.7692307692307693,0.1694915254237288,0.2777777777777778,pbmc10k_to_pbmc5k,scvi_matched,2,l2,high_confidence_shared
cDC2,135,125,0.952755905511811,0.968,0.9603174603174603,pbmc10k_to_pbmc5k,scvi_matched,2,l2,high_confidence_shared
dnT,76,14,0.0,0.0,0.0,pbmc10k_to_pbmc5k,scvi_matched,2,l2,high_confidence_shared
gdT,59,71,0.7391304347826086,0.23943661971830985,0.3617021276595745,pbmc10k_to_pbmc5k,scvi_matched,2,l2,high_confidence_shared
pDC,24,23,0.9583333333333334,1.0,0.9787234042553191,pbmc10k_to_pbmc5k,scvi_matched,2,l2,high_confidence_shared
B intermediate,68,66,0.6935483870967742,0.6515151515151515,0.671875,pbmc10k_to_pbmc5k,totalvi,2,l2,high_confidence_shared
B memory,99,79,0.7471264367816092,0.8227848101265823,0.7831325301204819,pbmc10k_to_pbmc5k,totalvi,2,l2,high_confidence_shared
B naive,315,128,0.9838709677419355,0.953125,0.9682539682539683,pbmc10k_to_pbmc5k,totalvi,2,l2,high_confidence_shared
CD14 Mono,1237,937,0.9176470588235294,0.9989327641408752,0.9565661727133368,pbmc10k_to_pbmc5k,totalvi,2,l2,high_confidence_shared
CD16 Mono,103,131,1.0,0.8549618320610687,0.9218106995884774,pbmc10k_to_pbmc5k,totalvi,2,l2,high_confidence_shared
CD4 CTL,24,41,1.0,0.12195121951219512,0.21739130434782608,pbmc10k_to_pbmc5k,totalvi,2,l2,high_confidence_shared
CD4 Naive,795,378,0.7795823665893271,0.8888888888888888,0.830655129789864,pbmc10k_to_pbmc5k,totalvi,2,l2,high_confidence_shared
CD4 TCM,580,327,0.6239782016348774,0.7003058103975535,0.659942363112392,pbmc10k_to_pbmc5k,totalvi,2,l2,high_confidence_shared
CD4 TEM,281,272,0.7012195121951219,0.8455882352941176,0.7666666666666667,pbmc10k_to_pbmc5k,totalvi,2,l2,high_confidence_shared
CD8 Naive,320,48,0.8679245283018868,0.9583333333333334,0.9108910891089109,pbmc10k_to_pbmc5k,totalvi,2,l2,high_confidence_shared
CD8 TCM,77,34,0.5172413793103449,0.4411764705882353,0.47619047619047616,pbmc10k_to_pbmc5k,totalvi,2,l2,high_confidence_shared
CD8 TEM,246,147,0.8615384615384616,0.7619047619047619,0.8086642599277978,pbmc10k_to_pbmc5k,totalvi,2,l2,high_confidence_shared
Eryth,144,86,0.5396825396825397,0.3953488372093023,0.4563758389261745,pbmc10k_to_pbmc5k,totalvi,2,l2,high_confidence_shared
ILC,65,98,0.7391304347826086,0.17346938775510204,0.2809917355371901,pbmc10k_to_pbmc5k,totalvi,2,l2,high_confidence_shared
MAIT,356,24,0.28,0.875,0.42424242424242425,pbmc10k_to_pbmc5k,totalvi,2,l2,high_confidence_shared
NK,760,251,0.922509225092251,0.9960159362549801,0.9578544061302682,pbmc10k_to_pbmc5k,totalvi,2,l2,high_confidence_shared
NK_CD56bright,35,30,0.95,0.6333333333333333,0.76,pbmc10k_to_pbmc5k,totalvi,2,l2,high_confidence_shared
Treg,241,59,0.8571428571428571,0.2033898305084746,0.3287671232876712,pbmc10k_to_pbmc5k,totalvi,2,l2,high_confidence_shared
cDC2,135,125,0.9910714285714286,0.888,0.9367088607594937,pbmc10k_to_pbmc5k,totalvi,2,l2,high_confidence_shared
dnT,76,14,0.6666666666666666,0.14285714285714285,0.23529411764705882,pbmc10k_to_pbmc5k,totalvi,2,l2,high_confidence_shared
gdT,59,71,0.5625,0.1267605633802817,0.20689655172413793,pbmc10k_to_pbmc5k,totalvi,2,l2,high_confidence_shared
pDC,24,23,0.9583333333333334,1.0,0.9787234042553191,pbmc10k_to_pbmc5k,totalvi,2,l2,high_confidence_shared
B,493,274,1.0,0.9963503649635036,0.9981718464351006,pbmc10k_to_pbmc5k,scvi_matched,2,l1,high_confidence_shared
CD4 T,1929,1079,0.9079307201458523,0.9230769230769231,0.9154411764705882,pbmc10k_to_pbmc5k,scvi_matched,2,l1,high_confidence_shared
CD8 T,653,236,0.6891025641025641,0.9110169491525424,0.7846715328467153,pbmc10k_to_pbmc5k,scvi_matched,2,l1,high_confidence_shared
DC,165,151,0.9930555555555556,0.9470198675496688,0.9694915254237289,pbmc10k_to_pbmc5k,scvi_matched,2,l1,high_confidence_shared
Mono,1340,1068,0.9543010752688172,0.9971910112359551,0.9752747252747253,pbmc10k_to_pbmc5k,scvi_matched,2,l1,high_confidence_shared
NK,812,290,0.9288025889967637,0.9896551724137931,0.9582637729549248,pbmc10k_to_pbmc5k,scvi_matched,2,l1,high_confidence_shared
other,219,185,0.8108108108108109,0.32432432432432434,0.46332046332046334,pbmc10k_to_pbmc5k,scvi_matched,2,l1,high_confidence_shared
other T,491,109,0.6417910447761194,0.3944954128440367,0.48863636363636365,pbmc10k_to_pbmc5k,scvi_matched,2,l1,high_confidence_shared
B,493,274,1.0,1.0,1.0,pbmc10k_to_pbmc5k,totalvi,2,l1,high_confidence_shared
CD4 T,1929,1079,0.9066427289048474,0.9360518999073216,0.9211126310989513,pbmc10k_to_pbmc5k,totalvi,2,l1,high_confidence_shared
CD8 T,653,236,0.9148936170212766,0.7288135593220338,0.8113207547169812,pbmc10k_to_pbmc5k,totalvi,2,l1,high_confidence_shared
DC,165,151,0.9928057553956835,0.9139072847682119,0.9517241379310345,pbmc10k_to_pbmc5k,totalvi,2,l1,high_confidence_shared
Mono,1340,1068,0.9392070484581497,0.99812734082397,0.9677712210621879,pbmc10k_to_pbmc5k,totalvi,2,l1,high_confidence_shared
NK,812,290,0.939799331103679,0.9689655172413794,0.9541595925297114,pbmc10k_to_pbmc5k,totalvi,2,l1,high_confidence_shared
other,219,185,0.8260869565217391,0.20540540540540542,0.329004329004329,pbmc10k_to_pbmc5k,totalvi,2,l1,high_confidence_shared
other T,491,109,0.34517766497461927,0.6238532110091743,0.4444444444444444,pbmc10k_to_pbmc5k,totalvi,2,l1,high_confidence_shared
B intermediate,66,68,0.4845360824742268,0.6911764705882353,0.5696969696969697,pbmc5k_to_pbmc10k,scvi_matched,2,l2,high_confidence_shared
B memory,79,99,0.8548387096774194,0.5353535353535354,0.6583850931677019,pbmc5k_to_pbmc10k,scvi_matched,2,l2,high_confidence_shared
B naive,128,315,0.9504643962848297,0.9746031746031746,0.9623824451410659,pbmc5k_to_pbmc10k,scvi_matched,2,l2,high_confidence_shared
CD14 Mono,937,1237,0.9507545671167593,0.967663702506063,0.9591346153846154,pbmc5k_to_pbmc10k,scvi_matched,2,l2,high_confidence_shared
CD16 Mono,131,103,0.8728813559322034,1.0,0.9321266968325792,pbmc5k_to_pbmc10k,scvi_matched,2,l2,high_confidence_shared
CD4 CTL,41,24,0.2222222222222222,0.08333333333333333,0.12121212121212122,pbmc5k_to_pbmc10k,scvi_matched,2,l2,high_confidence_shared
CD4 Naive,378,795,0.7078341013824885,0.9660377358490566,0.8170212765957446,pbmc5k_to_pbmc10k,scvi_matched,2,l2,high_confidence_shared
CD4 TCM,327,580,0.7760141093474426,0.7586206896551724,0.7672188317349607,pbmc5k_to_pbmc10k,scvi_matched,2,l2,high_confidence_shared
CD4 TEM,272,281,0.559228650137741,0.7224199288256228,0.6304347826086957,pbmc5k_to_pbmc10k,scvi_matched,2,l2,high_confidence_shared
CD8 Naive,48,320,0.9214285714285714,0.403125,0.5608695652173913,pbmc5k_to_pbmc10k,scvi_matched,2,l2,high_confidence_shared
CD8 TCM,34,77,0.2857142857142857,0.05194805194805195,0.08791208791208792,pbmc5k_to_pbmc10k,scvi_matched,2,l2,high_confidence_shared
CD8 TEM,147,246,0.4157706093189964,0.943089430894309,0.5771144278606966,pbmc5k_to_pbmc10k,scvi_matched,2,l2,high_confidence_shared
Eryth,86,144,0.7898550724637681,0.7569444444444444,0.7730496453900709,pbmc5k_to_pbmc10k,scvi_matched,2,l2,high_confidence_shared
ILC,98,65,0.75,0.09230769230769231,0.1643835616438356,pbmc5k_to_pbmc10k,scvi_matched,2,l2,high_confidence_shared
MAIT,24,356,0.0,0.0,0.0,pbmc5k_to_pbmc10k,scvi_matched,2,l2,high_confidence_shared
NK,251,760,0.9920844327176781,0.9894736842105263,0.9907773386034255,pbmc5k_to_pbmc10k,scvi_matched,2,l2,high_confidence_shared
NK_CD56bright,30,35,0.9285714285714286,0.7428571428571429,0.8253968253968254,pbmc5k_to_pbmc10k,scvi_matched,2,l2,high_confidence_shared
Treg,59,241,0.5018587360594795,0.5601659751037344,0.5294117647058824,pbmc5k_to_pbmc10k,scvi_matched,2,l2,high_confidence_shared
cDC2,125,135,0.9807692307692307,0.7555555555555555,0.8535564853556485,pbmc5k_to_pbmc10k,scvi_matched,2,l2,high_confidence_shared
gdT,71,59,0.10256410256410256,0.06779661016949153,0.08163265306122448,pbmc5k_to_pbmc10k,scvi_matched,2,l2,high_confidence_shared
pDC,23,24,0.96,1.0,0.9795918367346939,pbmc5k_to_pbmc10k,scvi_matched,2,l2,high_confidence_shared
B intermediate,66,68,0.6086956521739131,0.4117647058823529,0.49122807017543857,pbmc5k_to_pbmc10k,totalvi,2,l2,high_confidence_shared
B memory,79,99,0.7238805970149254,0.9797979797979798,0.8326180257510729,pbmc5k_to_pbmc10k,totalvi,2,l2,high_confidence_shared
B naive,128,315,0.9900332225913622,0.946031746031746,0.9675324675324676,pbmc5k_to_pbmc10k,totalvi,2,l2,high_confidence_shared
CD14 Mono,937,1237,0.977538185085355,0.8795472918350848,0.9259574468085107,pbmc5k_to_pbmc10k,totalvi,2,l2,high_confidence_shared
CD16 Mono,131,103,0.98989898989899,0.9514563106796117,0.9702970297029703,pbmc5k_to_pbmc10k,totalvi,2,l2,high_confidence_shared
CD4 CTL,41,24,1.0,0.08333333333333333,0.15384615384615385,pbmc5k_to_pbmc10k,totalvi,2,l2,high_confidence_shared
CD4 Naive,378,795,0.8698453608247423,0.8490566037735849,0.8593252705283259,pbmc5k_to_pbmc10k,totalvi,2,l2,high_confidence_shared
CD4 TCM,327,580,0.6254777070063694,0.846551724137931,0.7194139194139194,pbmc5k_to_pbmc10k,totalvi,2,l2,high_confidence_shared
CD4 TEM,272,281,0.4206896551724138,0.8683274021352313,0.5667828106852497,pbmc5k_to_pbmc10k,totalvi,2,l2,high_confidence_shared
CD8 Naive,48,320,0.9914529914529915,0.725,0.8375451263537906,pbmc5k_to_pbmc10k,totalvi,2,l2,high_confidence_shared
CD8 TCM,34,77,0.2875,0.2987012987012987,0.2929936305732484,pbmc5k_to_pbmc10k,totalvi,2,l2,high_confidence_shared
CD8 TEM,147,246,0.9722222222222222,0.7113821138211383,0.8215962441314554,pbmc5k_to_pbmc10k,totalvi,2,l2,high_confidence_shared
Eryth,86,144,0.48056537102473496,0.9444444444444444,0.6370023419203747,pbmc5k_to_pbmc10k,totalvi,2,l2,high_confidence_shared
ILC,98,65,0.4883720930232558,0.3230769230769231,0.3888888888888889,pbmc5k_to_pbmc10k,totalvi,2,l2,high_confidence_shared
MAIT,24,356,1.0,0.24157303370786518,0.3891402714932127,pbmc5k_to_pbmc10k,totalvi,2,l2,high_confidence_shared
NK,251,760,0.9921156373193167,0.993421052631579,0.9927679158448389,pbmc5k_to_pbmc10k,totalvi,2,l2,high_confidence_shared
NK_CD56bright,30,35,0.9354838709677419,0.8285714285714286,0.8787878787878788,pbmc5k_to_pbmc10k,totalvi,2,l2,high_confidence_shared
Treg,59,241,0.7333333333333333,0.31950207468879666,0.44508670520231214,pbmc5k_to_pbmc10k,totalvi,2,l2,high_confidence_shared
cDC2,125,135,0.9448818897637795,0.8888888888888888,0.916030534351145,pbmc5k_to_pbmc10k,totalvi,2,l2,high_confidence_shared
gdT,71,59,0.1896551724137931,0.559322033898305,0.2832618025751073,pbmc5k_to_pbmc10k,totalvi,2,l2,high_confidence_shared
pDC,23,24,1.0,1.0,1.0,pbmc5k_to_pbmc10k,totalvi,2,l2,high_confidence_shared
B,274,493,0.9979423868312757,0.9837728194726166,0.9908069458631257,pbmc5k_to_pbmc10k,scvi_matched,2,l1,high_confidence_shared
CD4 T,1079,1929,0.7611044417767107,0.9860031104199067,0.8590785907859079,pbmc5k_to_pbmc10k,scvi_matched,2,l1,high_confidence_shared
CD8 T,236,653,0.5610687022900763,0.450229709035222,0.4995751911639762,pbmc5k_to_pbmc10k,scvi_matched,2,l1,high_confidence_shared
DC,151,165,0.9389312977099237,0.7454545454545455,0.831081081081081,pbmc5k_to_pbmc10k,scvi_matched,2,l1,high_confidence_shared
Mono,1068,1340,0.944364161849711,0.9753731343283583,0.959618208516887,pbmc5k_to_pbmc10k,scvi_matched,2,l1,high_confidence_shared
NK,290,812,0.965352449223417,0.9950738916256158,0.9799878714372346,pbmc5k_to_pbmc10k,scvi_matched,2,l1,high_confidence_shared
other,185,219,0.7718120805369127,0.5251141552511416,0.625,pbmc5k_to_pbmc10k,scvi_matched,2,l1,high_confidence_shared
other T,109,491,0.9456521739130435,0.17718940936863545,0.29845626072041165,pbmc5k_to_pbmc10k,scvi_matched,2,l1,high_confidence_shared
B,274,493,0.9918864097363083,0.9918864097363083,0.9918864097363083,pbmc5k_to_pbmc10k,totalvi,2,l1,high_confidence_shared
CD4 T,1079,1929,0.8814192343604108,0.9787454639709694,0.927536231884058,pbmc5k_to_pbmc10k,totalvi,2,l1,high_confidence_shared
CD8 T,236,653,0.9508547008547008,0.6814701378254211,0.7939339875111507,pbmc5k_to_pbmc10k,totalvi,2,l1,high_confidence_shared
DC,151,165,0.8806818181818182,0.9393939393939394,0.9090909090909091,pbmc5k_to_pbmc10k,totalvi,2,l1,high_confidence_shared
Mono,1068,1340,0.9855810008481765,0.8671641791044776,0.9225883287018658,pbmc5k_to_pbmc10k,totalvi,2,l1,high_confidence_shared
NK,290,812,0.990159901599016,0.9913793103448276,0.9907692307692307,pbmc5k_to_pbmc10k,totalvi,2,l1,high_confidence_shared
other,185,219,0.4606741573033708,0.7488584474885844,0.5704347826086956,pbmc5k_to_pbmc10k,totalvi,2,l1,high_confidence_shared
other T,109,491,0.7978947368421052,0.7718940936863544,0.7846790890269151,pbmc5k_to_pbmc10k,totalvi,2,l1,high_confidence_shared
B intermediate,68,66,0.7735849056603774,0.6212121212121212,0.6890756302521008,pbmc10k_to_pbmc5k,scvi_matched,3,l2,high_confidence_shared
B memory,99,79,0.7701149425287356,0.8481012658227848,0.8072289156626506,pbmc10k_to_pbmc5k,scvi_matched,3,l2,high_confidence_shared
B naive,315,128,0.8811188811188811,0.984375,0.9298892988929889,pbmc10k_to_pbmc5k,scvi_matched,3,l2,high_confidence_shared
CD14 Mono,1237,937,0.9508196721311475,0.9903948772678762,0.9702038682697334,pbmc10k_to_pbmc5k,scvi_matched,3,l2,high_confidence_shared
CD16 Mono,103,131,0.9833333333333333,0.9007633587786259,0.9402390438247012,pbmc10k_to_pbmc5k,scvi_matched,3,l2,high_confidence_shared
CD4 CTL,24,41,1.0,0.07317073170731707,0.13636363636363635,pbmc10k_to_pbmc5k,scvi_matched,3,l2,high_confidence_shared
CD4 Naive,795,378,0.8445945945945946,0.6613756613756614,0.7418397626112759,pbmc10k_to_pbmc5k,scvi_matched,3,l2,high_confidence_shared
CD4 TCM,580,327,0.5246913580246914,0.7798165137614679,0.6273062730627307,pbmc10k_to_pbmc5k,scvi_matched,3,l2,high_confidence_shared
CD4 TEM,281,272,0.7326007326007326,0.7352941176470589,0.7339449541284404,pbmc10k_to_pbmc5k,scvi_matched,3,l2,high_confidence_shared
CD8 Naive,320,48,0.6714285714285714,0.9791666666666666,0.7966101694915254,pbmc10k_to_pbmc5k,scvi_matched,3,l2,high_confidence_shared
CD8 TCM,77,34,0.3103448275862069,0.2647058823529412,0.2857142857142857,pbmc10k_to_pbmc5k,scvi_matched,3,l2,high_confidence_shared
CD8 TEM,246,147,0.816,0.6938775510204082,0.75,pbmc10k_to_pbmc5k,scvi_matched,3,l2,high_confidence_shared
Eryth,144,86,0.704225352112676,0.5813953488372093,0.6369426751592356,pbmc10k_to_pbmc5k,scvi_matched,3,l2,high_confidence_shared
ILC,65,98,0.5454545454545454,0.24489795918367346,0.3380281690140845,pbmc10k_to_pbmc5k,scvi_matched,3,l2,high_confidence_shared
MAIT,356,24,0.3888888888888889,0.875,0.5384615384615384,pbmc10k_to_pbmc5k,scvi_matched,3,l2,high_confidence_shared
NK,760,251,0.9087591240875912,0.9920318725099602,0.9485714285714286,pbmc10k_to_pbmc5k,scvi_matched,3,l2,high_confidence_shared
NK_CD56bright,35,30,0.8666666666666667,0.8666666666666667,0.8666666666666667,pbmc10k_to_pbmc5k,scvi_matched,3,l2,high_confidence_shared
Treg,241,59,0.6388888888888888,0.3898305084745763,0.4842105263157895,pbmc10k_to_pbmc5k,scvi_matched,3,l2,high_confidence_shared
cDC2,135,125,0.937007874015748,0.952,0.9444444444444444,pbmc10k_to_pbmc5k,scvi_matched,3,l2,high_confidence_shared
dnT,76,14,0.14285714285714285,0.07142857142857142,0.09523809523809523,pbmc10k_to_pbmc5k,scvi_matched,3,l2,high_confidence_shared
gdT,59,71,0.5365853658536586,0.30985915492957744,0.39285714285714285,pbmc10k_to_pbmc5k,scvi_matched,3,l2,high_confidence_shared
pDC,24,23,0.9583333333333334,1.0,0.9787234042553191,pbmc10k_to_pbmc5k,scvi_matched,3,l2,high_confidence_shared
B intermediate,68,66,0.7391304347826086,0.7727272727272727,0.7555555555555555,pbmc10k_to_pbmc5k,totalvi,3,l2,high_confidence_shared
B memory,99,79,0.8493150684931506,0.7848101265822784,0.8157894736842105,pbmc10k_to_pbmc5k,totalvi,3,l2,high_confidence_shared
B naive,315,128,0.9618320610687023,0.984375,0.972972972972973,pbmc10k_to_pbmc5k,totalvi,3,l2,high_confidence_shared
CD14 Mono,1237,937,0.9412360688956434,0.991462113127001,0.9656964656964657,pbmc10k_to_pbmc5k,totalvi,3,l2,high_confidence_shared
CD16 Mono,103,131,0.9612403100775194,0.9465648854961832,0.9538461538461539,pbmc10k_to_pbmc5k,totalvi,3,l2,high_confidence_shared
CD4 CTL,24,41,0.5,0.12195121951219512,0.19607843137254902,pbmc10k_to_pbmc5k,totalvi,3,l2,high_confidence_shared
CD4 Naive,795,378,0.7692307692307693,0.8994708994708994,0.8292682926829268,pbmc10k_to_pbmc5k,totalvi,3,l2,high_confidence_shared
CD4 TCM,580,327,0.578005115089514,0.691131498470948,0.6295264623955432,pbmc10k_to_pbmc5k,totalvi,3,l2,high_confidence_shared
CD4 TEM,281,272,0.6532951289398281,0.8382352941176471,0.7342995169082126,pbmc10k_to_pbmc5k,totalvi,3,l2,high_confidence_shared
CD8 Naive,320,48,0.8113207547169812,0.8958333333333334,0.8514851485148515,pbmc10k_to_pbmc5k,totalvi,3,l2,high_confidence_shared
CD8 TCM,77,34,0.8181818181818182,0.2647058823529412,0.4,pbmc10k_to_pbmc5k,totalvi,3,l2,high_confidence_shared
CD8 TEM,246,147,0.925,0.7551020408163265,0.8314606741573034,pbmc10k_to_pbmc5k,totalvi,3,l2,high_confidence_shared
Eryth,144,86,0.5540540540540541,0.47674418604651164,0.5125,pbmc10k_to_pbmc5k,totalvi,3,l2,high_confidence_shared
ILC,65,98,0.8,0.04081632653061224,0.07766990291262135,pbmc10k_to_pbmc5k,totalvi,3,l2,high_confidence_shared
MAIT,356,24,0.36,0.75,0.4864864864864865,pbmc10k_to_pbmc5k,totalvi,3,l2,high_confidence_shared
NK,760,251,0.899641577060932,1.0,0.9471698113207547,pbmc10k_to_pbmc5k,totalvi,3,l2,high_confidence_shared
NK_CD56bright,35,30,0.95,0.6333333333333333,0.76,pbmc10k_to_pbmc5k,totalvi,3,l2,high_confidence_shared
Treg,241,59,1.0,0.05084745762711865,0.0967741935483871,pbmc10k_to_pbmc5k,totalvi,3,l2,high_confidence_shared
cDC2,135,125,1.0,0.944,0.9711934156378601,pbmc10k_to_pbmc5k,totalvi,3,l2,high_confidence_shared
dnT,76,14,0.0,0.0,0.0,pbmc10k_to_pbmc5k,totalvi,3,l2,high_confidence_shared
gdT,59,71,0.6086956521739131,0.19718309859154928,0.2978723404255319,pbmc10k_to_pbmc5k,totalvi,3,l2,high_confidence_shared
pDC,24,23,0.9583333333333334,1.0,0.9787234042553191,pbmc10k_to_pbmc5k,totalvi,3,l2,high_confidence_shared
B,493,274,1.0,0.9963503649635036,0.9981718464351006,pbmc10k_to_pbmc5k,scvi_matched,3,l1,high_confidence_shared
CD4 T,1929,1079,0.9092542677448338,0.93790546802595,0.9233576642335767,pbmc10k_to_pbmc5k,scvi_matched,3,l1,high_confidence_shared
CD8 T,653,236,0.767175572519084,0.8516949152542372,0.8072289156626506,pbmc10k_to_pbmc5k,scvi_matched,3,l1,high_confidence_shared
DC,165,151,0.959731543624161,0.9470198675496688,0.9533333333333334,pbmc10k_to_pbmc5k,scvi_matched,3,l1,high_confidence_shared
Mono,1340,1068,0.9592021758839528,0.9906367041198502,0.9746660525103639,pbmc10k_to_pbmc5k,scvi_matched,3,l1,high_confidence_shared
NK,812,290,0.9056603773584906,0.993103448275862,0.9473684210526315,pbmc10k_to_pbmc5k,scvi_matched,3,l1,high_confidence_shared
other,219,185,0.7792207792207793,0.32432432432432434,0.4580152671755725,pbmc10k_to_pbmc5k,scvi_matched,3,l1,high_confidence_shared
other T,491,109,0.5463917525773195,0.48623853211009177,0.5145631067961165,pbmc10k_to_pbmc5k,scvi_matched,3,l1,high_confidence_shared
B,493,274,1.0,1.0,1.0,pbmc10k_to_pbmc5k,totalvi,3,l1,high_confidence_shared
CD4 T,1929,1079,0.8947368421052632,0.9768303985171455,0.9339831634913602,pbmc10k_to_pbmc5k,totalvi,3,l1,high_confidence_shared
CD8 T,653,236,0.9354838709677419,0.7372881355932204,0.8246445497630331,pbmc10k_to_pbmc5k,totalvi,3,l1,high_confidence_shared
DC,165,151,0.9929577464788732,0.9337748344370861,0.962457337883959,pbmc10k_to_pbmc5k,totalvi,3,l1,high_confidence_shared
Mono,1340,1068,0.9542600896860987,0.9962546816479401,0.9748053137883647,pbmc10k_to_pbmc5k,totalvi,3,l1,high_confidence_shared
NK,812,290,0.921311475409836,0.9689655172413794,0.9445378151260504,pbmc10k_to_pbmc5k,totalvi,3,l1,high_confidence_shared
other,219,185,0.8983050847457628,0.2864864864864865,0.4344262295081967,pbmc10k_to_pbmc5k,totalvi,3,l1,high_confidence_shared
other T,491,109,0.49624060150375937,0.6055045871559633,0.5454545454545454,pbmc10k_to_pbmc5k,totalvi,3,l1,high_confidence_shared
B intermediate,66,68,0.5454545454545454,0.5294117647058824,0.5373134328358209,pbmc5k_to_pbmc10k,scvi_matched,3,l2,high_confidence_shared
B memory,79,99,0.7951807228915663,0.6666666666666666,0.7252747252747253,pbmc5k_to_pbmc10k,scvi_matched,3,l2,high_confidence_shared
B naive,128,315,0.933933933933934,0.9873015873015873,0.9598765432098766,pbmc5k_to_pbmc10k,scvi_matched,3,l2,high_confidence_shared
CD14 Mono,937,1237,0.9422776911076443,0.9765561843168957,0.9591107582373958,pbmc5k_to_pbmc10k,scvi_matched,3,l2,high_confidence_shared
CD16 Mono,131,103,0.99,0.9611650485436893,0.9753694581280788,pbmc5k_to_pbmc10k,scvi_matched,3,l2,high_confidence_shared
CD4 CTL,41,24,0.17391304347826086,0.16666666666666666,0.1702127659574468,pbmc5k_to_pbmc10k,scvi_matched,3,l2,high_confidence_shared
CD4 Naive,378,795,0.6655202063628547,0.9735849056603774,0.7906026557711952,pbmc5k_to_pbmc10k,scvi_matched,3,l2,high_confidence_shared
CD4 TCM,327,580,0.7905405405405406,0.6051724137931035,0.685546875,pbmc5k_to_pbmc10k,scvi_matched,3,l2,high_confidence_shared
CD4 TEM,272,281,0.5329512893982808,0.6619217081850534,0.5904761904761905,pbmc5k_to_pbmc10k,scvi_matched,3,l2,high_confidence_shared
CD8 Naive,48,320,0.8860759493670886,0.21875,0.3508771929824561,pbmc5k_to_pbmc10k,scvi_matched,3,l2,high_confidence_shared
CD8 TCM,34,77,0.3,0.07792207792207792,0.12371134020618557,pbmc5k_to_pbmc10k,scvi_matched,3,l2,high_confidence_shared
CD8 TEM,147,246,0.49774774774774777,0.8983739837398373,0.6405797101449275,pbmc5k_to_pbmc10k,scvi_matched,3,l2,high_confidence_shared
Eryth,86,144,0.7925925925925926,0.7430555555555556,0.7670250896057348,pbmc5k_to_pbmc10k,scvi_matched,3,l2,high_confidence_shared
ILC,98,65,1.0,0.046153846153846156,0.08823529411764706,pbmc5k_to_pbmc10k,scvi_matched,3,l2,high_confidence_shared
MAIT,24,356,0.0,0.0,0.0,pbmc5k_to_pbmc10k,scvi_matched,3,l2,high_confidence_shared
NK,251,760,0.9582278481012658,0.9960526315789474,0.9767741935483871,pbmc5k_to_pbmc10k,scvi_matched,3,l2,high_confidence_shared
NK_CD56bright,30,35,0.9166666666666666,0.3142857142857143,0.46808510638297873,pbmc5k_to_pbmc10k,scvi_matched,3,l2,high_confidence_shared
Treg,59,241,0.43783783783783786,0.6721991701244814,0.530278232405892,pbmc5k_to_pbmc10k,scvi_matched,3,l2,high_confidence_shared
cDC2,125,135,1.0,0.7481481481481481,0.8559322033898306,pbmc5k_to_pbmc10k,scvi_matched,3,l2,high_confidence_shared
gdT,71,59,0.055944055944055944,0.13559322033898305,0.07920792079207921,pbmc5k_to_pbmc10k,scvi_matched,3,l2,high_confidence_shared
pDC,23,24,1.0,1.0,1.0,pbmc5k_to_pbmc10k,scvi_matched,3,l2,high_confidence_shared
B intermediate,66,68,0.5128205128205128,0.5882352941176471,0.547945205479452,pbmc5k_to_pbmc10k,totalvi,3,l2,high_confidence_shared
B memory,79,99,0.8852459016393442,0.5454545454545454,0.675,pbmc5k_to_pbmc10k,totalvi,3,l2,high_confidence_shared
B naive,128,315,0.9127906976744186,0.9968253968253968,0.952959028831563,pbmc5k_to_pbmc10k,totalvi,3,l2,high_confidence_shared
CD14 Mono,937,1237,0.9449185415050426,0.98464025869038,0.9643705463182898,pbmc5k_to_pbmc10k,totalvi,3,l2,high_confidence_shared
CD16 Mono,131,103,0.9801980198019802,0.9611650485436893,0.9705882352941176,pbmc5k_to_pbmc10k,totalvi,3,l2,high_confidence_shared
CD4 CTL,41,24,0.0,0.0,0.0,pbmc5k_to_pbmc10k,totalvi,3,l2,high_confidence_shared
CD4 Naive,378,795,0.8863905325443787,0.9421383647798742,0.9134146341463415,pbmc5k_to_pbmc10k,totalvi,3,l2,high_confidence_shared
CD4 TCM,327,580,0.675603217158177,0.8689655172413793,0.7601809954751131,pbmc5k_to_pbmc10k,totalvi,3,l2,high_confidence_shared
CD4 TEM,272,281,0.65625,0.8220640569395018,0.7298578199052133,pbmc5k_to_pbmc10k,totalvi,3,l2,high_confidence_shared
CD8 Naive,48,320,0.9694915254237289,0.89375,0.9300813008130081,pbmc5k_to_pbmc10k,totalvi,3,l2,high_confidence_shared
CD8 TCM,34,77,0.39814814814814814,0.5584415584415584,0.4648648648648649,pbmc5k_to_pbmc10k,totalvi,3,l2,high_confidence_shared
CD8 TEM,147,246,0.905,0.7357723577235772,0.8116591928251121,pbmc5k_to_pbmc10k,totalvi,3,l2,high_confidence_shared
Eryth,86,144,0.9,0.625,0.7377049180327869,pbmc5k_to_pbmc10k,totalvi,3,l2,high_confidence_shared
ILC,98,65,0.7142857142857143,0.07692307692307693,0.1388888888888889,pbmc5k_to_pbmc10k,totalvi,3,l2,high_confidence_shared
MAIT,24,356,1.0,0.21910112359550563,0.35944700460829493,pbmc5k_to_pbmc10k,totalvi,3,l2,high_confidence_shared
NK,251,760,0.9908496732026144,0.9973684210526316,0.9940983606557378,pbmc5k_to_pbmc10k,totalvi,3,l2,high_confidence_shared
NK_CD56bright,30,35,0.9333333333333333,0.8,0.8615384615384616,pbmc5k_to_pbmc10k,totalvi,3,l2,high_confidence_shared
Treg,59,241,0.675,0.11203319502074689,0.19217081850533807,pbmc5k_to_pbmc10k,totalvi,3,l2,high_confidence_shared
cDC2,125,135,0.9296875,0.8814814814814815,0.9049429657794676,pbmc5k_to_pbmc10k,totalvi,3,l2,high_confidence_shared
gdT,71,59,0.1126005361930295,0.711864406779661,0.19444444444444445,pbmc5k_to_pbmc10k,totalvi,3,l2,high_confidence_shared
pDC,23,24,1.0,1.0,1.0,pbmc5k_to_pbmc10k,totalvi,3,l2,high_confidence_shared
B,274,493,0.9918533604887984,0.9878296146044625,0.9898373983739838,pbmc5k_to_pbmc10k,scvi_matched,3,l1,high_confidence_shared
CD4 T,1079,1929,0.7596774193548387,0.9766718506998445,0.8546155590836925,pbmc5k_to_pbmc10k,scvi_matched,3,l1,high_confidence_shared
CD8 T,236,653,0.482078853046595,0.4119448698315467,0.44426094137076794,pbmc5k_to_pbmc10k,scvi_matched,3,l1,high_confidence_shared
DC,151,165,0.9538461538461539,0.7515151515151515,0.8406779661016949,pbmc5k_to_pbmc10k,scvi_matched,3,l1,high_confidence_shared
Mono,1068,1340,0.9390503189227498,0.9888059701492538,0.9632860777898946,pbmc5k_to_pbmc10k,scvi_matched,3,l1,high_confidence_shared
NK,290,812,0.9676258992805755,0.9938423645320197,0.9805589307411907,pbmc5k_to_pbmc10k,scvi_matched,3,l1,high_confidence_shared
other,185,219,0.8660714285714286,0.4429223744292237,0.5861027190332326,pbmc5k_to_pbmc10k,scvi_matched,3,l1,high_confidence_shared
other T,109,491,0.9302325581395349,0.1629327902240326,0.2772963604852686,pbmc5k_to_pbmc10k,scvi_matched,3,l1,high_confidence_shared
B,274,493,0.9919191919191919,0.9959432048681541,0.9939271255060729,pbmc5k_to_pbmc10k,totalvi,3,l1,high_confidence_shared
CD4 T,1079,1929,0.9319761668321748,0.9730430274753759,0.9520669540958661,pbmc5k_to_pbmc10k,totalvi,3,l1,high_confidence_shared
CD8 T,236,653,0.8717557251908397,0.8744257274119449,0.8730886850152905,pbmc5k_to_pbmc10k,totalvi,3,l1,high_confidence_shared
DC,151,165,0.96,0.8727272727272727,0.9142857142857143,pbmc5k_to_pbmc10k,totalvi,3,l1,high_confidence_shared
Mono,1068,1340,0.9556363636363636,0.9805970149253731,0.9679558011049724,pbmc5k_to_pbmc10k,totalvi,3,l1,high_confidence_shared
NK,290,812,0.9793187347931873,0.9913793103448276,0.98531211750306,pbmc5k_to_pbmc10k,totalvi,3,l1,high_confidence_shared
other,185,219,0.8296296296296296,0.5114155251141552,0.632768361581921,pbmc5k_to_pbmc10k,totalvi,3,l1,high_confidence_shared
other T,109,491,0.8530701754385965,0.7922606924643585,0.8215417106652587,pbmc5k_to_pbmc10k,totalvi,3,l1,high_confidence_shared
B intermediate,68,66,0.7083333333333334,0.5151515151515151,0.5964912280701754,pbmc10k_to_pbmc5k,scvi_matched,4,l2,high_confidence_shared
B memory,99,79,0.7029702970297029,0.8987341772151899,0.7888888888888889,pbmc10k_to_pbmc5k,scvi_matched,4,l2,high_confidence_shared
B naive,315,128,0.9754098360655737,0.9296875,0.952,pbmc10k_to_pbmc5k,scvi_matched,4,l2,high_confidence_shared
CD14 Mono,1237,937,0.9338677354709419,0.9946638207043756,0.9633074935400516,pbmc10k_to_pbmc5k,scvi_matched,4,l2,high_confidence_shared
CD16 Mono,103,131,0.9827586206896551,0.8702290076335878,0.9230769230769231,pbmc10k_to_pbmc5k,scvi_matched,4,l2,high_confidence_shared
CD4 CTL,24,41,0.6,0.14634146341463414,0.23529411764705882,pbmc10k_to_pbmc5k,scvi_matched,4,l2,high_confidence_shared
CD4 Naive,795,378,0.7876344086021505,0.7751322751322751,0.7813333333333333,pbmc10k_to_pbmc5k,scvi_matched,4,l2,high_confidence_shared
CD4 TCM,580,327,0.5206073752711496,0.7339449541284404,0.6091370558375635,pbmc10k_to_pbmc5k,scvi_matched,4,l2,high_confidence_shared
CD4 TEM,281,272,0.7894736842105263,0.6066176470588235,0.6860706860706861,pbmc10k_to_pbmc5k,scvi_matched,4,l2,high_confidence_shared
CD8 Naive,320,48,0.7666666666666667,0.9583333333333334,0.8518518518518519,pbmc10k_to_pbmc5k,scvi_matched,4,l2,high_confidence_shared
CD8 TCM,77,34,0.25,0.5294117647058824,0.33962264150943394,pbmc10k_to_pbmc5k,scvi_matched,4,l2,high_confidence_shared
CD8 TEM,246,147,0.8099173553719008,0.6666666666666666,0.7313432835820896,pbmc10k_to_pbmc5k,scvi_matched,4,l2,high_confidence_shared
Eryth,144,86,0.703125,0.5232558139534884,0.6,pbmc10k_to_pbmc5k,scvi_matched,4,l2,high_confidence_shared
ILC,65,98,0.6379310344827587,0.37755102040816324,0.47435897435897434,pbmc10k_to_pbmc5k,scvi_matched,4,l2,high_confidence_shared
MAIT,356,24,0.4166666666666667,0.8333333333333334,0.5555555555555556,pbmc10k_to_pbmc5k,scvi_matched,4,l2,high_confidence_shared
NK,760,251,0.8924731182795699,0.9920318725099602,0.939622641509434,pbmc10k_to_pbmc5k,scvi_matched,4,l2,high_confidence_shared
NK_CD56bright,35,30,0.9565217391304348,0.7333333333333333,0.8301886792452831,pbmc10k_to_pbmc5k,scvi_matched,4,l2,high_confidence_shared
Treg,241,59,0.6153846153846154,0.13559322033898305,0.2222222222222222,pbmc10k_to_pbmc5k,scvi_matched,4,l2,high_confidence_shared
cDC2,135,125,0.9830508474576272,0.928,0.9547325102880658,pbmc10k_to_pbmc5k,scvi_matched,4,l2,high_confidence_shared
dnT,76,14,0.0,0.0,0.0,pbmc10k_to_pbmc5k,scvi_matched,4,l2,high_confidence_shared
gdT,59,71,0.6046511627906976,0.36619718309859156,0.45614035087719296,pbmc10k_to_pbmc5k,scvi_matched,4,l2,high_confidence_shared
pDC,24,23,0.9583333333333334,1.0,0.9787234042553191,pbmc10k_to_pbmc5k,scvi_matched,4,l2,high_confidence_shared
B intermediate,68,66,0.53125,0.7727272727272727,0.6296296296296297,pbmc10k_to_pbmc5k,totalvi,4,l2,high_confidence_shared
B memory,99,79,0.7846153846153846,0.6455696202531646,0.7083333333333334,pbmc10k_to_pbmc5k,totalvi,4,l2,high_confidence_shared
B naive,315,128,0.9821428571428571,0.859375,0.9166666666666666,pbmc10k_to_pbmc5k,totalvi,4,l2,high_confidence_shared
CD14 Mono,1237,937,0.9219367588932806,0.9957310565635006,0.9574140584915342,pbmc10k_to_pbmc5k,totalvi,4,l2,high_confidence_shared
CD16 Mono,103,131,0.9913793103448276,0.8778625954198473,0.9311740890688259,pbmc10k_to_pbmc5k,totalvi,4,l2,high_confidence_shared
CD4 CTL,24,41,0.5,0.2926829268292683,0.36923076923076925,pbmc10k_to_pbmc5k,totalvi,4,l2,high_confidence_shared
CD4 Naive,795,378,0.7868020304568528,0.8201058201058201,0.8031088082901554,pbmc10k_to_pbmc5k,totalvi,4,l2,high_confidence_shared
CD4 TCM,580,327,0.5635103926096998,0.746177370030581,0.6421052631578947,pbmc10k_to_pbmc5k,totalvi,4,l2,high_confidence_shared
CD4 TEM,281,272,0.7195945945945946,0.7830882352941176,0.75,pbmc10k_to_pbmc5k,totalvi,4,l2,high_confidence_shared
CD8 Naive,320,48,0.88,0.9166666666666666,0.8979591836734694,pbmc10k_to_pbmc5k,totalvi,4,l2,high_confidence_shared
CD8 TCM,77,34,0.7058823529411765,0.35294117647058826,0.47058823529411764,pbmc10k_to_pbmc5k,totalvi,4,l2,high_confidence_shared
CD8 TEM,246,147,0.9035087719298246,0.7006802721088435,0.789272030651341,pbmc10k_to_pbmc5k,totalvi,4,l2,high_confidence_shared
Eryth,144,86,0.6296296296296297,0.3953488372093023,0.4857142857142857,pbmc10k_to_pbmc5k,totalvi,4,l2,high_confidence_shared
ILC,65,98,0.7142857142857143,0.20408163265306123,0.31746031746031744,pbmc10k_to_pbmc5k,totalvi,4,l2,high_confidence_shared
MAIT,356,24,0.29850746268656714,0.8333333333333334,0.43956043956043955,pbmc10k_to_pbmc5k,totalvi,4,l2,high_confidence_shared
NK,760,251,0.8865248226950354,0.9960159362549801,0.9380863039399625,pbmc10k_to_pbmc5k,totalvi,4,l2,high_confidence_shared
NK_CD56bright,35,30,0.9565217391304348,0.7333333333333333,0.8301886792452831,pbmc10k_to_pbmc5k,totalvi,4,l2,high_confidence_shared
Treg,241,59,0.875,0.23728813559322035,0.37333333333333335,pbmc10k_to_pbmc5k,totalvi,4,l2,high_confidence_shared
cDC2,135,125,1.0,0.904,0.9495798319327731,pbmc10k_to_pbmc5k,totalvi,4,l2,high_confidence_shared
dnT,76,14,0.25,0.14285714285714285,0.18181818181818182,pbmc10k_to_pbmc5k,totalvi,4,l2,high_confidence_shared
gdT,59,71,0.48,0.16901408450704225,0.25,pbmc10k_to_pbmc5k,totalvi,4,l2,high_confidence_shared
pDC,24,23,0.9583333333333334,1.0,0.9787234042553191,pbmc10k_to_pbmc5k,totalvi,4,l2,high_confidence_shared
B,493,274,1.0,1.0,1.0,pbmc10k_to_pbmc5k,scvi_matched,4,l1,high_confidence_shared
CD4 T,1929,1079,0.9137291280148423,0.9128822984244671,0.9133055169216504,pbmc10k_to_pbmc5k,scvi_matched,4,l1,high_confidence_shared
CD8 T,653,236,0.7473309608540926,0.8898305084745762,0.8123791102514507,pbmc10k_to_pbmc5k,scvi_matched,4,l1,high_confidence_shared
DC,165,151,0.9929577464788732,0.9337748344370861,0.962457337883959,pbmc10k_to_pbmc5k,scvi_matched,4,l1,high_confidence_shared
Mono,1340,1068,0.9508928571428571,0.9971910112359551,0.973491773308958,pbmc10k_to_pbmc5k,scvi_matched,4,l1,high_confidence_shared
NK,812,290,0.9344262295081968,0.9827586206896551,0.957983193277311,pbmc10k_to_pbmc5k,scvi_matched,4,l1,high_confidence_shared
other,219,185,0.7875,0.34054054054054056,0.47547169811320755,pbmc10k_to_pbmc5k,scvi_matched,4,l1,high_confidence_shared
other T,491,109,0.4642857142857143,0.47706422018348627,0.47058823529411764,pbmc10k_to_pbmc5k,scvi_matched,4,l1,high_confidence_shared
B,493,274,1.0,1.0,1.0,pbmc10k_to_pbmc5k,totalvi,4,l1,high_confidence_shared
CD4 T,1929,1079,0.9038461538461539,0.9582947173308619,0.9302744039586145,pbmc10k_to_pbmc5k,totalvi,4,l1,high_confidence_shared
CD8 T,653,236,0.9329896907216495,0.7669491525423728,0.8418604651162791,pbmc10k_to_pbmc5k,totalvi,4,l1,high_confidence_shared
DC,165,151,0.9924812030075187,0.8741721854304636,0.9295774647887324,pbmc10k_to_pbmc5k,totalvi,4,l1,high_confidence_shared
Mono,1340,1068,0.9408127208480566,0.9971910112359551,0.9681818181818181,pbmc10k_to_pbmc5k,totalvi,4,l1,high_confidence_shared
NK,812,290,0.9105431309904153,0.9827586206896551,0.945273631840796,pbmc10k_to_pbmc5k,totalvi,4,l1,high_confidence_shared
other,219,185,0.726027397260274,0.2864864864864865,0.4108527131782946,pbmc10k_to_pbmc5k,totalvi,4,l1,high_confidence_shared
other T,491,109,0.49612403100775193,0.5871559633027523,0.5378151260504201,pbmc10k_to_pbmc5k,totalvi,4,l1,high_confidence_shared
B intermediate,66,68,0.4025974025974026,0.45588235294117646,0.42758620689655175,pbmc5k_to_pbmc10k,scvi_matched,4,l2,high_confidence_shared
B memory,79,99,0.7894736842105263,0.45454545454545453,0.5769230769230769,pbmc5k_to_pbmc10k,scvi_matched,4,l2,high_confidence_shared
B naive,128,315,0.9014492753623189,0.9873015873015873,0.9424242424242424,pbmc5k_to_pbmc10k,scvi_matched,4,l2,high_confidence_shared
CD14 Mono,937,1237,0.926829268292683,0.9830234438156831,0.954099646920361,pbmc5k_to_pbmc10k,scvi_matched,4,l2,high_confidence_shared
CD16 Mono,131,103,0.9803921568627451,0.970873786407767,0.975609756097561,pbmc5k_to_pbmc10k,scvi_matched,4,l2,high_confidence_shared
CD4 CTL,41,24,0.6875,0.4583333333333333,0.55,pbmc5k_to_pbmc10k,scvi_matched,4,l2,high_confidence_shared
CD4 Naive,378,795,0.6389351081530782,0.9660377358490566,0.7691537305958939,pbmc5k_to_pbmc10k,scvi_matched,4,l2,high_confidence_shared
CD4 TCM,327,580,0.7885835095137421,0.6431034482758621,0.7084520417853751,pbmc5k_to_pbmc10k,scvi_matched,4,l2,high_confidence_shared
CD4 TEM,272,281,0.4794520547945205,0.7473309608540926,0.5841446453407511,pbmc5k_to_pbmc10k,scvi_matched,4,l2,high_confidence_shared
CD8 Naive,48,320,1.0,0.109375,0.19718309859154928,pbmc5k_to_pbmc10k,scvi_matched,4,l2,high_confidence_shared
CD8 TCM,34,77,0.375,0.03896103896103896,0.07058823529411765,pbmc5k_to_pbmc10k,scvi_matched,4,l2,high_confidence_shared
CD8 TEM,147,246,0.8142857142857143,0.926829268292683,0.8669201520912547,pbmc5k_to_pbmc10k,scvi_matched,4,l2,high_confidence_shared
Eryth,86,144,0.8360655737704918,0.7083333333333334,0.7669172932330827,pbmc5k_to_pbmc10k,scvi_matched,4,l2,high_confidence_shared
ILC,98,65,0.8260869565217391,0.2923076923076923,0.4318181818181818,pbmc5k_to_pbmc10k,scvi_matched,4,l2,high_confidence_shared
MAIT,24,356,1.0,0.0056179775280898875,0.0111731843575419,pbmc5k_to_pbmc10k,scvi_matched,4,l2,high_confidence_shared
NK,251,760,0.9945429740791268,0.9592105263157895,0.9765572672471534,pbmc5k_to_pbmc10k,scvi_matched,4,l2,high_confidence_shared
NK_CD56bright,30,35,0.896551724137931,0.7428571428571429,0.8125,pbmc5k_to_pbmc10k,scvi_matched,4,l2,high_confidence_shared
Treg,59,241,0.44,0.5933609958506224,0.5053003533568905,pbmc5k_to_pbmc10k,scvi_matched,4,l2,high_confidence_shared
cDC2,125,135,1.0,0.6222222222222222,0.7671232876712328,pbmc5k_to_pbmc10k,scvi_matched,4,l2,high_confidence_shared
gdT,71,59,0.08664259927797834,0.4067796610169492,0.14285714285714285,pbmc5k_to_pbmc10k,scvi_matched,4,l2,high_confidence_shared
pDC,23,24,1.0,1.0,1.0,pbmc5k_to_pbmc10k,scvi_matched,4,l2,high_confidence_shared
B intermediate,66,68,0.6666666666666666,0.4117647058823529,0.509090909090909,pbmc5k_to_pbmc10k,totalvi,4,l2,high_confidence_shared
B memory,79,99,0.8275862068965517,0.7272727272727273,0.7741935483870968,pbmc5k_to_pbmc10k,totalvi,4,l2,high_confidence_shared
B naive,128,315,0.884180790960452,0.9936507936507937,0.9357249626307922,pbmc5k_to_pbmc10k,totalvi,4,l2,high_confidence_shared
CD14 Mono,937,1237,0.9363496932515337,0.9870654810024252,0.961038961038961,pbmc5k_to_pbmc10k,totalvi,4,l2,high_confidence_shared
CD16 Mono,131,103,0.98989898989899,0.9514563106796117,0.9702970297029703,pbmc5k_to_pbmc10k,totalvi,4,l2,high_confidence_shared
CD4 CTL,41,24,0.0,0.0,0.0,pbmc5k_to_pbmc10k,totalvi,4,l2,high_confidence_shared
CD4 Naive,378,795,0.8403908794788274,0.9735849056603774,0.9020979020979021,pbmc5k_to_pbmc10k,totalvi,4,l2,high_confidence_shared
CD4 TCM,327,580,0.8082191780821918,0.7120689655172414,0.7571035747021082,pbmc5k_to_pbmc10k,totalvi,4,l2,high_confidence_shared
CD4 TEM,272,281,0.4331450094161959,0.8185053380782918,0.5665024630541872,pbmc5k_to_pbmc10k,totalvi,4,l2,high_confidence_shared
CD8 Naive,48,320,0.9525547445255474,0.815625,0.8787878787878788,pbmc5k_to_pbmc10k,totalvi,4,l2,high_confidence_shared
CD8 TCM,34,77,0.5,0.19480519480519481,0.2803738317757009,pbmc5k_to_pbmc10k,totalvi,4,l2,high_confidence_shared
CD8 TEM,147,246,0.7770034843205574,0.9065040650406504,0.8367729831144465,pbmc5k_to_pbmc10k,totalvi,4,l2,high_confidence_shared
Eryth,86,144,0.8532110091743119,0.6458333333333334,0.7351778656126482,pbmc5k_to_pbmc10k,totalvi,4,l2,high_confidence_shared
ILC,98,65,0.7777777777777778,0.2153846153846154,0.3373493975903614,pbmc5k_to_pbmc10k,totalvi,4,l2,high_confidence_shared
MAIT,24,356,1.0,0.016853932584269662,0.03314917127071823,pbmc5k_to_pbmc10k,totalvi,4,l2,high_confidence_shared
NK,251,760,0.9844155844155844,0.9973684210526316,0.9908496732026144,pbmc5k_to_pbmc10k,totalvi,4,l2,high_confidence_shared
NK_CD56bright,30,35,0.9230769230769231,0.6857142857142857,0.7868852459016393,pbmc5k_to_pbmc10k,totalvi,4,l2,high_confidence_shared
Treg,59,241,0.5907172995780591,0.5809128630705395,0.5857740585774058,pbmc5k_to_pbmc10k,totalvi,4,l2,high_confidence_shared
cDC2,125,135,0.9906542056074766,0.7851851851851852,0.8760330578512396,pbmc5k_to_pbmc10k,totalvi,4,l2,high_confidence_shared
gdT,71,59,0.0881057268722467,0.3389830508474576,0.13986013986013987,pbmc5k_to_pbmc10k,totalvi,4,l2,high_confidence_shared
pDC,23,24,1.0,1.0,1.0,pbmc5k_to_pbmc10k,totalvi,4,l2,high_confidence_shared
B,274,493,0.9918864097363083,0.9918864097363083,0.9918864097363083,pbmc5k_to_pbmc10k,scvi_matched,4,l1,high_confidence_shared
CD4 T,1079,1929,0.7586206896551724,0.9922239502332815,0.8598382749326146,pbmc5k_to_pbmc10k,scvi_matched,4,l1,high_confidence_shared
CD8 T,236,653,0.8526645768025078,0.4165390505359878,0.5596707818930041,pbmc5k_to_pbmc10k,scvi_matched,4,l1,high_confidence_shared
DC,151,165,1.0,0.6666666666666666,0.8,pbmc5k_to_pbmc10k,scvi_matched,4,l1,high_confidence_shared
Mono,1068,1340,0.9271198318149965,0.9873134328358208,0.956270328876039,pbmc5k_to_pbmc10k,scvi_matched,4,l1,high_confidence_shared
NK,290,812,0.9694749694749695,0.9778325123152709,0.9736358062538321,pbmc5k_to_pbmc10k,scvi_matched,4,l1,high_confidence_shared
other,185,219,0.8360655737704918,0.4657534246575342,0.5982404692082112,pbmc5k_to_pbmc10k,scvi_matched,4,l1,high_confidence_shared
other T,109,491,0.9273356401384083,0.5458248472505092,0.6871794871794872,pbmc5k_to_pbmc10k,scvi_matched,4,l1,high_confidence_shared
B,274,493,0.9879275653923542,0.9959432048681541,0.9919191919191919,pbmc5k_to_pbmc10k,totalvi,4,l1,high_confidence_shared
CD4 T,1079,1929,0.9010367577756834,0.991187143597719,0.9439644532214269,pbmc5k_to_pbmc10k,totalvi,4,l1,high_confidence_shared
CD8 T,236,653,0.8916797488226059,0.8698315467075038,0.8806201550387597,pbmc5k_to_pbmc10k,totalvi,4,l1,high_confidence_shared
DC,151,165,1.0,0.7696969696969697,0.8698630136986302,pbmc5k_to_pbmc10k,totalvi,4,l1,high_confidence_shared
Mono,1068,1340,0.9352568613652358,0.9917910447761195,0.9626946758420862,pbmc5k_to_pbmc10k,totalvi,4,l1,high_confidence_shared
NK,290,812,0.9938195302843016,0.9901477832512315,0.9919802590993214,pbmc5k_to_pbmc10k,totalvi,4,l1,high_confidence_shared
other,185,219,0.8728813559322034,0.4703196347031963,0.6112759643916914,pbmc5k_to_pbmc10k,totalvi,4,l1,high_confidence_shared
other T,109,491,0.9245283018867925,0.6985743380855397,0.7958236658932715,pbmc5k_to_pbmc10k,totalvi,4,l1,high_confidence_shared
