direction,model,model_seed,scheme,bin,bin_lower,bin_upper,n_cells,mean_confidence,empirical_accuracy,gap
pbmc10k_to_pbmc5k,scvi_matched,0,equal_frequency,0,0.18250444531440735,0.4699147264162699,225,0.3911808133125305,0.44,0.048819186687469485
pbmc10k_to_pbmc5k,scvi_matched,0,equal_frequency,1,0.4699147264162699,0.5430108388264974,225,0.5060062408447266,0.4711111111111111,-0.03489512973361547
pbmc10k_to_pbmc5k,scvi_matched,0,equal_frequency,2,0.5430108388264974,0.6135606408119202,224,0.5784289240837097,0.5892857142857143,0.010856790202004585
pbmc10k_to_pbmc5k,scvi_matched,0,equal_frequency,3,0.6135606408119202,0.6786596258481343,225,0.6438259482383728,0.6266666666666667,-0.017159281571706098
pbmc10k_to_pbmc5k,scvi_matched,0,equal_frequency,4,0.6786596258481343,0.7474935253461201,224,0.7151466012001038,0.6026785714285714,-0.11246802977153236
pbmc10k_to_pbmc5k,scvi_matched,0,equal_frequency,5,0.7474935253461201,0.8156756162643433,225,0.7828567028045654,0.7733333333333333,-0.009523369471232113
pbmc10k_to_pbmc5k,scvi_matched,0,equal_frequency,6,0.8156756162643433,0.8718170563379923,224,0.8437324166297913,0.7767857142857143,-0.06694670234407696
pbmc10k_to_pbmc5k,scvi_matched,0,equal_frequency,7,0.8718170563379923,0.9246344049771626,225,0.899440348148346,0.84,-0.05944034814834598
pbmc10k_to_pbmc5k,scvi_matched,0,equal_frequency,8,0.9246344049771626,0.9636075735092163,224,0.9460240602493286,0.8482142857142857,-0.09780977453504291
pbmc10k_to_pbmc5k,scvi_matched,0,equal_frequency,9,0.9636075735092163,0.9864417314529419,225,0.9764143824577332,0.9288888888888889,-0.04752549356884428
pbmc10k_to_pbmc5k,scvi_matched,0,equal_frequency,10,0.9864417314529419,0.9948793411254883,224,0.9914121627807617,0.9732142857142857,-0.01819787706647602
pbmc10k_to_pbmc5k,scvi_matched,0,equal_frequency,11,0.9948793411254883,0.9978219747543335,225,0.9965760707855225,0.9911111111111112,-0.005464959674411296
pbmc10k_to_pbmc5k,scvi_matched,0,equal_frequency,12,0.9978219747543335,0.9989040931065877,224,0.998442530632019,1.0,0.001557469367980957
pbmc10k_to_pbmc5k,scvi_matched,0,equal_frequency,13,0.9989040931065877,0.9995330969492594,225,0.9992480278015137,1.0,0.0007519721984863281
pbmc10k_to_pbmc5k,scvi_matched,0,equal_frequency,14,0.9995330969492594,0.999996542930603,225,0.9997528791427612,1.0,0.00024712085723876953
pbmc10k_to_pbmc5k,scvi_matched,0,equal_width,2,0.13333333333333333,0.2,1,0.18250444531440735,0.0,-0.18250444531440735
pbmc10k_to_pbmc5k,scvi_matched,0,equal_width,3,0.2,0.26666666666666666,7,0.23175963759422302,0.2857142857142857,0.053954648120062676
pbmc10k_to_pbmc5k,scvi_matched,0,equal_width,4,0.26666666666666666,0.3333333333333333,32,0.30824750661849976,0.34375,0.035502493381500244
pbmc10k_to_pbmc5k,scvi_matched,0,equal_width,5,0.3333333333333333,0.4,67,0.3673405051231384,0.417910447761194,0.05056994263805559
pbmc10k_to_pbmc5k,scvi_matched,0,equal_width,6,0.4,0.4666666666666667,112,0.43680188059806824,0.49107142857142855,0.05426954797336031
pbmc10k_to_pbmc5k,scvi_matched,0,equal_width,7,0.4666666666666667,0.5333333333333333,209,0.5015612840652466,0.45454545454545453,-0.04701582951979205
pbmc10k_to_pbmc5k,scvi_matched,0,equal_width,8,0.5333333333333333,0.6,198,0.5667983293533325,0.6111111111111112,0.04431278175777864
pbmc10k_to_pbmc5k,scvi_matched,0,equal_width,9,0.6,0.6666666666666666,231,0.6311467289924622,0.5844155844155844,-0.04673114457687777
pbmc10k_to_pbmc5k,scvi_matched,0,equal_width,10,0.6666666666666666,0.7333333333333333,205,0.6988651752471924,0.6390243902439025,-0.05984078500328993
pbmc10k_to_pbmc5k,scvi_matched,0,equal_width,11,0.7333333333333333,0.8,228,0.7648793458938599,0.7456140350877193,-0.01926531080614058
pbmc10k_to_pbmc5k,scvi_matched,0,equal_width,12,0.8,0.8666666666666667,258,0.8335282802581787,0.751937984496124,-0.08159029576205468
pbmc10k_to_pbmc5k,scvi_matched,0,equal_width,13,0.8666666666666667,0.9333333333333333,289,0.9009602069854736,0.8304498269896193,-0.0705103799958543
pbmc10k_to_pbmc5k,scvi_matched,0,equal_width,14,0.9333333333333333,1.0,1532,0.9883808493614197,0.9673629242819843,-0.02101792507943534
pbmc10k_to_pbmc5k,scvi_matched,1,equal_frequency,0,0.2070353925228119,0.433882733186086,225,0.36162668466567993,0.37777777777777777,0.016151093112097836
pbmc10k_to_pbmc5k,scvi_matched,1,equal_frequency,1,0.433882733186086,0.5190838217735291,225,0.47897183895111084,0.41333333333333333,-0.06563850561777751
pbmc10k_to_pbmc5k,scvi_matched,1,equal_frequency,2,0.5190838217735291,0.5961336255073547,224,0.5578446388244629,0.5089285714285714,-0.048916067395891494
pbmc10k_to_pbmc5k,scvi_matched,1,equal_frequency,3,0.5961336255073547,0.6706554214159648,225,0.6326994895935059,0.6088888888888889,-0.023810600704616935
pbmc10k_to_pbmc5k,scvi_matched,1,equal_frequency,4,0.6706554214159648,0.7344406843185425,224,0.7019446492195129,0.6205357142857143,-0.08140893493379864
pbmc10k_to_pbmc5k,scvi_matched,1,equal_frequency,5,0.7344406843185425,0.8079523921012879,225,0.7719281911849976,0.7022222222222222,-0.06970596896277537
pbmc10k_to_pbmc5k,scvi_matched,1,equal_frequency,6,0.8079523921012879,0.8676754355430603,224,0.8381800651550293,0.7857142857142857,-0.0524657794407436
pbmc10k_to_pbmc5k,scvi_matched,1,equal_frequency,7,0.8676754355430603,0.9231404383977254,225,0.8953878283500671,0.8311111111111111,-0.064276717238956
pbmc10k_to_pbmc5k,scvi_matched,1,equal_frequency,8,0.9231404383977254,0.9609853982925415,224,0.9420201182365417,0.90625,-0.03577011823654175
pbmc10k_to_pbmc5k,scvi_matched,1,equal_frequency,9,0.9609853982925415,0.9844024181365967,225,0.9747265577316284,0.9377777777777778,-0.0369487799538506
pbmc10k_to_pbmc5k,scvi_matched,1,equal_frequency,10,0.9844024181365967,0.9935883363087972,224,0.9894024729728699,0.9866071428571429,-0.0027953301157269683
pbmc10k_to_pbmc5k,scvi_matched,1,equal_frequency,11,0.9935883363087972,0.9972944140434266,225,0.9954822063446045,0.9911111111111112,-0.004371095233493327
pbmc10k_to_pbmc5k,scvi_matched,1,equal_frequency,12,0.9972944140434266,0.9988689661026001,224,0.9981693625450134,1.0,0.0018306374549865723
pbmc10k_to_pbmc5k,scvi_matched,1,equal_frequency,13,0.9988689661026001,0.999615478515625,225,0.9992951154708862,1.0,0.0007048845291137695
pbmc10k_to_pbmc5k,scvi_matched,1,equal_frequency,14,0.999615478515625,0.999990701675415,225,0.9998072385787964,1.0,0.00019276142120361328
pbmc10k_to_pbmc5k,scvi_matched,1,equal_width,3,0.2,0.26666666666666666,17,0.24765045940876007,0.29411764705882354,0.04646718765006347
pbmc10k_to_pbmc5k,scvi_matched,1,equal_width,4,0.26666666666666666,0.3333333333333333,44,0.3067474365234375,0.22727272727272727,-0.07947470925071023
pbmc10k_to_pbmc5k,scvi_matched,1,equal_width,5,0.3333333333333333,0.4,98,0.36926233768463135,0.3469387755102041,-0.02232356217442727
pbmc10k_to_pbmc5k,scvi_matched,1,equal_width,6,0.4,0.4666666666666667,147,0.4362218976020813,0.46938775510204084,0.03316585749995954
pbmc10k_to_pbmc5k,scvi_matched,1,equal_width,7,0.4666666666666667,0.5333333333333333,189,0.5016142725944519,0.42857142857142855,-0.07304284402302336
pbmc10k_to_pbmc5k,scvi_matched,1,equal_width,8,0.5333333333333333,0.6,191,0.5677935481071472,0.5235602094240838,-0.04423333868306345
pbmc10k_to_pbmc5k,scvi_matched,1,equal_width,9,0.6,0.6666666666666666,200,0.6323935389518738,0.62,-0.012393538951873784
pbmc10k_to_pbmc5k,scvi_matched,1,equal_width,10,0.6666666666666666,0.7333333333333333,233,0.6995565295219421,0.6137339055793991,-0.08582262394254303
pbmc10k_to_pbmc5k,scvi_matched,1,equal_width,11,0.7333333333333333,0.8,199,0.7663102746009827,0.6934673366834171,-0.07284293791756558
pbmc10k_to_pbmc5k,scvi_matched,1,equal_width,12,0.8,0.8666666666666667,250,0.833635687828064,0.776,-0.05763568782806394
pbmc10k_to_pbmc5k,scvi_matched,1,equal_width,13,0.8666666666666667,0.9333333333333333,299,0.9026803374290466,0.8461538461538461,-0.056526491275200486
pbmc10k_to_pbmc5k,scvi_matched,1,equal_width,14,0.9333333333333333,1.0,1502,0.9882506728172302,0.9786950732356857,-0.009555599581544505
pbmc10k_to_pbmc5k,scvi_matched,2,equal_frequency,0,0.193587988615036,0.48749527931213377,225,0.4113158583641052,0.4177777777777778,0.006461919413672579
pbmc10k_to_pbmc5k,scvi_matched,2,equal_frequency,1,0.48749527931213377,0.5518712202707926,225,0.5197436809539795,0.49777777777777776,-0.02196590317620173
pbmc10k_to_pbmc5k,scvi_matched,2,equal_frequency,2,0.5518712202707926,0.6319231390953064,224,0.5947453379631042,0.6071428571428571,0.012397519179752847
pbmc10k_to_pbmc5k,scvi_matched,2,equal_frequency,3,0.6319231390953064,0.7028902411460877,225,0.6673108339309692,0.7066666666666667,0.03935583273569743
pbmc10k_to_pbmc5k,scvi_matched,2,equal_frequency,4,0.7028902411460877,0.7741268277168274,224,0.7391020655632019,0.7098214285714286,-0.0292806369917733
pbmc10k_to_pbmc5k,scvi_matched,2,equal_frequency,5,0.7741268277168274,0.8318227052688599,225,0.8034433126449585,0.7555555555555555,-0.04788775708940296
pbmc10k_to_pbmc5k,scvi_matched,2,equal_frequency,6,0.8318227052688599,0.8890143553415935,224,0.8602908253669739,0.8482142857142857,-0.012076539652688179
pbmc10k_to_pbmc5k,scvi_matched,2,equal_frequency,7,0.8890143553415935,0.9334630290667216,225,0.9111218452453613,0.8711111111111111,-0.04001073413425027
pbmc10k_to_pbmc5k,scvi_matched,2,equal_frequency,8,0.9334630290667216,0.9692235589027405,224,0.9531078338623047,0.8839285714285714,-0.06917926243373329
pbmc10k_to_pbmc5k,scvi_matched,2,equal_frequency,9,0.9692235589027405,0.9865460793177286,225,0.9782900810241699,0.9733333333333334,-0.004956747690836538
pbmc10k_to_pbmc5k,scvi_matched,2,equal_frequency,10,0.9865460793177286,0.9946261644363403,224,0.9908801913261414,0.9866071428571429,-0.004273048468998453
pbmc10k_to_pbmc5k,scvi_matched,2,equal_frequency,11,0.9946261644363403,0.9973076820373535,225,0.9961745738983154,0.9911111111111112,-0.005063462787204265
pbmc10k_to_pbmc5k,scvi_matched,2,equal_frequency,12,0.9973076820373535,0.998667565981547,224,0.9980807900428772,1.0,0.0019192099571228027
pbmc10k_to_pbmc5k,scvi_matched,2,equal_frequency,13,0.998667565981547,0.9994290232658386,225,0.9990626573562622,1.0,0.000937342643737793
pbmc10k_to_pbmc5k,scvi_matched,2,equal_frequency,14,0.9994290232658386,0.9999983310699463,225,0.9997749924659729,1.0,0.0002250075340270996
pbmc10k_to_pbmc5k,scvi_matched,2,equal_width,2,0.13333333333333333,0.2,2,0.194593608379364,0.0,-0.194593608379364
pbmc10k_to_pbmc5k,scvi_matched,2,equal_width,3,0.2,0.26666666666666666,2,0.24865706264972687,0.0,-0.24865706264972687
pbmc10k_to_pbmc5k,scvi_matched,2,equal_width,4,0.26666666666666666,0.3333333333333333,22,0.3096669912338257,0.45454545454545453,0.14487846331162885
pbmc10k_to_pbmc5k,scvi_matched,2,equal_width,5,0.3333333333333333,0.4,56,0.3659164607524872,0.2857142857142857,-0.08020217503820148
pbmc10k_to_pbmc5k,scvi_matched,2,equal_width,6,0.4,0.4666666666666667,94,0.4356563985347748,0.4787234042553192,0.04306700572054439
pbmc10k_to_pbmc5k,scvi_matched,2,equal_width,7,0.4666666666666667,0.5333333333333333,209,0.5026328563690186,0.48325358851674644,-0.01937926785227212
pbmc10k_to_pbmc5k,scvi_matched,2,equal_width,8,0.5333333333333333,0.6,196,0.5675818920135498,0.5510204081632653,-0.016561483850284553
pbmc10k_to_pbmc5k,scvi_matched,2,equal_width,9,0.6,0.6666666666666666,205,0.6341695189476013,0.6926829268292682,0.05851340788166692
pbmc10k_to_pbmc5k,scvi_matched,2,equal_width,10,0.6666666666666666,0.7333333333333333,200,0.6991000175476074,0.72,0.02089998245239255
pbmc10k_to_pbmc5k,scvi_matched,2,equal_width,11,0.7333333333333333,0.8,233,0.7671865820884705,0.721030042918455,-0.0461565391700155
pbmc10k_to_pbmc5k,scvi_matched,2,equal_width,12,0.8,0.8666666666666667,267,0.8329565525054932,0.7790262172284644,-0.05393033527702873
pbmc10k_to_pbmc5k,scvi_matched,2,equal_width,13,0.8666666666666667,0.9333333333333333,309,0.9016619920730591,0.8802588996763754,-0.0214030923966837
pbmc10k_to_pbmc5k,scvi_matched,2,equal_width,14,0.9333333333333333,1.0,1574,0.9878547191619873,0.9764930114358322,-0.01136170772615508
pbmc10k_to_pbmc5k,scvi_matched,3,equal_frequency,0,0.18488924205303192,0.4429200033346812,225,0.369436115026474,0.3688888888888889,-0.0005472261375851217
pbmc10k_to_pbmc5k,scvi_matched,3,equal_frequency,1,0.4429200033346812,0.51853053967158,225,0.4842986464500427,0.48,-0.004298646450042742
pbmc10k_to_pbmc5k,scvi_matched,3,equal_frequency,2,0.51853053967158,0.5909299731254578,224,0.5552858710289001,0.5758928571428571,0.02060698611395695
pbmc10k_to_pbmc5k,scvi_matched,3,equal_frequency,3,0.5909299731254578,0.6606216788291931,225,0.6243796348571777,0.6266666666666667,0.0022870318094889708
pbmc10k_to_pbmc5k,scvi_matched,3,equal_frequency,4,0.6606216788291931,0.7280998031298319,224,0.6958157420158386,0.65625,-0.03956574201583862
pbmc10k_to_pbmc5k,scvi_matched,3,equal_frequency,5,0.7280998031298319,0.7975231885910035,225,0.7627438902854919,0.7466666666666667,-0.016077223618825243
pbmc10k_to_pbmc5k,scvi_matched,3,equal_frequency,6,0.7975231885910035,0.8647504766782125,224,0.8283067941665649,0.78125,-0.04705679416656494
pbmc10k_to_pbmc5k,scvi_matched,3,equal_frequency,7,0.8647504766782125,0.9256924390792847,225,0.896240234375,0.9111111111111111,0.014870876736111094
pbmc10k_to_pbmc5k,scvi_matched,3,equal_frequency,8,0.9256924390792847,0.9677473306655884,224,0.9504762291908264,0.9330357142857143,-0.017440514905112114
pbmc10k_to_pbmc5k,scvi_matched,3,equal_frequency,9,0.9677473306655884,0.9865482052167257,225,0.978742241859436,0.9733333333333334,-0.0054089085261026515
pbmc10k_to_pbmc5k,scvi_matched,3,equal_frequency,10,0.9865482052167257,0.9942176659901937,224,0.9910399317741394,0.9955357142857143,0.004495782511574897
pbmc10k_to_pbmc5k,scvi_matched,3,equal_frequency,11,0.9942176659901937,0.997185230255127,225,0.9959442615509033,0.9911111111111112,-0.004833150439792155
pbmc10k_to_pbmc5k,scvi_matched,3,equal_frequency,12,0.997185230255127,0.9986753225326538,224,0.998048722743988,1.0,0.0019512772560119629
pbmc10k_to_pbmc5k,scvi_matched,3,equal_frequency,13,0.9986753225326538,0.9994357784589132,225,0.9990795850753784,1.0,0.000920414924621582
pbmc10k_to_pbmc5k,scvi_matched,3,equal_frequency,14,0.9994357784589132,0.9999996423721313,225,0.999752938747406,1.0,0.00024706125259399414
pbmc10k_to_pbmc5k,scvi_matched,3,equal_width,2,0.13333333333333333,0.2,1,0.18488924205303192,0.0,-0.18488924205303192
pbmc10k_to_pbmc5k,scvi_matched,3,equal_width,3,0.2,0.26666666666666666,17,0.2430155724287033,0.4117647058823529,0.1687491334536496
pbmc10k_to_pbmc5k,scvi_matched,3,equal_width,4,0.26666666666666666,0.3333333333333333,39,0.3050033748149872,0.20512820512820512,-0.09987516968678206
pbmc10k_to_pbmc5k,scvi_matched,3,equal_width,5,0.3333333333333333,0.4,76,0.3702513575553894,0.3684210526315789,-0.0018303049238104774
pbmc10k_to_pbmc5k,scvi_matched,3,equal_width,6,0.4,0.4666666666666667,146,0.4334253668785095,0.4246575342465753,-0.008767832631934203
pbmc10k_to_pbmc5k,scvi_matched,3,equal_width,7,0.4666666666666667,0.5333333333333333,208,0.4996456801891327,0.5288461538461539,0.029200473657021164
pbmc10k_to_pbmc5k,scvi_matched,3,equal_width,8,0.5333333333333333,0.6,217,0.5658573508262634,0.576036866359447,0.010179515533183525
pbmc10k_to_pbmc5k,scvi_matched,3,equal_width,9,0.6,0.6666666666666666,213,0.6317621469497681,0.6150234741784038,-0.016738672771364316
pbmc10k_to_pbmc5k,scvi_matched,3,equal_width,10,0.6666666666666666,0.7333333333333333,222,0.7008916735649109,0.6666666666666666,-0.03422500689824426
pbmc10k_to_pbmc5k,scvi_matched,3,equal_width,11,0.7333333333333333,0.8,222,0.7671750783920288,0.7432432432432432,-0.023931835148785607
pbmc10k_to_pbmc5k,scvi_matched,3,equal_width,12,0.8,0.8666666666666667,220,0.8315697312355042,0.7909090909090909,-0.040660640326413255
pbmc10k_to_pbmc5k,scvi_matched,3,equal_width,13,0.8666666666666667,0.9333333333333333,239,0.900579035282135,0.9205020920502092,0.019923056768074154
pbmc10k_to_pbmc5k,scvi_matched,3,equal_width,14,0.9333333333333333,1.0,1549,0.9884644150733948,0.9851517107811492,-0.0033127042922456162
pbmc10k_to_pbmc5k,scvi_matched,4,equal_frequency,0,0.16079841554164886,0.4831987679004669,225,0.4107370972633362,0.4177777777777778,0.007040680514441622
pbmc10k_to_pbmc5k,scvi_matched,4,equal_frequency,1,0.4831987679004669,0.5583423574765524,225,0.5202586054801941,0.5022222222222222,-0.018036383257971855
pbmc10k_to_pbmc5k,scvi_matched,4,equal_frequency,2,0.5583423574765524,0.6257237553596496,224,0.5924565196037292,0.5625,-0.029956519603729248
pbmc10k_to_pbmc5k,scvi_matched,4,equal_frequency,3,0.6257237553596496,0.7012050231297811,225,0.665630042552948,0.5777777777777777,-0.08785226477517027
pbmc10k_to_pbmc5k,scvi_matched,4,equal_frequency,4,0.7012050231297811,0.7722881833712258,224,0.7370883226394653,0.6517857142857143,-0.08530260835375103
pbmc10k_to_pbmc5k,scvi_matched,4,equal_frequency,5,0.7722881833712258,0.837244176864624,225,0.8050137162208557,0.7244444444444444,-0.08056927177641127
pbmc10k_to_pbmc5k,scvi_matched,4,equal_frequency,6,0.837244176864624,0.892010215918223,224,0.8656392097473145,0.7857142857142857,-0.07992492403302875
pbmc10k_to_pbmc5k,scvi_matched,4,equal_frequency,7,0.892010215918223,0.9383500814437866,225,0.916612982749939,0.8577777777777778,-0.058835204972161215
pbmc10k_to_pbmc5k,scvi_matched,4,equal_frequency,8,0.9383500814437866,0.9754155516624451,224,0.9588866829872131,0.9241071428571429,-0.03477954013007023
pbmc10k_to_pbmc5k,scvi_matched,4,equal_frequency,9,0.9754155516624451,0.9905885855356852,225,0.9846094846725464,0.96,-0.024609484672546422
pbmc10k_to_pbmc5k,scvi_matched,4,equal_frequency,10,0.9905885855356852,0.9958204666773478,224,0.9935768246650696,0.9866071428571429,-0.006969681807926675
pbmc10k_to_pbmc5k,scvi_matched,4,equal_frequency,11,0.9958204666773478,0.9980313897132873,225,0.9970657229423523,0.9955555555555555,-0.001510167386796768
pbmc10k_to_pbmc5k,scvi_matched,4,equal_frequency,12,0.9980313897132873,0.9990027626355489,224,0.9985851645469666,0.9955357142857143,-0.003049450261252251
pbmc10k_to_pbmc5k,scvi_matched,4,equal_frequency,13,0.9990027626355489,0.9995598435401917,225,0.9993113875389099,1.0,0.0006886124610900879
pbmc10k_to_pbmc5k,scvi_matched,4,equal_frequency,14,0.9995598435401917,0.9999988079071045,225,0.9997861981391907,1.0,0.00021380186080932617
pbmc10k_to_pbmc5k,scvi_matched,4,equal_width,2,0.13333333333333333,0.2,1,0.16079841554164886,0.0,-0.16079841554164886
pbmc10k_to_pbmc5k,scvi_matched,4,equal_width,3,0.2,0.26666666666666666,1,0.2240513563156128,1.0,0.7759486436843872
pbmc10k_to_pbmc5k,scvi_matched,4,equal_width,4,0.26666666666666666,0.3333333333333333,30,0.3038930892944336,0.26666666666666666,-0.03722642262776693
pbmc10k_to_pbmc5k,scvi_matched,4,equal_width,5,0.3333333333333333,0.4,48,0.37018847465515137,0.3333333333333333,-0.03685514132181805
pbmc10k_to_pbmc5k,scvi_matched,4,equal_width,6,0.4,0.4666666666666667,104,0.4393569529056549,0.4519230769230769,0.01256612401742202
pbmc10k_to_pbmc5k,scvi_matched,4,equal_width,7,0.4666666666666667,0.5333333333333333,201,0.5024056434631348,0.4975124378109453,-0.004893205652189481
pbmc10k_to_pbmc5k,scvi_matched,4,equal_width,8,0.5333333333333333,0.6,197,0.5686236023902893,0.5431472081218274,-0.025476394268461933
pbmc10k_to_pbmc5k,scvi_matched,4,equal_width,9,0.6,0.6666666666666666,205,0.6309241056442261,0.6,-0.030924105644226096
pbmc10k_to_pbmc5k,scvi_matched,4,equal_width,10,0.6666666666666666,0.7333333333333333,210,0.7001902461051941,0.5857142857142857,-0.11447596039090835
pbmc10k_to_pbmc5k,scvi_matched,4,equal_width,11,0.7333333333333333,0.8,224,0.7671149373054504,0.6741071428571429,-0.09300779444830753
pbmc10k_to_pbmc5k,scvi_matched,4,equal_width,12,0.8,0.8666666666666667,240,0.8342711925506592,0.7541666666666667,-0.08010452588399253
pbmc10k_to_pbmc5k,scvi_matched,4,equal_width,13,0.8666666666666667,0.9333333333333333,305,0.901328980922699,0.839344262295082,-0.06198471862761701
pbmc10k_to_pbmc5k,scvi_matched,4,equal_width,14,0.9333333333333333,1.0,1603,0.9892246127128601,0.9787897691827823,-0.010434843530077842
pbmc10k_to_pbmc5k,totalvi,0,equal_frequency,0,0.20658640563488007,0.504865038394928,225,0.4309462606906891,0.37333333333333335,-0.05761292735735574
pbmc10k_to_pbmc5k,totalvi,0,equal_frequency,1,0.504865038394928,0.5835093259811401,225,0.5415075421333313,0.4622222222222222,-0.0792853199111091
pbmc10k_to_pbmc5k,totalvi,0,equal_frequency,2,0.5835093259811401,0.6618181109428406,224,0.620682418346405,0.5535714285714286,-0.06711098977497643
pbmc10k_to_pbmc5k,totalvi,0,equal_frequency,3,0.6618181109428406,0.7336646795272828,225,0.6998645067214966,0.6933333333333334,-0.006531173388163225
pbmc10k_to_pbmc5k,totalvi,0,equal_frequency,4,0.7336646795272828,0.790841261545817,224,0.7628299593925476,0.75,-0.012829959392547607
pbmc10k_to_pbmc5k,totalvi,0,equal_frequency,5,0.790841261545817,0.8460530042648315,225,0.81888747215271,0.7511111111111111,-0.0677763610415989
pbmc10k_to_pbmc5k,totalvi,0,equal_frequency,6,0.8460530042648315,0.8893550872802735,224,0.8678368330001831,0.8526785714285714,-0.015158261571611709
pbmc10k_to_pbmc5k,totalvi,0,equal_frequency,7,0.8893550872802735,0.923563023408254,225,0.9077715277671814,0.8888888888888888,-0.018882638878292557
pbmc10k_to_pbmc5k,totalvi,0,equal_frequency,8,0.923563023408254,0.954296863079071,224,0.940787672996521,0.96875,0.027962327003479004
pbmc10k_to_pbmc5k,totalvi,0,equal_frequency,9,0.954296863079071,0.9750320911407471,225,0.964826226234436,0.9688888888888889,0.0040626626544528754
pbmc10k_to_pbmc5k,totalvi,0,equal_frequency,10,0.9750320911407471,0.9874869346618652,224,0.9815417528152466,0.9955357142857143,0.01399396147046772
pbmc10k_to_pbmc5k,totalvi,0,equal_frequency,11,0.9874869346618652,0.9941311955451966,225,0.9912568926811218,0.9911111111111112,-0.00014578157001066128
pbmc10k_to_pbmc5k,totalvi,0,equal_frequency,12,0.9941311955451966,0.9968453486760457,224,0.9956336617469788,1.0,0.00436633825302124
pbmc10k_to_pbmc5k,totalvi,0,equal_frequency,13,0.9968453486760457,0.9984477599461873,225,0.9976738095283508,1.0,0.00232619047164917
pbmc10k_to_pbmc5k,totalvi,0,equal_frequency,14,0.9984477599461873,0.9999936819076538,225,0.9992002248764038,1.0,0.0007997751235961914
pbmc10k_to_pbmc5k,totalvi,0,equal_width,3,0.2,0.26666666666666666,2,0.23532873392105103,0.0,-0.23532873392105103
pbmc10k_to_pbmc5k,totalvi,0,equal_width,4,0.26666666666666666,0.3333333333333333,15,0.3094993531703949,0.26666666666666666,-0.042832686503728234
pbmc10k_to_pbmc5k,totalvi,0,equal_width,5,0.3333333333333333,0.4,48,0.3703526258468628,0.375,0.004647374153137207
pbmc10k_to_pbmc5k,totalvi,0,equal_width,6,0.4,0.4666666666666667,79,0.43662649393081665,0.3670886075949367,-0.06953788633587993
pbmc10k_to_pbmc5k,totalvi,0,equal_width,7,0.4666666666666667,0.5333333333333333,172,0.5037131905555725,0.4186046511627907,-0.08510853939278179
pbmc10k_to_pbmc5k,totalvi,0,equal_width,8,0.5333333333333333,0.6,181,0.566423773765564,0.48066298342541436,-0.0857607903401496
pbmc10k_to_pbmc5k,totalvi,0,equal_width,9,0.6,0.6666666666666666,190,0.6311650276184082,0.5842105263157895,-0.04695450130261869
pbmc10k_to_pbmc5k,totalvi,0,equal_width,10,0.6666666666666666,0.7333333333333333,210,0.7017675638198853,0.6904761904761905,-0.011291373343694788
pbmc10k_to_pbmc5k,totalvi,0,equal_width,11,0.7333333333333333,0.8,258,0.7667502760887146,0.7558139534883721,-0.010936322600342496
pbmc10k_to_pbmc5k,totalvi,0,equal_width,12,0.8,0.8666666666666667,293,0.8341464996337891,0.7815699658703071,-0.052576533763481925
pbmc10k_to_pbmc5k,totalvi,0,equal_width,13,0.8666666666666667,0.9333333333333333,400,0.9008841514587402,0.885,-0.015884151458740225
pbmc10k_to_pbmc5k,totalvi,0,equal_width,14,0.9333333333333333,1.0,1521,0.9833620190620422,0.9907955292570677,0.007433510195025472
pbmc10k_to_pbmc5k,totalvi,1,equal_frequency,0,0.2627721130847931,0.5218855261802673,225,0.4474412798881531,0.40444444444444444,-0.042996835443708636
pbmc10k_to_pbmc5k,totalvi,1,equal_frequency,1,0.5218855261802673,0.6012458721796672,225,0.5645686984062195,0.5333333333333333,-0.031235365072886156
pbmc10k_to_pbmc5k,totalvi,1,equal_frequency,2,0.6012458721796672,0.6736809372901916,224,0.6372946500778198,0.59375,-0.043544650077819824
pbmc10k_to_pbmc5k,totalvi,1,equal_frequency,3,0.6736809372901916,0.7453608711560568,225,0.7083650827407837,0.6933333333333334,-0.015031749407450334
pbmc10k_to_pbmc5k,totalvi,1,equal_frequency,4,0.7453608711560568,0.8020140926043191,224,0.7756825685501099,0.7098214285714286,-0.06586113997868126
pbmc10k_to_pbmc5k,totalvi,1,equal_frequency,5,0.8020140926043191,0.8516805768013,225,0.82781982421875,0.7822222222222223,-0.04559760199652774
pbmc10k_to_pbmc5k,totalvi,1,equal_frequency,6,0.8516805768013,0.8901198983192444,224,0.8721896409988403,0.8660714285714286,-0.006118212427411729
pbmc10k_to_pbmc5k,totalvi,1,equal_frequency,7,0.8901198983192444,0.9249958634376526,225,0.9077948927879333,0.8577777777777778,-0.0500171150101556
pbmc10k_to_pbmc5k,totalvi,1,equal_frequency,8,0.9249958634376526,0.953253674507141,224,0.9391657710075378,0.9196428571428571,-0.019522913864680747
pbmc10k_to_pbmc5k,totalvi,1,equal_frequency,9,0.953253674507141,0.9731825788815816,225,0.9637841582298279,0.9422222222222222,-0.021561936007605698
pbmc10k_to_pbmc5k,totalvi,1,equal_frequency,10,0.9731825788815816,0.9854834000269571,224,0.979972779750824,0.9866071428571429,0.00663436310631893
pbmc10k_to_pbmc5k,totalvi,1,equal_frequency,11,0.9854834000269571,0.9915487408638001,225,0.9889039397239685,0.9644444444444444,-0.02445949527952407
pbmc10k_to_pbmc5k,totalvi,1,equal_frequency,12,0.9915487408638001,0.9955756266911825,224,0.9936100840568542,0.9910714285714286,-0.002538655485425645
pbmc10k_to_pbmc5k,totalvi,1,equal_frequency,13,0.9955756266911825,0.9982103268305461,225,0.9968662261962891,0.9955555555555555,-0.0013106706407335356
pbmc10k_to_pbmc5k,totalvi,1,equal_frequency,14,0.9982103268305461,0.9999972581863403,225,0.9994076490402222,1.0,0.000592350959777832
pbmc10k_to_pbmc5k,totalvi,1,equal_width,3,0.2,0.26666666666666666,1,0.2627721130847931,0.0,-0.2627721130847931
pbmc10k_to_pbmc5k,totalvi,1,equal_width,4,0.26666666666666666,0.3333333333333333,14,0.303782194852829,0.21428571428571427,-0.0894964805671147
pbmc10k_to_pbmc5k,totalvi,1,equal_width,5,0.3333333333333333,0.4,38,0.3741246461868286,0.2631578947368421,-0.11096675144998652
pbmc10k_to_pbmc5k,totalvi,1,equal_width,6,0.4,0.4666666666666667,60,0.43793877959251404,0.4166666666666667,-0.021272112925847353
pbmc10k_to_pbmc5k,totalvi,1,equal_width,7,0.4666666666666667,0.5333333333333333,142,0.503524124622345,0.4859154929577465,-0.017608631664598473
pbmc10k_to_pbmc5k,totalvi,1,equal_width,8,0.5333333333333333,0.6,193,0.5698995590209961,0.533678756476684,-0.03622080254431215
pbmc10k_to_pbmc5k,totalvi,1,equal_width,9,0.6,0.6666666666666666,204,0.6334050297737122,0.5931372549019608,-0.04026777487175137
pbmc10k_to_pbmc5k,totalvi,1,equal_width,10,0.6666666666666666,0.7333333333333333,209,0.6986198425292969,0.6746411483253588,-0.023978694203938056
pbmc10k_to_pbmc5k,totalvi,1,equal_width,11,0.7333333333333333,0.8,251,0.769148588180542,0.7290836653386454,-0.040064922841896555
pbmc10k_to_pbmc5k,totalvi,1,equal_width,12,0.8,0.8666666666666667,311,0.8347461223602295,0.7909967845659164,-0.043749337794313115
pbmc10k_to_pbmc5k,totalvi,1,equal_width,13,0.8666666666666667,0.9333333333333333,433,0.9004750847816467,0.8660508083140878,-0.03442427646755897
pbmc10k_to_pbmc5k,totalvi,1,equal_width,14,0.9333333333333333,1.0,1513,0.9822559952735901,0.9735624586913417,-0.008693536582248362
pbmc10k_to_pbmc5k,totalvi,2,equal_frequency,0,0.22086162865161896,0.4820403516292572,225,0.40838727355003357,0.48444444444444446,0.07605717089441089
pbmc10k_to_pbmc5k,totalvi,2,equal_frequency,1,0.4820403516292572,0.5630411267280578,225,0.5243304967880249,0.49333333333333335,-0.030997163454691556
pbmc10k_to_pbmc5k,totalvi,2,equal_frequency,2,0.5630411267280578,0.6355031371116638,224,0.599481999874115,0.5758928571428571,-0.023589142731257895
pbmc10k_to_pbmc5k,totalvi,2,equal_frequency,3,0.6355031371116638,0.7004172444343567,225,0.6704339385032654,0.6755555555555556,0.005121617052290195
pbmc10k_to_pbmc5k,totalvi,2,equal_frequency,4,0.7004172444343567,0.7658113638559977,224,0.7319010496139526,0.7455357142857143,0.013634664671761665
pbmc10k_to_pbmc5k,totalvi,2,equal_frequency,5,0.7658113638559977,0.8260428428649902,225,0.797156572341919,0.7688888888888888,-0.0282676834530301
pbmc10k_to_pbmc5k,totalvi,2,equal_frequency,6,0.8260428428649902,0.8769916772842408,224,0.8514894843101501,0.8258928571428571,-0.02559662716729305
pbmc10k_to_pbmc5k,totalvi,2,equal_frequency,7,0.8769916772842408,0.9196699341138204,225,0.8975602388381958,0.8488888888888889,-0.048671349949306886
pbmc10k_to_pbmc5k,totalvi,2,equal_frequency,8,0.9196699341138204,0.9577113151550293,224,0.9394716620445251,0.8928571428571429,-0.04661451918738224
pbmc10k_to_pbmc5k,totalvi,2,equal_frequency,9,0.9577113151550293,0.9801210363705953,225,0.9700832366943359,0.9733333333333334,0.003250096638997446
pbmc10k_to_pbmc5k,totalvi,2,equal_frequency,10,0.9801210363705953,0.9899469455083211,224,0.9854369759559631,0.9910714285714286,0.005634452615465468
pbmc10k_to_pbmc5k,totalvi,2,equal_frequency,11,0.9899469455083211,0.9959563374519348,225,0.9935820698738098,0.9911111111111112,-0.0024709587626986496
pbmc10k_to_pbmc5k,totalvi,2,equal_frequency,12,0.9959563374519348,0.9979154229164123,224,0.9970258474349976,1.0,0.0029741525650024414
pbmc10k_to_pbmc5k,totalvi,2,equal_frequency,13,0.9979154229164123,0.9989584525426228,225,0.9984773993492126,1.0,0.0015226006507873535
pbmc10k_to_pbmc5k,totalvi,2,equal_frequency,14,0.9989584525426228,0.9999871253967285,225,0.9994106888771057,1.0,0.0005893111228942871
pbmc10k_to_pbmc5k,totalvi,2,equal_width,3,0.2,0.26666666666666666,4,0.23233439028263092,0.5,0.2676656097173691
pbmc10k_to_pbmc5k,totalvi,2,equal_width,4,0.26666666666666666,0.3333333333333333,29,0.3078268766403198,0.4482758620689655,0.1404489854286457
pbmc10k_to_pbmc5k,totalvi,2,equal_width,5,0.3333333333333333,0.4,51,0.3694588541984558,0.49019607843137253,0.12073722423291672
pbmc10k_to_pbmc5k,totalvi,2,equal_width,6,0.4,0.4666666666666667,109,0.44010570645332336,0.48623853211009177,0.046132825656768406
pbmc10k_to_pbmc5k,totalvi,2,equal_width,7,0.4666666666666667,0.5333333333333333,171,0.5025066137313843,0.5146198830409356,0.012113269309551367
pbmc10k_to_pbmc5k,totalvi,2,equal_width,8,0.5333333333333333,0.6,202,0.5680076479911804,0.504950495049505,-0.06305715294167547
pbmc10k_to_pbmc5k,totalvi,2,equal_width,9,0.6,0.6666666666666666,201,0.6333501935005188,0.6417910447761194,0.00844085127560057
pbmc10k_to_pbmc5k,totalvi,2,equal_width,10,0.6666666666666666,0.7333333333333333,245,0.6989716291427612,0.6775510204081633,-0.021420608734597946
pbmc10k_to_pbmc5k,totalvi,2,equal_width,11,0.7333333333333333,0.8,235,0.7673811316490173,0.7829787234042553,0.015597591755238005
pbmc10k_to_pbmc5k,totalvi,2,equal_width,12,0.8,0.8666666666666667,279,0.8341054320335388,0.8207885304659498,-0.013316901567589023
pbmc10k_to_pbmc5k,totalvi,2,equal_width,13,0.8666666666666667,0.9333333333333333,342,0.9000096917152405,0.847953216374269,-0.052056475340971464
pbmc10k_to_pbmc5k,totalvi,2,equal_width,14,0.9333333333333333,1.0,1501,0.986079752445221,0.9820119920053297,-0.00406776043989121
pbmc10k_to_pbmc5k,totalvi,3,equal_frequency,0,0.25179481506347656,0.5029863754908244,225,0.4363424777984619,0.39555555555555555,-0.040786922242906365
pbmc10k_to_pbmc5k,totalvi,3,equal_frequency,1,0.5029863754908244,0.5908972303072612,225,0.5490754246711731,0.5155555555555555,-0.03351986911561755
pbmc10k_to_pbmc5k,totalvi,3,equal_frequency,2,0.5908972303072612,0.6643519163131714,224,0.6280520558357239,0.6160714285714286,-0.011980627264295274
pbmc10k_to_pbmc5k,totalvi,3,equal_frequency,3,0.6643519163131714,0.7253574887911479,225,0.6950401663780212,0.6711111111111111,-0.023929055266910138
pbmc10k_to_pbmc5k,totalvi,3,equal_frequency,4,0.7253574887911479,0.7914084196090698,224,0.7582950592041016,0.65625,-0.10204505920410156
pbmc10k_to_pbmc5k,totalvi,3,equal_frequency,5,0.7914084196090698,0.8505862355232239,225,0.8213898539543152,0.7688888888888888,-0.05250096506542634
pbmc10k_to_pbmc5k,totalvi,3,equal_frequency,6,0.8505862355232239,0.8931552131970724,224,0.8729322552680969,0.8392857142857143,-0.03364654098238262
pbmc10k_to_pbmc5k,totalvi,3,equal_frequency,7,0.8931552131970724,0.9258176763852437,225,0.9095678925514221,0.8888888888888888,-0.02067900366253328
pbmc10k_to_pbmc5k,totalvi,3,equal_frequency,8,0.9258176763852437,0.9530073642730713,224,0.9401026964187622,0.9330357142857143,-0.0070669821330479055
pbmc10k_to_pbmc5k,totalvi,3,equal_frequency,9,0.9530073642730713,0.9745351870854696,225,0.964975118637085,0.96,-0.0049751186370849965
pbmc10k_to_pbmc5k,totalvi,3,equal_frequency,10,0.9745351870854696,0.9871562957763672,224,0.9813750982284546,1.0,0.01862490177154541
pbmc10k_to_pbmc5k,totalvi,3,equal_frequency,11,0.9871562957763672,0.9933056831359863,225,0.9906041026115417,0.9911111111111112,0.0005070084995694168
pbmc10k_to_pbmc5k,totalvi,3,equal_frequency,12,0.9933056831359863,0.9964850982030232,224,0.9950934052467346,0.9955357142857143,0.00044230903897968243
pbmc10k_to_pbmc5k,totalvi,3,equal_frequency,13,0.9964850982030232,0.9987272143363952,225,0.9976069927215576,1.0,0.002393007278442383
pbmc10k_to_pbmc5k,totalvi,3,equal_frequency,14,0.9987272143363952,0.9999972581863403,225,0.9995033740997314,0.9955555555555555,-0.003947818544175918
pbmc10k_to_pbmc5k,totalvi,3,equal_width,3,0.2,0.26666666666666666,1,0.25179481506347656,0.0,-0.25179481506347656
pbmc10k_to_pbmc5k,totalvi,3,equal_width,4,0.26666666666666666,0.3333333333333333,11,0.3154015839099884,0.36363636363636365,0.04823477972637524
pbmc10k_to_pbmc5k,totalvi,3,equal_width,5,0.3333333333333333,0.4,45,0.3706483244895935,0.3333333333333333,-0.03731499115626019
pbmc10k_to_pbmc5k,totalvi,3,equal_width,6,0.4,0.4666666666666667,83,0.4393211603164673,0.39759036144578314,-0.04173079887068415
pbmc10k_to_pbmc5k,totalvi,3,equal_width,7,0.4666666666666667,0.5333333333333333,156,0.5008642673492432,0.4807692307692308,-0.020095036580012382
pbmc10k_to_pbmc5k,totalvi,3,equal_width,8,0.5333333333333333,0.6,186,0.5687169432640076,0.5053763440860215,-0.06334059917798607
pbmc10k_to_pbmc5k,totalvi,3,equal_width,9,0.6,0.6666666666666666,199,0.6345796585083008,0.6331658291457286,-0.001413829362572172
pbmc10k_to_pbmc5k,totalvi,3,equal_width,10,0.6666666666666666,0.7333333333333333,250,0.7002484202384949,0.664,-0.03624842023849484
pbmc10k_to_pbmc5k,totalvi,3,equal_width,11,0.7333333333333333,0.8,221,0.7672472596168518,0.669683257918552,-0.09756400169829982
pbmc10k_to_pbmc5k,totalvi,3,equal_width,12,0.8,0.8666666666666667,279,0.8353281617164612,0.7992831541218638,-0.03604500759459739
pbmc10k_to_pbmc5k,totalvi,3,equal_width,13,0.8666666666666667,0.9333333333333333,416,0.9023916721343994,0.8798076923076923,-0.022583979826707123
pbmc10k_to_pbmc5k,totalvi,3,equal_width,14,0.9333333333333333,1.0,1522,0.9830338358879089,0.9829172141918529,-0.00011662169605608508
pbmc10k_to_pbmc5k,totalvi,4,equal_frequency,0,0.2052253782749176,0.47561713457107546,225,0.3963511288166046,0.38222222222222224,-0.014128906594382373
pbmc10k_to_pbmc5k,totalvi,4,equal_frequency,1,0.47561713457107546,0.5454254190127055,225,0.5122475028038025,0.52,0.0077524971961975275
pbmc10k_to_pbmc5k,totalvi,4,equal_frequency,2,0.5454254190127055,0.6160552859306335,224,0.582323431968689,0.5669642857142857,-0.015359146254403266
pbmc10k_to_pbmc5k,totalvi,4,equal_frequency,3,0.6160552859306335,0.6835051059722901,225,0.6507012844085693,0.6222222222222222,-0.028479062186347104
pbmc10k_to_pbmc5k,totalvi,4,equal_frequency,4,0.6835051059722901,0.7547222773234049,224,0.71905118227005,0.6875,-0.03155118227005005
pbmc10k_to_pbmc5k,totalvi,4,equal_frequency,5,0.7547222773234049,0.8130313277244567,225,0.7842413783073425,0.7466666666666667,-0.03757471164067583
pbmc10k_to_pbmc5k,totalvi,4,equal_frequency,6,0.8130313277244567,0.8612932284673055,224,0.8372591733932495,0.7991071428571429,-0.03815203053610661
pbmc10k_to_pbmc5k,totalvi,4,equal_frequency,7,0.8612932284673055,0.9084742387135823,225,0.884139358997345,0.8755555555555555,-0.00858380344178944
pbmc10k_to_pbmc5k,totalvi,4,equal_frequency,8,0.9084742387135823,0.9508559465408325,224,0.9304938912391663,0.90625,-0.02424389123916626
pbmc10k_to_pbmc5k,totalvi,4,equal_frequency,9,0.9508559465408325,0.9787935217221577,225,0.9672737717628479,0.9644444444444444,-0.002829327318403463
pbmc10k_to_pbmc5k,totalvi,4,equal_frequency,10,0.9787935217221577,0.9902733524640401,224,0.9854459762573242,0.9866071428571429,0.001161166599818686
pbmc10k_to_pbmc5k,totalvi,4,equal_frequency,11,0.9902733524640401,0.9949728131294251,225,0.9928781390190125,1.0,0.007121860980987549
pbmc10k_to_pbmc5k,totalvi,4,equal_frequency,12,0.9949728131294251,0.9969968716303508,224,0.9960498809814453,0.9955357142857143,-0.0005141666957310109
pbmc10k_to_pbmc5k,totalvi,4,equal_frequency,13,0.9969968716303508,0.998417075475057,225,0.9977608323097229,0.9955555555555555,-0.0022052767541673735
pbmc10k_to_pbmc5k,totalvi,4,equal_frequency,14,0.998417075475057,0.9999960660934448,225,0.9992233514785767,1.0,0.0007766485214233398
pbmc10k_to_pbmc5k,totalvi,4,equal_width,3,0.2,0.26666666666666666,5,0.2458488643169403,0.0,-0.2458488643169403
pbmc10k_to_pbmc5k,totalvi,4,equal_width,4,0.26666666666666666,0.3333333333333333,35,0.29896649718284607,0.42857142857142855,0.12960493138858248
pbmc10k_to_pbmc5k,totalvi,4,equal_width,5,0.3333333333333333,0.4,60,0.36777812242507935,0.31666666666666665,-0.051111455758412694
pbmc10k_to_pbmc5k,totalvi,4,equal_width,6,0.4,0.4666666666666667,103,0.43726685643196106,0.39805825242718446,-0.039208604004776604
pbmc10k_to_pbmc5k,totalvi,4,equal_width,7,0.4666666666666667,0.5333333333333333,206,0.5024341940879822,0.5,-0.0024341940879821777
pbmc10k_to_pbmc5k,totalvi,4,equal_width,8,0.5333333333333333,0.6,204,0.5659801363945007,0.5392156862745098,-0.026764450119990957
pbmc10k_to_pbmc5k,totalvi,4,equal_width,9,0.6,0.6666666666666666,229,0.6331652402877808,0.6026200873362445,-0.03054515295153626
pbmc10k_to_pbmc5k,totalvi,4,equal_width,10,0.6666666666666666,0.7333333333333333,210,0.6988654732704163,0.7142857142857143,0.015420241015298042
pbmc10k_to_pbmc5k,totalvi,4,equal_width,11,0.7333333333333333,0.8,251,0.76898193359375,0.7370517928286853,-0.03193014076506473
pbmc10k_to_pbmc5k,totalvi,4,equal_width,12,0.8,0.8666666666666667,302,0.8354809284210205,0.7847682119205298,-0.050712716500490695
pbmc10k_to_pbmc5k,totalvi,4,equal_width,13,0.8666666666666667,0.9333333333333333,310,0.9000036716461182,0.896774193548387,-0.003229478097731109
pbmc10k_to_pbmc5k,totalvi,4,equal_width,14,0.9333333333333333,1.0,1454,0.9862973093986511,0.9834938101788171,-0.002803499219834027
pbmc5k_to_pbmc10k,scvi_matched,0,equal_frequency,0,0.22892647981643677,0.43726946314175924,398,0.36565709114074707,0.2964824120603015,-0.06917467908044556
pbmc5k_to_pbmc10k,scvi_matched,0,equal_frequency,1,0.43726946314175924,0.5163068095842998,398,0.47909340262413025,0.43467336683417085,-0.0444200357899594
pbmc5k_to_pbmc10k,scvi_matched,0,equal_frequency,2,0.5163068095842998,0.5778949379920959,397,0.5458239316940308,0.5062972292191436,-0.03952670247488721
pbmc5k_to_pbmc10k,scvi_matched,0,equal_frequency,3,0.5778949379920959,0.6449666182200113,398,0.6127737760543823,0.6055276381909548,-0.0072461378634275375
pbmc5k_to_pbmc10k,scvi_matched,0,equal_frequency,4,0.6449666182200113,0.7100961208343506,397,0.6765814423561096,0.6448362720403022,-0.03174517031580737
pbmc5k_to_pbmc10k,scvi_matched,0,equal_frequency,5,0.7100961208343506,0.7724520683288576,398,0.7415748238563538,0.7336683417085427,-0.00790648214781109
pbmc5k_to_pbmc10k,scvi_matched,0,equal_frequency,6,0.7724520683288576,0.8370524088541668,397,0.804531455039978,0.8085642317380353,0.004032776698057239
pbmc5k_to_pbmc10k,scvi_matched,0,equal_frequency,7,0.8370524088541668,0.8917967160542806,398,0.8659198880195618,0.8341708542713567,-0.031749033748205036
pbmc5k_to_pbmc10k,scvi_matched,0,equal_frequency,8,0.8917967160542806,0.9330059647560119,397,0.9138075709342957,0.9269521410579346,0.013144570123638899
pbmc5k_to_pbmc10k,scvi_matched,0,equal_frequency,9,0.9330059647560119,0.961159865061442,398,0.9478003978729248,0.9547738693467337,0.00697347147380889
pbmc5k_to_pbmc10k,scvi_matched,0,equal_frequency,10,0.961159865061442,0.9769962191581726,397,0.9695989489555359,0.9848866498740554,0.015287700918519498
pbmc5k_to_pbmc10k,scvi_matched,0,equal_frequency,11,0.9769962191581726,0.9865814924240113,398,0.98200523853302,0.9899497487437185,0.00794451021069853
pbmc5k_to_pbmc10k,scvi_matched,0,equal_frequency,12,0.9865814924240113,0.9924032171567281,397,0.9896045923233032,0.9974811083123426,0.007876515989039379
pbmc5k_to_pbmc10k,scvi_matched,0,equal_frequency,13,0.9924032171567281,0.9964921752611796,398,0.9946295022964478,1.0,0.005370497703552246
pbmc5k_to_pbmc10k,scvi_matched,0,equal_frequency,14,0.9964921752611796,0.9999948740005493,398,0.9982460737228394,1.0,0.0017539262771606445
pbmc5k_to_pbmc10k,scvi_matched,0,equal_width,3,0.2,0.26666666666666666,15,0.25425463914871216,0.0,-0.25425463914871216
pbmc5k_to_pbmc10k,scvi_matched,0,equal_width,4,0.26666666666666666,0.3333333333333333,93,0.3046608865261078,0.21505376344086022,-0.08960712308524757
pbmc5k_to_pbmc10k,scvi_matched,0,equal_width,5,0.3333333333333333,0.4,166,0.37001001834869385,0.2891566265060241,-0.08085339184266976
pbmc5k_to_pbmc10k,scvi_matched,0,equal_width,6,0.4,0.4666666666666667,261,0.43655627965927124,0.38697318007662834,-0.0495830995826429
pbmc5k_to_pbmc10k,scvi_matched,0,equal_width,7,0.4666666666666667,0.5333333333333333,380,0.5027093291282654,0.48157894736842105,-0.02113038175984433
pbmc5k_to_pbmc10k,scvi_matched,0,equal_width,8,0.5333333333333333,0.6,402,0.5658818483352661,0.5422885572139303,-0.02359329112133579
pbmc5k_to_pbmc10k,scvi_matched,0,equal_width,9,0.6,0.6666666666666666,415,0.6341121792793274,0.6168674698795181,-0.017244709399809266
pbmc5k_to_pbmc10k,scvi_matched,0,equal_width,10,0.6666666666666666,0.7333333333333333,401,0.7002712488174438,0.6633416458852868,-0.03692960293215708
pbmc5k_to_pbmc10k,scvi_matched,0,equal_width,11,0.7333333333333333,0.8,432,0.7668802738189697,0.7685185185185185,0.0016382446995487632
pbmc5k_to_pbmc10k,scvi_matched,0,equal_width,12,0.8,0.8666666666666667,423,0.8357183337211609,0.8132387706855791,-0.02247956303558174
pbmc5k_to_pbmc10k,scvi_matched,0,equal_width,13,0.8666666666666667,0.9333333333333333,596,0.9029558300971985,0.9060402684563759,0.003084438359177377
pbmc5k_to_pbmc10k,scvi_matched,0,equal_width,14,0.9333333333333333,1.0,2380,0.9804335832595825,0.9878151260504202,0.007381542790837692
pbmc5k_to_pbmc10k,scvi_matched,1,equal_frequency,0,0.20130391418933868,0.4424935837586721,398,0.3808863162994385,0.3241206030150754,-0.056765713284363084
pbmc5k_to_pbmc10k,scvi_matched,1,equal_frequency,1,0.4424935837586721,0.5200835386912028,398,0.4826333224773407,0.38190954773869346,-0.10072377473864724
pbmc5k_to_pbmc10k,scvi_matched,1,equal_frequency,2,0.5200835386912028,0.5824809670448303,397,0.5509493947029114,0.5062972292191436,-0.044652165483767825
pbmc5k_to_pbmc10k,scvi_matched,1,equal_frequency,3,0.5824809670448303,0.6480891346931458,398,0.615912139415741,0.5,-0.11591213941574097
pbmc5k_to_pbmc10k,scvi_matched,1,equal_frequency,4,0.6480891346931458,0.7175584236780802,397,0.6819086074829102,0.6045340050377834,-0.07737460244512673
pbmc5k_to_pbmc10k,scvi_matched,1,equal_frequency,5,0.7175584236780802,0.7761694550514222,398,0.7462987899780273,0.635678391959799,-0.11062039801822832
pbmc5k_to_pbmc10k,scvi_matched,1,equal_frequency,6,0.7761694550514222,0.8320837100346883,397,0.8048045039176941,0.7128463476070529,-0.09195815631064119
pbmc5k_to_pbmc10k,scvi_matched,1,equal_frequency,7,0.8320837100346883,0.8844416618347168,398,0.8584151268005371,0.7814070351758794,-0.07700809162465772
pbmc5k_to_pbmc10k,scvi_matched,1,equal_frequency,8,0.8844416618347168,0.9267307519912719,397,0.906004786491394,0.8866498740554156,-0.019354912435978422
pbmc5k_to_pbmc10k,scvi_matched,1,equal_frequency,9,0.9267307519912719,0.9565602342287699,398,0.9422128200531006,0.9597989949748744,0.017586174921773834
pbmc5k_to_pbmc10k,scvi_matched,1,equal_frequency,10,0.9565602342287699,0.9752451221148173,397,0.9668950438499451,0.9798488664987406,0.012953822648795521
pbmc5k_to_pbmc10k,scvi_matched,1,equal_frequency,11,0.9752451221148173,0.985824453830719,398,0.981144905090332,0.992462311557789,0.011317406467456936
pbmc5k_to_pbmc10k,scvi_matched,1,equal_frequency,12,0.985824453830719,0.9920784831047058,398,0.9893421530723572,0.992462311557789,0.00312015848543179
pbmc5k_to_pbmc10k,scvi_matched,1,equal_frequency,13,0.9920784831047058,0.9959759950637818,397,0.9941607117652893,0.9924433249370277,-0.0017173868282616134
pbmc5k_to_pbmc10k,scvi_matched,1,equal_frequency,14,0.9959759950637818,0.9999964237213135,398,0.9979820847511292,1.0,0.0020179152488708496
pbmc5k_to_pbmc10k,scvi_matched,1,equal_width,3,0.2,0.26666666666666666,8,0.23738446831703186,0.125,-0.11238446831703186
pbmc5k_to_pbmc10k,scvi_matched,1,equal_width,4,0.26666666666666666,0.3333333333333333,57,0.3050365746021271,0.24561403508771928,-0.05942253951440779
pbmc5k_to_pbmc10k,scvi_matched,1,equal_width,5,0.3333333333333333,0.4,157,0.3687435984611511,0.28662420382165604,-0.08211939463949508
pbmc5k_to_pbmc10k,scvi_matched,1,equal_width,6,0.4,0.4666666666666667,296,0.43599700927734375,0.36824324324324326,-0.0677537660341005
pbmc5k_to_pbmc10k,scvi_matched,1,equal_width,7,0.4666666666666667,0.5333333333333333,365,0.5020973682403564,0.43561643835616437,-0.06648092988419207
pbmc5k_to_pbmc10k,scvi_matched,1,equal_width,8,0.5333333333333333,0.6,409,0.5659448504447937,0.5012224938875306,-0.0647223565572631
pbmc5k_to_pbmc10k,scvi_matched,1,equal_width,9,0.6,0.6666666666666666,410,0.6331039667129517,0.5097560975609756,-0.12334786915197604
pbmc5k_to_pbmc10k,scvi_matched,1,equal_width,10,0.6666666666666666,0.7333333333333333,399,0.7010104656219482,0.6265664160401002,-0.07444404958184803
pbmc5k_to_pbmc10k,scvi_matched,1,equal_width,11,0.7333333333333333,0.8,451,0.7668439149856567,0.6541019955654102,-0.11274191942024658
pbmc5k_to_pbmc10k,scvi_matched,1,equal_width,12,0.8,0.8666666666666667,491,0.8342381715774536,0.7474541751527495,-0.08678399642470414
pbmc5k_to_pbmc10k,scvi_matched,1,equal_width,13,0.8666666666666667,0.9333333333333333,611,0.9019723534584045,0.8772504091653028,-0.024721944293101705
pbmc5k_to_pbmc10k,scvi_matched,1,equal_width,14,0.9333333333333333,1.0,2310,0.9802194237709045,0.9883116883116884,0.008092264540783822
pbmc5k_to_pbmc10k,scvi_matched,2,equal_frequency,0,0.2509235143661499,0.4615252614021301,398,0.39994388818740845,0.30402010050251255,-0.0959237876848959
pbmc5k_to_pbmc10k,scvi_matched,2,equal_frequency,1,0.4615252614021301,0.5285256425539653,398,0.49713897705078125,0.4798994974874372,-0.01723947956334404
pbmc5k_to_pbmc10k,scvi_matched,2,equal_frequency,2,0.5285256425539653,0.5899535417556763,397,0.5587137341499329,0.5062972292191436,-0.05241650493078931
pbmc5k_to_pbmc10k,scvi_matched,2,equal_frequency,3,0.5899535417556763,0.6454750974973043,398,0.618253767490387,0.5577889447236181,-0.0604648227667689
pbmc5k_to_pbmc10k,scvi_matched,2,equal_frequency,4,0.6454750974973043,0.7070889472961426,397,0.6752992868423462,0.6372795969773299,-0.03801968986501625
pbmc5k_to_pbmc10k,scvi_matched,2,equal_frequency,5,0.7070889472961426,0.7703014254570009,398,0.7375383377075195,0.7185929648241206,-0.018945372883398925
pbmc5k_to_pbmc10k,scvi_matched,2,equal_frequency,6,0.7703014254570009,0.8244582017262777,397,0.7976776957511902,0.8161209068010076,0.018443211049817387
pbmc5k_to_pbmc10k,scvi_matched,2,equal_frequency,7,0.8244582017262777,0.8765101869901021,398,0.8522777557373047,0.8618090452261307,0.009531289488825978
pbmc5k_to_pbmc10k,scvi_matched,2,equal_frequency,8,0.8765101869901021,0.9161083459854126,397,0.8976368308067322,0.9017632241813602,0.004126393374628057
pbmc5k_to_pbmc10k,scvi_matched,2,equal_frequency,9,0.9161083459854126,0.9477280179659525,398,0.9332420825958252,0.9422110552763819,0.008968972680556742
pbmc5k_to_pbmc10k,scvi_matched,2,equal_frequency,10,0.9477280179659525,0.9671300848325094,397,0.9578539729118347,0.9697732997481109,0.011919326836276167
pbmc5k_to_pbmc10k,scvi_matched,2,equal_frequency,11,0.9671300848325094,0.9809808135032654,398,0.9748463034629822,0.992462311557789,0.01761600809480679
pbmc5k_to_pbmc10k,scvi_matched,2,equal_frequency,12,0.9809808135032654,0.9895050644874572,397,0.9855379462242126,0.9924433249370277,0.006905378712815047
pbmc5k_to_pbmc10k,scvi_matched,2,equal_frequency,13,0.9895050644874572,0.9961811184883118,398,0.9931769967079163,0.9974874371859297,0.004310440478013433
pbmc5k_to_pbmc10k,scvi_matched,2,equal_frequency,14,0.9961811184883118,0.9999960660934448,398,0.9983074069023132,1.0,0.0016925930976867676
pbmc5k_to_pbmc10k,scvi_matched,2,equal_width,3,0.2,0.26666666666666666,5,0.2565721869468689,0.0,-0.2565721869468689
pbmc5k_to_pbmc10k,scvi_matched,2,equal_width,4,0.26666666666666666,0.3333333333333333,35,0.31260257959365845,0.2,-0.11260257959365844
pbmc5k_to_pbmc10k,scvi_matched,2,equal_width,5,0.3333333333333333,0.4,132,0.37327325344085693,0.2727272727272727,-0.10054598071358423
pbmc5k_to_pbmc10k,scvi_matched,2,equal_width,6,0.4,0.4666666666666667,254,0.4357377886772156,0.37401574803149606,-0.06172204064571951
pbmc5k_to_pbmc10k,scvi_matched,2,equal_width,7,0.4666666666666667,0.5333333333333333,405,0.5023559331893921,0.47901234567901235,-0.023343587510379737
pbmc5k_to_pbmc10k,scvi_matched,2,equal_width,8,0.5333333333333333,0.6,431,0.5667822957038879,0.4988399071925754,-0.06794238851131251
pbmc5k_to_pbmc10k,scvi_matched,2,equal_width,9,0.6,0.6666666666666666,471,0.6329407095909119,0.5626326963906582,-0.0703080132002537
pbmc5k_to_pbmc10k,scvi_matched,2,equal_width,10,0.6666666666666666,0.7333333333333333,435,0.7004042267799377,0.6942528735632184,-0.006151353216719335
pbmc5k_to_pbmc10k,scvi_matched,2,equal_width,11,0.7333333333333333,0.8,437,0.7686985731124878,0.7665903890160183,-0.002108184096469512
pbmc5k_to_pbmc10k,scvi_matched,2,equal_width,12,0.8,0.8666666666666667,482,0.8338397741317749,0.8381742738589212,0.004334499727146279
pbmc5k_to_pbmc10k,scvi_matched,2,equal_width,13,0.8666666666666667,0.9333333333333333,685,0.9017531871795654,0.9138686131386862,0.01211542595912074
pbmc5k_to_pbmc10k,scvi_matched,2,equal_width,14,0.9333333333333333,1.0,2192,0.9781549572944641,0.9872262773722628,0.00907132007779865
pbmc5k_to_pbmc10k,scvi_matched,3,equal_frequency,0,0.24325525760650635,0.4343655546506246,398,0.37393391132354736,0.22110552763819097,-0.1528283836853564
pbmc5k_to_pbmc10k,scvi_matched,3,equal_frequency,1,0.4343655546506246,0.5128873070081075,398,0.4780677258968353,0.3768844221105528,-0.10118330378628254
pbmc5k_to_pbmc10k,scvi_matched,3,equal_frequency,2,0.5128873070081075,0.5811060190200806,397,0.5461771488189697,0.4508816120906801,-0.09529553672828961
pbmc5k_to_pbmc10k,scvi_matched,3,equal_frequency,3,0.5811060190200806,0.6451573530832926,398,0.6143977642059326,0.542713567839196,-0.07168419636673662
pbmc5k_to_pbmc10k,scvi_matched,3,equal_frequency,4,0.6451573530832926,0.7220196326573689,397,0.6822050213813782,0.6120906801007556,-0.07011434128062255
pbmc5k_to_pbmc10k,scvi_matched,3,equal_frequency,5,0.7220196326573689,0.7825971722602845,398,0.7525950074195862,0.678391959798995,-0.07420304762059116
pbmc5k_to_pbmc10k,scvi_matched,3,equal_frequency,6,0.7825971722602845,0.841113801797231,397,0.8120602965354919,0.7884130982367759,-0.023647198298716088
pbmc5k_to_pbmc10k,scvi_matched,3,equal_frequency,7,0.841113801797231,0.889036484559377,398,0.8653947710990906,0.8241206030150754,-0.041274168084015184
pbmc5k_to_pbmc10k,scvi_matched,3,equal_frequency,8,0.889036484559377,0.9254709959030151,397,0.9081734418869019,0.9143576826196473,0.006184240732745483
pbmc5k_to_pbmc10k,scvi_matched,3,equal_frequency,9,0.9254709959030151,0.9554255604743958,398,0.9410732984542847,0.9698492462311558,0.02877594777687109
pbmc5k_to_pbmc10k,scvi_matched,3,equal_frequency,10,0.9554255604743958,0.9756904760996501,397,0.9667655825614929,0.9798488664987406,0.01308328393724767
pbmc5k_to_pbmc10k,scvi_matched,3,equal_frequency,11,0.9756904760996501,0.9872483968734741,398,0.9821059107780457,0.9824120603015075,0.00030614952346186275
pbmc5k_to_pbmc10k,scvi_matched,3,equal_frequency,12,0.9872483968734741,0.9933310667673747,397,0.9905807375907898,0.9924433249370277,0.0018625873462378983
pbmc5k_to_pbmc10k,scvi_matched,3,equal_frequency,13,0.9933310667673747,0.9971553802490234,398,0.9953144788742065,0.9974874371859297,0.00217295831172315
pbmc5k_to_pbmc10k,scvi_matched,3,equal_frequency,14,0.9971553802490234,0.9999736547470093,398,0.9985038042068481,1.0,0.0014961957931518555
pbmc5k_to_pbmc10k,scvi_matched,3,equal_width,3,0.2,0.26666666666666666,5,0.250945508480072,0.2,-0.05094550848007201
pbmc5k_to_pbmc10k,scvi_matched,3,equal_width,4,0.26666666666666666,0.3333333333333333,76,0.3045685887336731,0.07894736842105263,-0.22562122031262047
pbmc5k_to_pbmc10k,scvi_matched,3,equal_width,5,0.3333333333333333,0.4,175,0.371428906917572,0.21714285714285714,-0.15428604977471488
pbmc5k_to_pbmc10k,scvi_matched,3,equal_width,6,0.4,0.4666666666666667,275,0.4342080354690552,0.3018181818181818,-0.13238985365087336
pbmc5k_to_pbmc10k,scvi_matched,3,equal_width,7,0.4666666666666667,0.5333333333333333,386,0.5011969208717346,0.4119170984455959,-0.08927982242613874
pbmc5k_to_pbmc10k,scvi_matched,3,equal_width,8,0.5333333333333333,0.6,387,0.5664187669754028,0.4780361757105943,-0.08838259126480852
pbmc5k_to_pbmc10k,scvi_matched,3,equal_width,9,0.6,0.6666666666666666,406,0.6330256462097168,0.5862068965517241,-0.04681874965799271
pbmc5k_to_pbmc10k,scvi_matched,3,equal_width,10,0.6666666666666666,0.7333333333333333,346,0.7003024816513062,0.5982658959537572,-0.10203658569754892
pbmc5k_to_pbmc10k,scvi_matched,3,equal_width,11,0.7333333333333333,0.8,451,0.766716480255127,0.6962305986696231,-0.07048588158550384
pbmc5k_to_pbmc10k,scvi_matched,3,equal_width,12,0.8,0.8666666666666667,495,0.8359279036521912,0.802020202020202,-0.033907701631989196
pbmc5k_to_pbmc10k,scvi_matched,3,equal_width,13,0.8666666666666667,0.9333333333333333,665,0.9030819535255432,0.9142857142857143,0.011203760760171044
pbmc5k_to_pbmc10k,scvi_matched,3,equal_width,14,0.9333333333333333,1.0,2297,0.9809784889221191,0.9878101872006966,0.006831698278577436
pbmc5k_to_pbmc10k,scvi_matched,4,equal_frequency,0,0.2099812626838684,0.44267432689666747,398,0.38545772433280945,0.27638190954773867,-0.10907581478507078
pbmc5k_to_pbmc10k,scvi_matched,4,equal_frequency,1,0.44267432689666747,0.5148200790087382,398,0.481298565864563,0.43467336683417085,-0.04662519903039214
pbmc5k_to_pbmc10k,scvi_matched,4,equal_frequency,2,0.5148200790087382,0.5813471913337708,397,0.5472415685653687,0.5163727959697733,-0.030868772595595395
pbmc5k_to_pbmc10k,scvi_matched,4,equal_frequency,3,0.5813471913337708,0.6439127524693807,398,0.6151428818702698,0.507537688442211,-0.10760519342805874
pbmc5k_to_pbmc10k,scvi_matched,4,equal_frequency,4,0.6439127524693807,0.7040888468424479,397,0.6756260991096497,0.5793450881612091,-0.09628101094844055
pbmc5k_to_pbmc10k,scvi_matched,4,equal_frequency,5,0.7040888468424479,0.7665168642997744,398,0.7348630428314209,0.6608040201005025,-0.07405902273091836
pbmc5k_to_pbmc10k,scvi_matched,4,equal_frequency,6,0.7665168642997744,0.8270260453224182,397,0.7965682744979858,0.7506297229219143,-0.04593855157607152
pbmc5k_to_pbmc10k,scvi_matched,4,equal_frequency,7,0.8270260453224182,0.8745887001355489,398,0.8516957759857178,0.8366834170854272,-0.015012358900290623
pbmc5k_to_pbmc10k,scvi_matched,4,equal_frequency,8,0.8745887001355489,0.911441695690155,397,0.8929421305656433,0.8765743073047859,-0.016367823260857395
pbmc5k_to_pbmc10k,scvi_matched,4,equal_frequency,9,0.911441695690155,0.9417909979820251,398,0.9272453188896179,0.9371859296482412,0.009940610758623292
pbmc5k_to_pbmc10k,scvi_matched,4,equal_frequency,10,0.9417909979820251,0.9656927108764648,397,0.9536679983139038,0.9546599496221663,0.000991951308262462
pbmc5k_to_pbmc10k,scvi_matched,4,equal_frequency,11,0.9656927108764648,0.9828407168388367,398,0.9745001792907715,0.964824120603015,-0.00967605868775645
pbmc5k_to_pbmc10k,scvi_matched,4,equal_frequency,12,0.9828407168388367,0.9932592550913493,397,0.9883880019187927,0.9899244332493703,0.00153643133057757
pbmc5k_to_pbmc10k,scvi_matched,4,equal_frequency,13,0.9932592550913493,0.9981000026067098,398,0.9960606098175049,0.9949748743718593,-0.001085735445645608
pbmc5k_to_pbmc10k,scvi_matched,4,equal_frequency,14,0.9981000026067098,0.999987006187439,398,0.9991096258163452,0.9974874371859297,-0.001622188630415522
pbmc5k_to_pbmc10k,scvi_matched,4,equal_width,3,0.2,0.26666666666666666,7,0.24143286049365997,0.2857142857142857,0.044281425220625725
pbmc5k_to_pbmc10k,scvi_matched,4,equal_width,4,0.26666666666666666,0.3333333333333333,48,0.3158475458621979,0.1875,-0.12834754586219788
pbmc5k_to_pbmc10k,scvi_matched,4,equal_width,5,0.3333333333333333,0.4,165,0.3723486363887787,0.2606060606060606,-0.11174257578271807
pbmc5k_to_pbmc10k,scvi_matched,4,equal_width,6,0.4,0.4666666666666667,289,0.43444719910621643,0.36678200692041524,-0.06766519218580119
pbmc5k_to_pbmc10k,scvi_matched,4,equal_width,7,0.4666666666666667,0.5333333333333333,393,0.5003032088279724,0.4631043256997455,-0.03719888312822689
pbmc5k_to_pbmc10k,scvi_matched,4,equal_width,8,0.5333333333333333,0.6,387,0.5644999146461487,0.5064599483204134,-0.05803996632573527
pbmc5k_to_pbmc10k,scvi_matched,4,equal_width,9,0.6,0.6666666666666666,437,0.6328138709068298,0.5308924485125858,-0.10192142239424407
pbmc5k_to_pbmc10k,scvi_matched,4,equal_width,10,0.6666666666666666,0.7333333333333333,454,0.7000468969345093,0.6079295154185022,-0.09211738151600712
pbmc5k_to_pbmc10k,scvi_matched,4,equal_width,11,0.7333333333333333,0.8,430,0.7676001787185669,0.6976744186046512,-0.06992576011391571
pbmc5k_to_pbmc10k,scvi_matched,4,equal_width,12,0.8,0.8666666666666667,496,0.8352420926094055,0.8024193548387096,-0.03282273777069589
pbmc5k_to_pbmc10k,scvi_matched,4,equal_width,13,0.8666666666666667,0.9333333333333333,745,0.9015992879867554,0.8993288590604027,-0.0022704289263526523
pbmc5k_to_pbmc10k,scvi_matched,4,equal_width,14,0.9333333333333333,1.0,2113,0.9796992540359497,0.979649787032655,-4.946700329466758e-05
pbmc5k_to_pbmc10k,totalvi,0,equal_frequency,0,0.18417969346046448,0.4429697871208191,398,0.3756084442138672,0.2864321608040201,-0.08917628340984707
pbmc5k_to_pbmc10k,totalvi,0,equal_frequency,1,0.4429697871208191,0.5161846041679382,398,0.4789790213108063,0.4221105527638191,-0.05686846854698718
pbmc5k_to_pbmc10k,totalvi,0,equal_frequency,2,0.5161846041679382,0.5858212232589721,397,0.5523208975791931,0.4836272040302267,-0.06869369354896643
pbmc5k_to_pbmc10k,totalvi,0,equal_frequency,3,0.5858212232589721,0.6540196577707926,398,0.6201038360595703,0.5477386934673367,-0.07236514259223359
pbmc5k_to_pbmc10k,totalvi,0,equal_frequency,4,0.6540196577707926,0.7228685617446899,397,0.6895297765731812,0.672544080604534,-0.016985695968647185
pbmc5k_to_pbmc10k,totalvi,0,equal_frequency,5,0.7228685617446899,0.7783939123153687,398,0.7503965497016907,0.7562814070351759,0.005884857333485205
pbmc5k_to_pbmc10k,totalvi,0,equal_frequency,6,0.7783939123153687,0.8276885867118835,397,0.8029794096946716,0.8790931989924433,0.07611378929777168
pbmc5k_to_pbmc10k,totalvi,0,equal_frequency,7,0.8276885867118835,0.8704118053118387,398,0.8502339720726013,0.8793969849246231,0.02916301285202183
pbmc5k_to_pbmc10k,totalvi,0,equal_frequency,8,0.8704118053118387,0.9046995401382446,397,0.888343870639801,0.9420654911838791,0.05372162054407803
pbmc5k_to_pbmc10k,totalvi,0,equal_frequency,9,0.9046995401382446,0.9339037537574768,398,0.919739842414856,0.9396984924623115,0.01995865004745556
pbmc5k_to_pbmc10k,totalvi,0,equal_frequency,10,0.9339037537574768,0.9557316501935323,397,0.9443223476409912,0.9848866498740554,0.040564302233064176
pbmc5k_to_pbmc10k,totalvi,0,equal_frequency,11,0.9557316501935323,0.9780317664146423,398,0.9673807621002197,0.9874371859296482,0.020056423829428516
pbmc5k_to_pbmc10k,totalvi,0,equal_frequency,12,0.9780317664146423,0.9911181569099426,397,0.9851645231246948,0.9874055415617129,0.002241018437018072
pbmc5k_to_pbmc10k,totalvi,0,equal_frequency,13,0.9911181569099426,0.9970043182373047,398,0.9944257140159607,1.0,0.005574285984039307
pbmc5k_to_pbmc10k,totalvi,0,equal_frequency,14,0.9970043182373047,0.9999955892562866,398,0.998574435710907,1.0,0.0014255642890930176
pbmc5k_to_pbmc10k,totalvi,0,equal_width,2,0.13333333333333333,0.2,4,0.19196423888206482,0.25,0.05803576111793518
pbmc5k_to_pbmc10k,totalvi,0,equal_width,3,0.2,0.26666666666666666,13,0.25289493799209595,0.23076923076923078,-0.022125707222865165
pbmc5k_to_pbmc10k,totalvi,0,equal_width,4,0.26666666666666666,0.3333333333333333,58,0.30776989459991455,0.20689655172413793,-0.10087334287577662
pbmc5k_to_pbmc10k,totalvi,0,equal_width,5,0.3333333333333333,0.4,158,0.3673953413963318,0.22151898734177214,-0.14587635405455965
pbmc5k_to_pbmc10k,totalvi,0,equal_width,6,0.4,0.4666666666666667,297,0.43641427159309387,0.39730639730639733,-0.03910787428669654
pbmc5k_to_pbmc10k,totalvi,0,equal_width,7,0.4666666666666667,0.5333333333333333,369,0.5003860592842102,0.4363143631436314,-0.06407169614057878
pbmc5k_to_pbmc10k,totalvi,0,equal_width,8,0.5333333333333333,0.6,371,0.5681739449501038,0.5013477088948787,-0.06682623605522509
pbmc5k_to_pbmc10k,totalvi,0,equal_width,9,0.6,0.6666666666666666,394,0.6330256462097168,0.5431472081218274,-0.08987843808788942
pbmc5k_to_pbmc10k,totalvi,0,equal_width,10,0.6666666666666666,0.7333333333333333,402,0.7024143934249878,0.6915422885572139,-0.010872104867773902
pbmc5k_to_pbmc10k,totalvi,0,equal_width,11,0.7333333333333333,0.8,489,0.7670389413833618,0.820040899795501,0.05300195841213917
pbmc5k_to_pbmc10k,totalvi,0,equal_width,12,0.8,0.8666666666666667,592,0.8350733518600464,0.8766891891891891,0.04161583732914276
pbmc5k_to_pbmc10k,totalvi,0,equal_width,13,0.8666666666666667,0.9333333333333333,817,0.9021636843681335,0.9388004895960832,0.036636805227949654
pbmc5k_to_pbmc10k,totalvi,0,equal_width,14,0.9333333333333333,1.0,2000,0.9777210354804993,0.992,0.014278964519500725
pbmc5k_to_pbmc10k,totalvi,1,equal_frequency,0,0.25866448879241943,0.4645971655845642,398,0.40445172786712646,0.36683417085427134,-0.03761755701285513
pbmc5k_to_pbmc10k,totalvi,1,equal_frequency,1,0.4645971655845642,0.5256206353505453,398,0.49708059430122375,0.4824120603015075,-0.014668533999716238
pbmc5k_to_pbmc10k,totalvi,1,equal_frequency,2,0.5256206353505453,0.5844376087188721,397,0.5539830923080444,0.4659949622166247,-0.08798813009141976
pbmc5k_to_pbmc10k,totalvi,1,equal_frequency,3,0.5844376087188721,0.6378304719924927,398,0.6106549501419067,0.5276381909547738,-0.08301675918713292
pbmc5k_to_pbmc10k,totalvi,1,equal_frequency,4,0.6378304719924927,0.6918341716130575,397,0.6674795746803284,0.5239294710327456,-0.1435501036475828
pbmc5k_to_pbmc10k,totalvi,1,equal_frequency,5,0.6918341716130575,0.7381853938102723,398,0.7139192223548889,0.592964824120603,-0.12095439823428589
pbmc5k_to_pbmc10k,totalvi,1,equal_frequency,6,0.7381853938102723,0.784954039255778,397,0.7608727216720581,0.6599496221662469,-0.10092309950581124
pbmc5k_to_pbmc10k,totalvi,1,equal_frequency,7,0.784954039255778,0.8263057033220926,398,0.805600106716156,0.6683417085427136,-0.13725839817344243
pbmc5k_to_pbmc10k,totalvi,1,equal_frequency,8,0.8263057033220926,0.8650299668312073,397,0.8457716703414917,0.7984886649874056,-0.04728300535408614
pbmc5k_to_pbmc10k,totalvi,1,equal_frequency,9,0.8650299668312073,0.9040999412536621,398,0.884302020072937,0.8869346733668342,0.002632653293897169
pbmc5k_to_pbmc10k,totalvi,1,equal_frequency,10,0.9040999412536621,0.937372616926829,397,0.9199098944664001,0.9219143576826196,0.0020044632162194986
pbmc5k_to_pbmc10k,totalvi,1,equal_frequency,11,0.937372616926829,0.9649353981018067,398,0.9520523548126221,0.9849246231155779,0.032872268302955865
pbmc5k_to_pbmc10k,totalvi,1,equal_frequency,12,0.9649353981018067,0.9836305260658265,397,0.9756203889846802,1.0,0.024379611015319824
pbmc5k_to_pbmc10k,totalvi,1,equal_frequency,13,0.9836305260658265,0.9940750439961752,398,0.9893006682395935,0.9974874371859297,0.008186768946336187
pbmc5k_to_pbmc10k,totalvi,1,equal_frequency,14,0.9940750439961752,0.9999358654022217,398,0.9970793724060059,1.0,0.0029206275939941406
pbmc5k_to_pbmc10k,totalvi,1,equal_width,3,0.2,0.26666666666666666,1,0.25866448879241943,0.0,-0.25866448879241943
pbmc5k_to_pbmc10k,totalvi,1,equal_width,4,0.26666666666666666,0.3333333333333333,28,0.3080391585826874,0.21428571428571427,-0.0937534442969731
pbmc5k_to_pbmc10k,totalvi,1,equal_width,5,0.3333333333333333,0.4,133,0.3702048063278198,0.2932330827067669,-0.07697172362105292
pbmc5k_to_pbmc10k,totalvi,1,equal_width,6,0.4,0.4666666666666667,244,0.4367832839488983,0.4262295081967213,-0.01055377575217703
pbmc5k_to_pbmc10k,totalvi,1,equal_width,7,0.4666666666666667,0.5333333333333333,437,0.5010865330696106,0.4668192219679634,-0.03426731110164721
pbmc5k_to_pbmc10k,totalvi,1,equal_width,8,0.5333333333333333,0.6,472,0.5660361647605896,0.4915254237288136,-0.07451074103177602
pbmc5k_to_pbmc10k,totalvi,1,equal_width,9,0.6,0.6666666666666666,457,0.6326407194137573,0.5317286652078774,-0.1009120542058799
pbmc5k_to_pbmc10k,totalvi,1,equal_width,10,0.6666666666666666,0.7333333333333333,572,0.6993922591209412,0.5664335664335665,-0.1329586926873747
pbmc5k_to_pbmc10k,totalvi,1,equal_width,11,0.7333333333333333,0.8,580,0.7666776776313782,0.6517241379310345,-0.11495353970034372
pbmc5k_to_pbmc10k,totalvi,1,equal_width,12,0.8,0.8666666666666667,674,0.833846390247345,0.7566765578635015,-0.07716983238384345
pbmc5k_to_pbmc10k,totalvi,1,equal_width,13,0.8666666666666667,0.9333333333333333,733,0.9011668562889099,0.903137789904502,0.0019709336155920854
pbmc5k_to_pbmc10k,totalvi,1,equal_width,14,0.9333333333333333,1.0,1633,0.9774045348167419,0.9938763012859767,0.01647176646923476
pbmc5k_to_pbmc10k,totalvi,2,equal_frequency,0,0.23292310535907745,0.42659717202186587,398,0.37417781352996826,0.36180904522613067,-0.012368768303837596
pbmc5k_to_pbmc10k,totalvi,2,equal_frequency,1,0.42659717202186587,0.48902565042177837,398,0.45979171991348267,0.5,0.040208280086517334
pbmc5k_to_pbmc10k,totalvi,2,equal_frequency,2,0.48902565042177837,0.5426525712013245,397,0.5153923630714417,0.5390428211586902,0.023650458087248527
pbmc5k_to_pbmc10k,totalvi,2,equal_frequency,3,0.5426525712013245,0.5939297358194987,398,0.567838728427887,0.635678391959799,0.06783966353191206
pbmc5k_to_pbmc10k,totalvi,2,equal_frequency,4,0.5939297358194987,0.6467848420143127,397,0.6220393180847168,0.6599496221662469,0.037910304081530066
pbmc5k_to_pbmc10k,totalvi,2,equal_frequency,5,0.6467848420143127,0.7002086162567139,398,0.6734859347343445,0.7839195979899497,0.11043366325560522
pbmc5k_to_pbmc10k,totalvi,2,equal_frequency,6,0.7002086162567139,0.7564515193303426,397,0.727372944355011,0.8387909319899244,0.1114179876349134
pbmc5k_to_pbmc10k,totalvi,2,equal_frequency,7,0.7564515193303426,0.8053137063980103,398,0.781374454498291,0.8592964824120602,0.07792202791376923
pbmc5k_to_pbmc10k,totalvi,2,equal_frequency,8,0.8053137063980103,0.85041184425354,397,0.8288646340370178,0.8866498740554156,0.0577852400183978
pbmc5k_to_pbmc10k,totalvi,2,equal_frequency,9,0.85041184425354,0.8925031820933024,398,0.8720283508300781,0.9371859296482412,0.06515757881816309
pbmc5k_to_pbmc10k,totalvi,2,equal_frequency,10,0.8925031820933024,0.9249211668968201,397,0.909203052520752,0.9571788413098237,0.047975788789071716
pbmc5k_to_pbmc10k,totalvi,2,equal_frequency,11,0.9249211668968201,0.9513475179672242,398,0.938715934753418,0.9798994974874372,0.04118356273401924
pbmc5k_to_pbmc10k,totalvi,2,equal_frequency,12,0.9513475179672242,0.9708508332570394,397,0.9617805480957031,0.9949622166246851,0.03318166852898197
pbmc5k_to_pbmc10k,totalvi,2,equal_frequency,13,0.9708508332570394,0.9867221355438233,398,0.9789345264434814,0.9974874371859297,0.018552910742448248
pbmc5k_to_pbmc10k,totalvi,2,equal_frequency,14,0.9867221355438233,0.9999943971633911,398,0.9944276809692383,1.0,0.005572319030761719
pbmc5k_to_pbmc10k,totalvi,2,equal_width,3,0.2,0.26666666666666666,6,0.24856579303741455,0.3333333333333333,0.08476754029591876
pbmc5k_to_pbmc10k,totalvi,2,equal_width,4,0.26666666666666666,0.3333333333333333,58,0.3097565174102783,0.25862068965517243,-0.05113582775510589
pbmc5k_to_pbmc10k,totalvi,2,equal_width,5,0.3333333333333333,0.4,205,0.3713490664958954,0.33658536585365856,-0.03476370064223683
pbmc5k_to_pbmc10k,totalvi,2,equal_width,6,0.4,0.4666666666666667,366,0.43546584248542786,0.4371584699453552,0.0016926274599273206
pbmc5k_to_pbmc10k,totalvi,2,equal_width,7,0.4666666666666667,0.5333333333333333,490,0.49992918968200684,0.5530612244897959,0.05313203480778905
pbmc5k_to_pbmc10k,totalvi,2,equal_width,8,0.5333333333333333,0.6,498,0.5656442642211914,0.6365461847389559,0.07090192051776445
pbmc5k_to_pbmc10k,totalvi,2,equal_width,9,0.6,0.6666666666666666,516,0.6337063312530518,0.6763565891472868,0.042650257894235044
pbmc5k_to_pbmc10k,totalvi,2,equal_width,10,0.6666666666666666,0.7333333333333333,492,0.7001037001609802,0.8252032520325203,0.1250995518715401
pbmc5k_to_pbmc10k,totalvi,2,equal_width,11,0.7333333333333333,0.8,505,0.7685198187828064,0.8514851485148515,0.08296532973204507
pbmc5k_to_pbmc10k,totalvi,2,equal_width,12,0.8,0.8666666666666667,588,0.8342355489730835,0.8945578231292517,0.0603222741561682
pbmc5k_to_pbmc10k,totalvi,2,equal_width,13,0.8666666666666667,0.9333333333333333,771,0.902753472328186,0.9571984435797666,0.05444497125158054
pbmc5k_to_pbmc10k,totalvi,2,equal_width,14,0.9333333333333333,1.0,1469,0.9717329740524292,0.9945541184479237,0.02282114439549454
pbmc5k_to_pbmc10k,totalvi,3,equal_frequency,0,0.2553810477256775,0.4759757936000824,398,0.4137783348560333,0.38190954773869346,-0.03186878711733987
pbmc5k_to_pbmc10k,totalvi,3,equal_frequency,1,0.4759757936000824,0.5481169899304708,398,0.5123816132545471,0.5,-0.01238161325454712
pbmc5k_to_pbmc10k,totalvi,3,equal_frequency,2,0.5481169899304708,0.6174430847167969,397,0.5826631784439087,0.5440806045340051,-0.038582573909903606
pbmc5k_to_pbmc10k,totalvi,3,equal_frequency,3,0.6174430847167969,0.6857983469963074,398,0.6505774259567261,0.6180904522613065,-0.03248697369541953
pbmc5k_to_pbmc10k,totalvi,3,equal_frequency,4,0.6857983469963074,0.7458423574765524,397,0.7154585719108582,0.7380352644836272,0.022576692572769064
pbmc5k_to_pbmc10k,totalvi,3,equal_frequency,5,0.7458423574765524,0.7994227170944214,398,0.7733454704284668,0.8165829145728644,0.04323744414439756
pbmc5k_to_pbmc10k,totalvi,3,equal_frequency,6,0.7994227170944214,0.8459177454312643,397,0.8239532113075256,0.8690176322418136,0.045064420934287974
pbmc5k_to_pbmc10k,totalvi,3,equal_frequency,7,0.8459177454312643,0.8912162582079568,398,0.8692858815193176,0.9195979899497487,0.0503121084304311
pbmc5k_to_pbmc10k,totalvi,3,equal_frequency,8,0.8912162582079568,0.9247377753257752,397,0.9082278609275818,0.9571788413098237,0.04895098038224188
pbmc5k_to_pbmc10k,totalvi,3,equal_frequency,9,0.9247377753257752,0.9525632659594218,398,0.9396063089370728,0.9723618090452262,0.032755500108153424
pbmc5k_to_pbmc10k,totalvi,3,equal_frequency,10,0.9525632659594218,0.9733436346054077,397,0.9639743566513062,0.9848866498740554,0.020912293222749234
pbmc5k_to_pbmc10k,totalvi,3,equal_frequency,11,0.9733436346054077,0.984900152683258,398,0.979728639125824,0.9949748743718593,0.0152462352460353
pbmc5k_to_pbmc10k,totalvi,3,equal_frequency,12,0.984900152683258,0.9915219148000082,397,0.9884256720542908,1.0,0.011574327945709229
pbmc5k_to_pbmc10k,totalvi,3,equal_frequency,13,0.9915219148000082,0.99589554866155,398,0.9939854145050049,1.0,0.006014585494995117
pbmc5k_to_pbmc10k,totalvi,3,equal_frequency,14,0.99589554866155,0.9999788999557495,398,0.9980112910270691,1.0,0.001988708972930908
pbmc5k_to_pbmc10k,totalvi,3,equal_width,3,0.2,0.26666666666666666,1,0.2553810477256775,0.0,-0.2553810477256775
pbmc5k_to_pbmc10k,totalvi,3,equal_width,4,0.26666666666666666,0.3333333333333333,36,0.30582940578460693,0.19444444444444445,-0.11138496134016249
pbmc5k_to_pbmc10k,totalvi,3,equal_width,5,0.3333333333333333,0.4,89,0.3716484308242798,0.3707865168539326,-0.0008619139703471834
pbmc5k_to_pbmc10k,totalvi,3,equal_width,6,0.4,0.4666666666666667,226,0.43654683232307434,0.40707964601769914,-0.029467186305375204
pbmc5k_to_pbmc10k,totalvi,3,equal_width,7,0.4666666666666667,0.5333333333333333,350,0.4995013475418091,0.4857142857142857,-0.013787061827523373
pbmc5k_to_pbmc10k,totalvi,3,equal_width,8,0.5333333333333333,0.6,391,0.5656976103782654,0.5319693094629157,-0.03372830091534973
pbmc5k_to_pbmc10k,totalvi,3,equal_width,9,0.6,0.6666666666666666,395,0.6334874629974365,0.6025316455696202,-0.03095581742781628
pbmc5k_to_pbmc10k,totalvi,3,equal_width,10,0.6666666666666666,0.7333333333333333,428,0.7018776535987854,0.7289719626168224,0.027094309018037
pbmc5k_to_pbmc10k,totalvi,3,equal_width,11,0.7333333333333333,0.8,475,0.7685052156448364,0.791578947368421,0.023073731723584623
pbmc5k_to_pbmc10k,totalvi,3,equal_width,12,0.8,0.8666666666666667,559,0.8337772488594055,0.8747763864042933,0.04099913754488782
pbmc5k_to_pbmc10k,totalvi,3,equal_width,13,0.8666666666666667,0.9333333333333333,732,0.9018924832344055,0.953551912568306,0.05165942933390044
pbmc5k_to_pbmc10k,totalvi,3,equal_width,14,0.9333333333333333,1.0,2282,0.9794912338256836,0.992988606485539,0.0134973726598554
pbmc5k_to_pbmc10k,totalvi,4,equal_frequency,0,0.15166188776493073,0.4406414290269216,398,0.3805350959300995,0.27889447236180903,-0.10164062356829046
pbmc5k_to_pbmc10k,totalvi,4,equal_frequency,1,0.4406414290269216,0.5158064047495524,398,0.47922810912132263,0.44974874371859297,-0.029479365402729663
pbmc5k_to_pbmc10k,totalvi,4,equal_frequency,2,0.5158064047495524,0.5778017282485962,397,0.5464654564857483,0.5717884130982368,0.025322956612488512
pbmc5k_to_pbmc10k,totalvi,4,equal_frequency,3,0.5778017282485962,0.6538641333580018,398,0.6157829165458679,0.6432160804020101,0.02743316385614214
pbmc5k_to_pbmc10k,totalvi,4,equal_frequency,4,0.6538641333580018,0.7283818523089091,397,0.6908978819847107,0.7279596977329975,0.03706181574828682
pbmc5k_to_pbmc10k,totalvi,4,equal_frequency,5,0.7283818523089091,0.8010064721107483,398,0.7644489407539368,0.7989949748743719,0.03454603412043511
pbmc5k_to_pbmc10k,totalvi,4,equal_frequency,6,0.8010064721107483,0.8525189320246379,397,0.8281109929084778,0.8765743073047859,0.04846331439630813
pbmc5k_to_pbmc10k,totalvi,4,equal_frequency,7,0.8525189320246379,0.8980270147323608,398,0.8768046498298645,0.9020100502512562,0.025205400421391744
pbmc5k_to_pbmc10k,totalvi,4,equal_frequency,8,0.8980270147323608,0.9345237970352173,397,0.9175207614898682,0.9496221662468514,0.0321014047569832
pbmc5k_to_pbmc10k,totalvi,4,equal_frequency,9,0.9345237970352173,0.9629373550415038,398,0.9498183727264404,0.9798994974874372,0.03008112476099678
pbmc5k_to_pbmc10k,totalvi,4,equal_frequency,10,0.9629373550415038,0.9797846754391988,397,0.9720988869667053,0.9798488664987406,0.007749979532035267
pbmc5k_to_pbmc10k,totalvi,4,equal_frequency,11,0.9797846754391988,0.9882270693778992,398,0.9842786192893982,0.9949748743718593,0.010696255082461081
pbmc5k_to_pbmc10k,totalvi,4,equal_frequency,12,0.9882270693778992,0.9933642188707987,397,0.9910440444946289,1.0,0.008955955505371094
pbmc5k_to_pbmc10k,totalvi,4,equal_frequency,13,0.9933642188707987,0.9968083143234253,398,0.9951844811439514,1.0,0.004815518856048584
pbmc5k_to_pbmc10k,totalvi,4,equal_frequency,14,0.9968083143234253,0.9999481439590454,398,0.9982656836509705,1.0,0.001734316349029541
pbmc5k_to_pbmc10k,totalvi,4,equal_width,2,0.13333333333333333,0.2,1,0.15166188776493073,0.0,-0.15166188776493073
pbmc5k_to_pbmc10k,totalvi,4,equal_width,3,0.2,0.26666666666666666,12,0.2495439648628235,0.25,0.00045603513717651367
pbmc5k_to_pbmc10k,totalvi,4,equal_width,4,0.26666666666666666,0.3333333333333333,47,0.3119165897369385,0.1702127659574468,-0.14170382377949167
pbmc5k_to_pbmc10k,totalvi,4,equal_width,5,0.3333333333333333,0.4,167,0.3704281151294708,0.2934131736526946,-0.07701494147677623
pbmc5k_to_pbmc10k,totalvi,4,equal_width,6,0.4,0.4666666666666667,304,0.434779554605484,0.3355263157894737,-0.09925323881601034
pbmc5k_to_pbmc10k,totalvi,4,equal_width,7,0.4666666666666667,0.5333333333333333,379,0.5016887784004211,0.5065963060686016,0.004907527668180478
pbmc5k_to_pbmc10k,totalvi,4,equal_width,8,0.5333333333333333,0.6,403,0.5654658675193787,0.6004962779156328,0.0350304103962541
pbmc5k_to_pbmc10k,totalvi,4,equal_width,9,0.6,0.6666666666666666,349,0.633984386920929,0.6446991404011462,0.01071475348021722
pbmc5k_to_pbmc10k,totalvi,4,equal_width,10,0.6666666666666666,0.7333333333333333,350,0.699740469455719,0.7371428571428571,0.037402387687138106
pbmc5k_to_pbmc10k,totalvi,4,equal_width,11,0.7333333333333333,0.8,367,0.7659779191017151,0.8038147138964578,0.03783679479474267
pbmc5k_to_pbmc10k,totalvi,4,equal_width,12,0.8,0.8666666666666667,509,0.8342418074607849,0.8762278978388998,0.04198609037811485
pbmc5k_to_pbmc10k,totalvi,4,equal_width,13,0.8666666666666667,0.9333333333333333,669,0.901867687702179,0.9312406576980568,0.029372969995877796
pbmc5k_to_pbmc10k,totalvi,4,equal_width,14,0.9333333333333333,1.0,2407,0.9813631772994995,0.9925218113834648,0.011158634083965335
