direction,model,model_seed,coverage,n_retained,accuracy,risk,macro_f1,balanced_accuracy
pbmc10k_to_pbmc5k,scvi_matched,0,1.0,3369,0.7907390917186109,0.2092609082813891,0.6510217830627849,0.6344938503113732
pbmc10k_to_pbmc5k,scvi_matched,0,0.9,3032,0.8311345646437994,0.16886543535620058,0.6609793028617393,0.6473627852592269
pbmc10k_to_pbmc5k,scvi_matched,0,0.8,2695,0.8634508348794063,0.13654916512059367,0.6678958801258781,0.6597672933611753
pbmc10k_to_pbmc5k,scvi_matched,0,0.7,2358,0.8982188295165394,0.10178117048346058,0.6966200930153618,0.6835792164393827
pbmc10k_to_pbmc5k,scvi_matched,0,0.6,2021,0.9287481444829292,0.0712518555170708,0.7041791982496254,0.6935474655978923
pbmc10k_to_pbmc5k,scvi_matched,0,0.5,1684,0.9560570071258907,0.0439429928741093,0.7045804027097328,0.7012635253674276
pbmc10k_to_pbmc5k,scvi_matched,1,1.0,3369,0.777975660433363,0.22202433956663703,0.6441927129587905,0.6593410721337531
pbmc10k_to_pbmc5k,scvi_matched,1,0.9,3032,0.8222295514511874,0.17777044854881263,0.6749338156514385,0.6808502946806604
pbmc10k_to_pbmc5k,scvi_matched,1,0.8,2695,0.8641929499072356,0.1358070500927644,0.7031847591378427,0.6976611829451714
pbmc10k_to_pbmc5k,scvi_matched,1,0.7,2358,0.8994910941475827,0.10050890585241734,0.6970176682107373,0.6996939300861013
pbmc10k_to_pbmc5k,scvi_matched,1,0.6,2021,0.9376546264225631,0.06234537357743686,0.7098957117144316,0.7179702607830253
pbmc10k_to_pbmc5k,scvi_matched,1,0.5,1684,0.9661520190023754,0.03384798099762465,0.7324001265705032,0.7449040003480821
pbmc10k_to_pbmc5k,scvi_matched,2,1.0,3369,0.8165627782724845,0.18343722172751553,0.6850659240505798,0.6843356843495505
pbmc10k_to_pbmc5k,scvi_matched,2,0.9,3032,0.8598284960422163,0.14017150395778366,0.71011205645617,0.7003741175562385
pbmc10k_to_pbmc5k,scvi_matched,2,0.8,2695,0.8938775510204081,0.10612244897959189,0.7273282174382057,0.7136959816611416
pbmc10k_to_pbmc5k,scvi_matched,2,0.7,2358,0.917726887192536,0.08227311280746397,0.7227465551749191,0.7090986795955151
pbmc10k_to_pbmc5k,scvi_matched,2,0.6,2021,0.9505195447798119,0.04948045522018807,0.7417849596071965,0.722126702981583
pbmc10k_to_pbmc5k,scvi_matched,2,0.5,1684,0.9726840855106889,0.027315914489311144,0.7505778826988572,0.7347641697533946
pbmc10k_to_pbmc5k,scvi_matched,3,1.0,3369,0.8026120510537251,0.19738794894627487,0.6651163604208098,0.6734256286201439
pbmc10k_to_pbmc5k,scvi_matched,3,0.9,3032,0.8469656992084432,0.15303430079155678,0.6882616326043897,0.6866292632073111
pbmc10k_to_pbmc5k,scvi_matched,3,0.8,2695,0.8846011131725418,0.11539888682745825,0.7097417565346095,0.6990705905367193
pbmc10k_to_pbmc5k,scvi_matched,3,0.7,2358,0.9202714164546225,0.07972858354537748,0.7330676303412491,0.7128754083864496
pbmc10k_to_pbmc5k,scvi_matched,3,0.6,2021,0.9539831766452251,0.04601682335477486,0.7662848358447092,0.7383244023065756
pbmc10k_to_pbmc5k,scvi_matched,3,0.5,1684,0.9815914489311164,0.018408551068883616,0.7821209060911981,0.7545628527100063
pbmc10k_to_pbmc5k,scvi_matched,4,1.0,3369,0.7960819234194123,0.2039180765805877,0.6577255382600048,0.6597368137327535
pbmc10k_to_pbmc5k,scvi_matched,4,0.9,3032,0.8357519788918206,0.16424802110817938,0.6785660872519297,0.6770643090117908
pbmc10k_to_pbmc5k,scvi_matched,4,0.8,2695,0.8716141001855288,0.12838589981447124,0.6969094070986263,0.6916848187308468
pbmc10k_to_pbmc5k,scvi_matched,4,0.7,2358,0.9113655640373197,0.08863443596268028,0.7260192766658791,0.7103625738202134
pbmc10k_to_pbmc5k,scvi_matched,4,0.6,2021,0.9450766947055913,0.0549233052944087,0.7051658253785903,0.6938545378741304
pbmc10k_to_pbmc5k,scvi_matched,4,0.5,1684,0.9744655581947743,0.025534441805225683,0.7660461756065807,0.7632714681732314
pbmc10k_to_pbmc5k,totalvi,0,1.0,3369,0.8165627782724845,0.18343722172751553,0.6357672182574826,0.6370303924874051
pbmc10k_to_pbmc5k,totalvi,0,0.9,3032,0.8637862796833773,0.1362137203166227,0.6463856015591026,0.6427658792322289
pbmc10k_to_pbmc5k,totalvi,0,0.8,2695,0.9050092764378479,0.0949907235621521,0.6597799262833886,0.6557615587110479
pbmc10k_to_pbmc5k,totalvi,0,0.7,2358,0.9317217981340119,0.0682782018659881,0.6484055944808187,0.6468233264301537
pbmc10k_to_pbmc5k,totalvi,0,0.6,2021,0.962889658584859,0.037110341415141024,0.6711984673047856,0.6606580183999745
pbmc10k_to_pbmc5k,totalvi,0,0.5,1684,0.9851543942992874,0.014845605700712583,0.7167471725689312,0.701277974768042
pbmc10k_to_pbmc5k,totalvi,1,1.0,3369,0.8159691303057287,0.1840308696942713,0.6553804895452042,0.6519941970438736
pbmc10k_to_pbmc5k,totalvi,1,0.9,3032,0.8594986807387863,0.14050131926121368,0.6705789659923206,0.6634315847425599
pbmc10k_to_pbmc5k,totalvi,1,0.8,2695,0.8923933209647495,0.10760667903525045,0.68756354175714,0.6725551758782417
pbmc10k_to_pbmc5k,totalvi,1,0.7,2358,0.9202714164546225,0.07972858354537748,0.6588156868053321,0.6550299619346963
pbmc10k_to_pbmc5k,totalvi,1,0.6,2021,0.9470559129143988,0.052944087085601166,0.6626037450167231,0.6673109079496468
pbmc10k_to_pbmc5k,totalvi,1,0.5,1684,0.9655581947743468,0.03444180522565321,0.7324640175659682,0.7345475720072011
pbmc10k_to_pbmc5k,totalvi,2,1.0,3369,0.8177500742059959,0.18224992579400412,0.6646659421957736,0.6583810287595262
pbmc10k_to_pbmc5k,totalvi,2,0.9,3032,0.854221635883905,0.14577836411609502,0.6659648812943916,0.6601427156767281
pbmc10k_to_pbmc5k,totalvi,2,0.8,2695,0.8927643784786642,0.10723562152133581,0.6805791937306227,0.6766983905012743
pbmc10k_to_pbmc5k,totalvi,2,0.7,2358,0.9232400339270568,0.07675996607294322,0.6851575164499714,0.6780476007762679
pbmc10k_to_pbmc5k,totalvi,2,0.6,2021,0.9470559129143988,0.052944087085601166,0.6908715763874194,0.6900520132979628
pbmc10k_to_pbmc5k,totalvi,2,0.5,1684,0.9738717339667459,0.026128266033254133,0.7119734147511582,0.6960959892220652
pbmc10k_to_pbmc5k,totalvi,3,1.0,3369,0.8150786583555951,0.18492134164440488,0.6402745954658015,0.6394102204152192
pbmc10k_to_pbmc5k,totalvi,3,0.9,3032,0.8568601583113457,0.14313984168865435,0.6580424026289827,0.6492541187173376
pbmc10k_to_pbmc5k,totalvi,3,0.8,2695,0.8916512059369203,0.10834879406307973,0.6602983864746887,0.653188358173917
pbmc10k_to_pbmc5k,totalvi,3,0.7,2358,0.9240882103477523,0.07591178965224765,0.6639380261645272,0.6604985019005594
pbmc10k_to_pbmc5k,totalvi,3,0.6,2021,0.9559623948540327,0.04403760514596733,0.6864619778455143,0.6807078750792251
pbmc10k_to_pbmc5k,totalvi,3,0.5,1684,0.9786223277909739,0.02137767220902609,0.7065401541754114,0.6972195512133461
pbmc10k_to_pbmc5k,totalvi,4,1.0,3369,0.8032056990204809,0.1967943009795191,0.6678916332453284,0.6557095596880953
pbmc10k_to_pbmc5k,totalvi,4,0.9,3032,0.8453166226912929,0.15468337730870707,0.6822193375820083,0.6654220981438947
pbmc10k_to_pbmc5k,totalvi,4,0.8,2695,0.8816326530612245,0.11836734693877549,0.6865200337747749,0.66740443012974
pbmc10k_to_pbmc5k,totalvi,4,0.7,2358,0.9168787107718406,0.08312128922815942,0.6794459154914541,0.6713021057210354
pbmc10k_to_pbmc5k,totalvi,4,0.6,2021,0.9470559129143988,0.052944087085601166,0.7318874954356248,0.7166323418720998
pbmc10k_to_pbmc5k,totalvi,4,0.5,1684,0.9714964370546318,0.028503562945368155,0.8133847978548137,0.7923236875265425
pbmc5k_to_pbmc10k,scvi_matched,0,1.0,5964,0.7811871227364185,0.21881287726358145,0.6402484093156036,0.6441514414553172
pbmc5k_to_pbmc10k,scvi_matched,0,0.9,5368,0.8312220566318927,0.16877794336810725,0.6570565809986239,0.6614303755674948
pbmc5k_to_pbmc10k,scvi_matched,0,0.8,4771,0.8734018025571159,0.12659819744288414,0.679880699670853,0.6799781574607144
pbmc5k_to_pbmc10k,scvi_matched,0,0.7,4175,0.9094610778443114,0.0905389221556886,0.697881427976897,0.6849240899514006
pbmc5k_to_pbmc10k,scvi_matched,0,0.6,3578,0.9441028507546115,0.05589714924538847,0.7372281840504615,0.7081496164388591
pbmc5k_to_pbmc10k,scvi_matched,0,0.5,2982,0.971495640509725,0.028504359490274966,0.7243273217329655,0.6919277036654532
pbmc5k_to_pbmc10k,scvi_matched,1,1.0,5964,0.75,0.25,0.5707669476871889,0.5753536772965012
pbmc5k_to_pbmc10k,scvi_matched,1,0.9,5368,0.7952682563338301,0.20473174366616986,0.5767830903436848,0.5764069597568012
pbmc5k_to_pbmc10k,scvi_matched,1,0.8,4771,0.8365122615803815,0.1634877384196185,0.5870978506155127,0.5813914827665885
pbmc5k_to_pbmc10k,scvi_matched,1,0.7,4175,0.8802395209580839,0.11976047904191611,0.5935517914649745,0.5804085871330104
pbmc5k_to_pbmc10k,scvi_matched,1,0.6,3578,0.922023476802683,0.07797652319731696,0.5906653891267053,0.5673438965878199
pbmc5k_to_pbmc10k,scvi_matched,1,0.5,2982,0.960429242119383,0.039570757880617036,0.592425899165594,0.5717373498162529
pbmc5k_to_pbmc10k,scvi_matched,2,1.0,5964,0.778504359490275,0.22149564050972503,0.6114909059169635,0.6220224837240542
pbmc5k_to_pbmc10k,scvi_matched,2,0.9,5368,0.8256333830104322,0.1743666169895678,0.6192421813882079,0.6269050795954942
pbmc5k_to_pbmc10k,scvi_matched,2,0.8,4771,0.8656466149654161,0.13435338503458394,0.6339174723395158,0.637568114173372
pbmc5k_to_pbmc10k,scvi_matched,2,0.7,4175,0.9097005988023952,0.09029940119760482,0.6521069715982423,0.6480907486940707
pbmc5k_to_pbmc10k,scvi_matched,2,0.6,3578,0.941587479038569,0.058412520961431014,0.6944578686223615,0.677824431996704
pbmc5k_to_pbmc10k,scvi_matched,2,0.5,2982,0.9671361502347418,0.032863849765258246,0.7002840647597877,0.6753447151895242
pbmc5k_to_pbmc10k,scvi_matched,3,1.0,5964,0.755365526492287,0.24463447350771295,0.5844995089746119,0.5894752996994054
pbmc5k_to_pbmc10k,scvi_matched,3,0.9,5368,0.8111028315946349,0.18889716840536508,0.5930277238821635,0.5912752031443284
pbmc5k_to_pbmc10k,scvi_matched,3,0.8,4771,0.8568434290505135,0.14315657094948653,0.6009545376803463,0.5940815094567173
pbmc5k_to_pbmc10k,scvi_matched,3,0.7,4175,0.8972455089820359,0.10275449101796408,0.6006192669667452,0.5892976603916629
pbmc5k_to_pbmc10k,scvi_matched,3,0.6,3578,0.9387926215762996,0.06120737842370039,0.6059369308728946,0.5896261970810179
pbmc5k_to_pbmc10k,scvi_matched,3,0.5,2982,0.9701542588866533,0.029845741113346702,0.6247318918846275,0.6009924129924689
pbmc5k_to_pbmc10k,scvi_matched,4,1.0,5964,0.7518443997317237,0.24815560026827632,0.6208253115953314,0.6224898553337893
pbmc5k_to_pbmc10k,scvi_matched,4,0.9,5368,0.7989940387481371,0.20100596125186287,0.6375810856678438,0.6379405737029034
pbmc5k_to_pbmc10k,scvi_matched,4,0.8,4771,0.8375602599035842,0.16243974009641582,0.6496507412057029,0.6423862086101777
pbmc5k_to_pbmc10k,scvi_matched,4,0.7,4175,0.8811976047904192,0.1188023952095808,0.6528042587488668,0.6447331949116576
pbmc5k_to_pbmc10k,scvi_matched,4,0.6,3578,0.9225824482951369,0.07741755170486309,0.6421714317682161,0.6308285942332617
pbmc5k_to_pbmc10k,scvi_matched,4,0.5,2982,0.9550637156270959,0.04493628437290409,0.6571679701575903,0.6304730984420137
pbmc5k_to_pbmc10k,totalvi,0,1.0,5964,0.7845405767940979,0.21545942320590206,0.6157476799755611,0.6269622332487363
pbmc5k_to_pbmc10k,totalvi,0,0.9,5368,0.8347615499254843,0.16523845007451565,0.6201863769928417,0.6330199478695302
pbmc5k_to_pbmc10k,totalvi,0,0.8,4771,0.8813665898134563,0.11863341018654372,0.6292896630808746,0.6387431022568212
pbmc5k_to_pbmc10k,totalvi,0,0.7,4175,0.9262275449101797,0.07377245508982033,0.6566553167598095,0.6570426392223409
pbmc5k_to_pbmc10k,totalvi,0,0.6,3578,0.9555617663499162,0.044438233650083814,0.6683116811574659,0.6548501636086852
pbmc5k_to_pbmc10k,totalvi,0,0.5,2982,0.971495640509725,0.028504359490274966,0.6738391320279375,0.6529256580132018
pbmc5k_to_pbmc10k,totalvi,1,1.0,5964,0.7251844399731724,0.2748155600268276,0.6101999641645781,0.6201258724326871
pbmc5k_to_pbmc10k,totalvi,1,0.9,5368,0.7604321907600596,0.23956780923994037,0.6144778963178525,0.6262614721445356
pbmc5k_to_pbmc10k,totalvi,1,0.8,4771,0.79689792496332,0.20310207503667999,0.6149085157926625,0.6297607276859375
pbmc5k_to_pbmc10k,totalvi,1,0.7,4175,0.8349700598802395,0.16502994011976047,0.5884434111474798,0.6097454448676628
pbmc5k_to_pbmc10k,totalvi,1,0.6,3578,0.8798211291224147,0.12017887087758528,0.5837089754047593,0.6016032344671656
pbmc5k_to_pbmc10k,totalvi,1,0.5,2982,0.9232059020791415,0.07679409792085845,0.6124704024461953,0.6297627408550888
pbmc5k_to_pbmc10k,totalvi,2,1.0,5964,0.795439302481556,0.20456069751844397,0.6869075207835412,0.7004381766930136
pbmc5k_to_pbmc10k,totalvi,2,0.9,5368,0.8407228017883756,0.15927719821162445,0.7049772423488909,0.7168323371516111
pbmc5k_to_pbmc10k,totalvi,2,0.8,4771,0.8775937958499267,0.1224062041500733,0.7033264519587279,0.7162001326456272
pbmc5k_to_pbmc10k,totalvi,2,0.7,4175,0.911377245508982,0.08862275449101797,0.7135684624070112,0.7244664157564304
pbmc5k_to_pbmc10k,totalvi,2,0.6,3578,0.9390721073225266,0.06092789267747345,0.7136739357734749,0.7228332623965572
pbmc5k_to_pbmc10k,totalvi,2,0.5,2982,0.9584171696847753,0.041582830315224695,0.7316070169995849,0.7343760103988163
pbmc5k_to_pbmc10k,totalvi,3,1.0,5964,0.8197518443997317,0.1802481556002683,0.6714806524889094,0.6820096191360213
pbmc5k_to_pbmc10k,totalvi,3,0.9,5368,0.8651266766020864,0.13487332339791358,0.686072153504521,0.6956505631163148
pbmc5k_to_pbmc10k,totalvi,3,0.8,4771,0.9058897505763991,0.09411024942360091,0.703573229792008,0.714532427737734
pbmc5k_to_pbmc10k,totalvi,3,0.7,4175,0.9396407185628742,0.06035928143712577,0.7151517091210476,0.7173079147523451
pbmc5k_to_pbmc10k,totalvi,3,0.6,3578,0.9664617104527669,0.03353828954723315,0.7379348525358667,0.7302801226769768
pbmc5k_to_pbmc10k,totalvi,3,0.5,2982,0.9839034205231388,0.01609657947686116,0.7112789168367017,0.719815098097826
pbmc5k_to_pbmc10k,totalvi,4,1.0,5964,0.8101945003353455,0.18980549966465454,0.6596235270807813,0.6550385837838318
pbmc5k_to_pbmc10k,totalvi,4,0.9,5368,0.8640089418777943,0.1359910581222057,0.6665492358243544,0.6664222043322736
pbmc5k_to_pbmc10k,totalvi,4,0.8,4771,0.9044225529239153,0.09557744707608473,0.676444412012347,0.6680378563188958
pbmc5k_to_pbmc10k,totalvi,4,0.7,4175,0.9386826347305389,0.06131736526946108,0.6822327102277702,0.6622413735433492
pbmc5k_to_pbmc10k,totalvi,4,0.6,3578,0.9647847959754052,0.03521520402459477,0.6919306830075824,0.6623461401357827
pbmc5k_to_pbmc10k,totalvi,4,0.5,2982,0.9815560026827632,0.018443997317236782,0.7899488976758531,0.7576682680863552
